Workbook

Sheet 副主任&工艺组长及其他
A1: 车间 | B1: 职务 | C1: 姓名 | D1: 员工编号 | E1: 入职日期 | F1: 实际奖金合计 | G1: 日常巡查扣款 | H1: 记录巡查扣款 | I1: 定点摄影最佳区域和最差区域评比 | J1: 奖惩 | K1: 出勤率 | L1: 调整后奖金 | M1: 调整后档位 | N1: 基础挡位 | O1: 计件批次 （参考） | P1: 设备体积利用率 | Q1: 备注
A2: 寡核苷酸厂房1D级区域 | B2: 副主任 | C2: 刘震 | D2: ALS1988 | E2: 42073 | F2: =(L2*K2+G2+H2+I2-J2) -> 600 | G2: =SUMIF(积分汇总!$B:$B,'副主任&工艺组长及其他'!C2,积分汇总!$E:$E) -> 0 | H2: =SUMIF(记录巡查问题条数汇总!$B:$B,'副主任&工艺组长及其他'!C2,记录巡查问题条数汇总!$E:$E) -> 0 | J2: =SUMIF(安全质量事故!$B:$B,'副主任&工艺组长及其他'!C2,安全质量事故!$G:$G) -> 0 | K2: 1 | L2: =HLOOKUP(M2,$A$143:$H$144,2) -> 600 | M2: A | N2: B | O2: 201.08 | P2: 0.539
A3: 寡核苷酸厂房1D级区域 | B3: 副主任 | C3: 王鑫 | D3: ALS8215 | E3: 44431 | F3: =(L3*K3+G3+H3+I3-J3) -> 600 | G3: =SUMIF(积分汇总!$B:$B,'副主任&工艺组长及其他'!C3,积分汇总!$E:$E) -> 0 | H3: =SUMIF(记录巡查问题条数汇总!$B:$B,'副主任&工艺组长及其他'!C3,记录巡查问题条数汇总!$E:$E) -> 0 | J3: =SUMIF(安全质量事故!$B:$B,'副主任&工艺组长及其他'!C3,安全质量事故!$G:$G) -> 0 | K3: 1 | L3: =HLOOKUP(M3,$A$143:$H$144,2) -> 600 | M3: A
A4: 寡核苷酸厂房1D级区域 | B4: 副主任 | C4: 胡强 | D4: ALS10148 | E4: 44755 | F4: =(L4*K4+G4+H4+I4-J4) -> 400 | G4: =SUMIF(积分汇总!$B:$B,'副主任&工艺组长及其他'!C4,积分汇总!$E:$E) -> 0 | H4: =SUMIF(记录巡查问题条数汇总!$B:$B,'副主任&工艺组长及其他'!C4,记录巡查问题条数汇总!$E:$E) -> 0 | J4: =SUMIF(安全质量事故!$B:$B,'副主任&工艺组长及其他'!C4,安全质量事故!$G:$G) -> 0 | K4: 1 | L4: =HLOOKUP(M4,$A$143:$H$144,2) -> 400 | M4: B
A5: 寡核苷酸厂房1D级区域 | B5: 工艺组长 | C5: 白春江 | D5: FX2679 | E5: 42933 | F5: =(L5*K5+G5+H5+I5-J5) -> 600 | G5: =SUMIF(积分汇总!$B:$B,'副主任&工艺组长及其他'!C5,积分汇总!$E:$E) -> 0 | H5: =SUMIF(记录巡查问题条数汇总!$B:$B,'副主任&工艺组长及其他'!C5,记录巡查问题条数汇总!$E:$E) -> 0 | J5: =SUMIF(安全质量事故!$B:$B,'副主任&工艺组长及其他'!C5,安全质量事故!$G:$G) -> 0 | K5: 1 | L5: =HLOOKUP(M5,$A$143:$H$144,2) -> 600 | M5: A
A6: 寡核苷酸厂房1D级区域 | B6: 工艺组长 | C6: 罗林 | D6: ADH5191 | E6: 44677 | F6: =(L6*K6+G6+H6+I6-J6) -> 600 | G6: =SUMIF(积分汇总!$B:$B,'副主任&工艺组长及其他'!C6,积分汇总!$E:$E) -> 0 | H6: =SUMIF(记录巡查问题条数汇总!$B:$B,'副主任&工艺组长及其他'!C6,记录巡查问题条数汇总!$E:$E) -> 0 | J6: =SUMIF(安全质量事故!$B:$B,'副主任&工艺组长及其他'!C6,安全质量事故!$G:$G) -> 0 | K6: 1 | L6: =HLOOKUP(M6,$A$143:$H$144,2) -> 600 | M6: A
A7: 寡核苷酸厂房1D级区域 | B7: 工艺组长 | C7: 韩智慧 | D7: ALS10146 | E7: 44755 | F7: =(L7*K7+G7+H7+I7-J7) -> 400 | G7: =SUMIF(积分汇总!$B:$B,'副主任&工艺组长及其他'!C7,积分汇总!$E:$E) -> 0 | H7: =SUMIF(记录巡查问题条数汇总!$B:$B,'副主任&工艺组长及其他'!C7,记录巡查问题条数汇总!$E:$E) -> 0 | J7: =SUMIF(安全质量事故!$B:$B,'副主任&工艺组长及其他'!C7,安全质量事故!$G:$G) -> 0 | K7: 1 | L7: =HLOOKUP(M7,$A$143:$H$144,2) -> 400 | M7: B
A8: 寡核苷酸厂房1D级区域 | B8: 工艺组长 | C8: 陈雍 | D8: BDH0641 | E8: 44732 | F8: =(L8*K8+G8+H8+I8-J8) -> 400 | G8: =SUMIF(积分汇总!$B:$B,'副主任&工艺组长及其他'!C8,积分汇总!$E:$E) -> 0 | H8: =SUMIF(记录巡查问题条数汇总!$B:$B,'副主任&工艺组长及其他'!C8,记录巡查问题条数汇总!$E:$E) -> 0 | J8: =SUMIF(安全质量事故!$B:$B,'副主任&工艺组长及其他'!C8,安全质量事故!$G:$G) -> 0 | K8: 1 | L8: =HLOOKUP(M8,$A$143:$H$144,2) -> 400 | M8: B
A9: 寡核苷酸厂房1D级区域 | B9: 工艺组长 | C9: 孙福林 | D9: ALS16047 | E9: 46057 | F9: =(L9*K9+G9+H9+I9-J9) -> 400 | G9: =SUMIF(积分汇总!$B:$B,'副主任&工艺组长及其他'!C9,积分汇总!$E:$E) -> 0 | H9: =SUMIF(记录巡查问题条数汇总!$B:$B,'副主任&工艺组长及其他'!C9,记录巡查问题条数汇总!$E:$E) -> 0 | J9: =SUMIF(安全质量事故!$B:$B,'副主任&工艺组长及其他'!C9,安全质量事故!$G:$G) -> 0 | K9: 1 | L9: =HLOOKUP(M9,$A$143:$H$144,2) -> 400 | M9: B
A10: 寡核苷酸厂房1D级区域 | B10: 工艺组长 | C10: 陈博文 | D10: ALS7875 | E10: 44389 | F10: =(L10*K10+G10+H10+I10-J10) -> 400 | G10: =SUMIF(积分汇总!$B:$B,'副主任&工艺组长及其他'!C10,积分汇总!$E:$E) -> 0 | H10: =SUMIF(记录巡查问题条数汇总!$B:$B,'副主任&工艺组长及其他'!C10,记录巡查问题条数汇总!$E:$E) -> 0 | J10: =SUMIF(安全质量事故!$B:$B,'副主任&工艺组长及其他'!C10,安全质量事故!$G:$G) -> 0 | K10: 1 | L10: =HLOOKUP(M10,$A$143:$H$144,2) -> 400 | M10: B
A11: 寡核苷酸厂房1CNC区域 | B11: 副主任 | C11: 王家伟 | D11: ACT2027 | E11: 44125 | F11: =(L11*K11+G11+H11+I11-J11) -> 600 | G11: =SUMIF(积分汇总!$B:$B,'副主任&工艺组长及其他'!C11,积分汇总!$E:$E) -> 0 | H11: =SUMIF(记录巡查问题条数汇总!$B:$B,'副主任&工艺组长及其他'!C11,记录巡查问题条数汇总!$E:$E) -> 0 | J11: =SUMIF(安全质量事故!$B:$B,'副主任&工艺组长及其他'!C11,安全质量事故!$G:$G) -> 0 | K11: 1 | L11: =HLOOKUP(M11,$A$143:$H$144,2) -> 600 | M11: A
A12: 寡核苷酸厂房1CNC区域 | B12: 副主任 | C12: 杨欢 | D12: ALS7213 | E12: 44272 | F12: =(L12*K12+G12+H12+I12-J12) -> 400 | G12: =SUMIF(积分汇总!$B:$B,'副主任&工艺组长及其他'!C12,积分汇总!$E:$E) -> 0 | H12: =SUMIF(记录巡查问题条数汇总!$B:$B,'副主任&工艺组长及其他'!C12,记录巡查问题条数汇总!$E:$E) -> 0 | J12: =SUMIF(安全质量事故!$B:$B,'副主任&工艺组长及其他'!C12,安全质量事故!$G:$G) -> 0 | K12: 1 | L12: =HLOOKUP(M12,$A$143:$H$144,2) -> 400 | M12: B
A13: 寡核苷酸厂房1CNC区域 | B13: 副主任 | C13: 李国强 | D13: ALS6830 | E13: 44139 | F13: =(L13*K13+G13+H13+I13-J13) -> 600 | G13: =SUMIF(积分汇总!$B:$B,'副主任&工艺组长及其他'!C13,积分汇总!$E:$E) -> 0 | H13: =SUMIF(记录巡查问题条数汇总!$B:$B,'副主任&工艺组长及其他'!C13,记录巡查问题条数汇总!$E:$E) -> 0 | J13: =SUMIF(安全质量事故!$B:$B,'副主任&工艺组长及其他'!C13,安全质量事故!$G:$G) -> 0 | K13: 1 | L13: =HLOOKUP(M13,$A$143:$H$144,2) -> 600 | M13: A
A14: 寡核苷酸厂房1CNC区域 | B14: 副主任 | C14: 张华 | D14: ALS18404 | E14: 46253 | F14: =(L14*K14+G14+H14+I14-J14) -> 77.419355 | G14: =SUMIF(积分汇总!$B:$B,'副主任&工艺组长及其他'!C14,积分汇总!$E:$E) -> 0 | H14: =SUMIF(记录巡查问题条数汇总!$B:$B,'副主任&工艺组长及其他'!C14,记录巡查问题条数汇总!$E:$E) -> 0 | J14: =SUMIF(安全质量事故!$B:$B,'副主任&工艺组长及其他'!C14,安全质量事故!$G:$G) -> 0 | K14: =12/31 -> 0.38709677 | L14: =HLOOKUP(M14,$A$143:$H$144,2) -> 200 | M14: C
A15: 寡核苷酸厂房1CNC区域 | B15: 工艺组长 | C15: 朱晔 | D15: ALS3598 | E15: 42926 | F15: =(L15*K15+G15+H15+I15-J15) -> 600 | G15: =SUMIF(积分汇总!$B:$B,'副主任&工艺组长及其他'!C15,积分汇总!$E:$E) -> 0 | H15: =SUMIF(记录巡查问题条数汇总!$B:$B,'副主任&工艺组长及其他'!C15,记录巡查问题条数汇总!$E:$E) -> 0 | J15: =SUMIF(安全质量事故!$B:$B,'副主任&工艺组长及其他'!C15,安全质量事故!$G:$G) -> 0 | K15: 1 | L15: =HLOOKUP(M15,$A$143:$H$144,2) -> 600 | M15: A
A16: 寡核苷酸厂房1CNC区域 | B16: 工艺组长 | C16: 郭纹建 | D16: FX2691 | E16: 42972 | F16: =(L16*K16+G16+H16+I16-J16) -> 400 | G16: =SUMIF(积分汇总!$B:$B,'副主任&工艺组长及其他'!C16,积分汇总!$E:$E) -> 0 | H16: =SUMIF(记录巡查问题条数汇总!$B:$B,'副主任&工艺组长及其他'!C16,记录巡查问题条数汇总!$E:$E) -> 0 | J16: =SUMIF(安全质量事故!$B:$B,'副主任&工艺组长及其他'!C16,安全质量事故!$G:$G) -> 0 | K16: 1 | L16: =HLOOKUP(M16,$A$143:$H$144,2) -> 400 | M16: B
A17: 寡核苷酸厂房1CNC区域 | B17: 工艺组长 | C17: 刘旺 | D17: ALS10155 | E17: 44755 | F17: =(L17*K17+G17+H17+I17-J17) -> 600 | G17: =SUMIF(积分汇总!$B:$B,'副主任&工艺组长及其他'!C17,积分汇总!$E:$E) -> 0 | H17: =SUMIF(记录巡查问题条数汇总!$B:$B,'副主任&工艺组长及其他'!C17,记录巡查问题条数汇总!$E:$E) -> 0 | J17: =SUMIF(安全质量事故!$B:$B,'副主任&工艺组长及其他'!C17,安全质量事故!$G:$G) -> 0 | K17: 1 | L17: =HLOOKUP(M17,$A$143:$H$144,2) -> 600 | M17: A
A18: 寡核苷酸厂房1CNC区域 | B18: 工艺组长 | C18: 晏和聪 | D18: ALS10332 | E18: 44734 | F18: =(L18*K18+G18+H18+I18-J18) -> 400 | G18: =SUMIF(积分汇总!$B:$B,'副主任&工艺组长及其他'!C18,积分汇总!$E:$E) -> 0 | H18: =SUMIF(记录巡查问题条数汇总!$B:$B,'副主任&工艺组长及其他'!C18,记录巡查问题条数汇总!$E:$E) -> 0 | J18: =SUMIF(安全质量事故!$B:$B,'副主任&工艺组长及其他'!C18,安全质量事故!$G:$G) -> 0 | K18: 1 | L18: =HLOOKUP(M18,$A$143:$H$144,2) -> 400 | M18: B
A19: 寡核苷酸厂房1CNC区域 | B19: 工艺组长 | C19: 李天宇 | D19: ALS10153 | E19: 44755 | F19: =(L19*K19+G19+H19+I19-J19) -> 600 | G19: =SUMIF(积分汇总!$B:$B,'副主任&工艺组长及其他'!C19,积分汇总!$E:$E) -> 0 | H19: =SUMIF(记录巡查问题条数汇总!$B:$B,'副主任&工艺组长及其他'!C19,记录巡查问题条数汇总!$E:$E) -> 0 | J19: =SUMIF(安全质量事故!$B:$B,'副主任&工艺组长及其他'!C19,安全质量事故!$G:$G) -> 0 | K19: 1 | L19: =HLOOKUP(M19,$A$143:$H$144,2) -> 600 | M19: A
A20: 寡核苷酸厂房1CNC区域 | B20: 工艺组长 | C20: 谢文忠 | D20: ALS8245 | E20: 44433 | F20: =(L20*K20+G20+H20+I20-J20) -> 400 | G20: =SUMIF(积分汇总!$B:$B,'副主任&工艺组长及其他'!C20,积分汇总!$E:$E) -> 0 | H20: =SUMIF(记录巡查问题条数汇总!$B:$B,'副主任&工艺组长及其他'!C20,记录巡查问题条数汇总!$E:$E) -> 0 | J20: =SUMIF(安全质量事故!$B:$B,'副主任&工艺组长及其他'!C20,安全质量事故!$G:$G) -> 0 | K20: 1 | L20: =HLOOKUP(M20,$A$143:$H$144,2) -> 400 | M20: B
A21: 寡核苷酸厂房1CNC区域 | B21: 工艺组长 | C21: 曹佳乐 | D21: ALS10142 | E21: 44755 | F21: =(L21*K21+G21+H21+I21-J21) -> 400 | G21: =SUMIF(积分汇总!$B:$B,'副主任&工艺组长及其他'!C21,积分汇总!$E:$E) -> 0 | H21: =SUMIF(记录巡查问题条数汇总!$B:$B,'副主任&工艺组长及其他'!C21,记录巡查问题条数汇总!$E:$E) -> 0 | J21: =SUMIF(安全质量事故!$B:$B,'副主任&工艺组长及其他'!C21,安全质量事故!$G:$G) -> 0 | K21: 1 | L21: =HLOOKUP(M21,$A$143:$H$144,2) -> 400 | M21: B
A22: 寡核苷酸厂房1CNC区域 | B22: 工艺组长 | C22: 刘运峰 | D22: ALS14684 | E22: 45889 | F22: =(L22*K22+G22+H22+I22-J22) -> 400 | G22: =SUMIF(积分汇总!$B:$B,'副主任&工艺组长及其他'!C22,积分汇总!$E:$E) -> 0 | H22: =SUMIF(记录巡查问题条数汇总!$B:$B,'副主任&工艺组长及其他'!C22,记录巡查问题条数汇总!$E:$E) -> 0 | J22: =SUMIF(安全质量事故!$B:$B,'副主任&工艺组长及其他'!C22,安全质量事故!$G:$G) -> 0 | K22: 1 | L22: =HLOOKUP(M22,$A$143:$H$144,2) -> 400 | M22: B
A23: 寡核苷酸厂房1CNC区域 | B23: 工艺组长 | C23: 谢红彬 | D23: ALS16022 | E23: 46050 | F23: =(L23*K23+G23+H23+I23-J23) -> 400 | G23: =SUMIF(积分汇总!$B:$B,'副主任&工艺组长及其他'!C23,积分汇总!$E:$E) -> 0 | H23: =SUMIF(记录巡查问题条数汇总!$B:$B,'副主任&工艺组长及其他'!C23,记录巡查问题条数汇总!$E:$E) -> 0 | J23: =SUMIF(安全质量事故!$B:$B,'副主任&工艺组长及其他'!C23,安全质量事故!$G:$G) -> 0 | K23: 1 | L23: =HLOOKUP(M23,$A$143:$H$144,2) -> 400 | M23: B
A24: 多肽厂房1CNC区域 | B24: 副主任 | C24: 安林波 | D24: ACT844 | E24: 38803 | F24: =(L24*K24+G24+H24+I24-J24) -> 400 | G24: =SUMIF(积分汇总!$B:$B,'副主任&工艺组长及其他'!C24,积分汇总!$E:$E) -> 0 | H24: =SUMIF(记录巡查问题条数汇总!$B:$B,'副主任&工艺组长及其他'!C24,记录巡查问题条数汇总!$E:$E) -> 0 | J24: =SUMIF(安全质量事故!$B:$B,'副主任&工艺组长及其他'!C24,安全质量事故!$G:$G) -> 0 | K24: 1 | L24: =HLOOKUP(M24,$A$143:$H$144,2) -> 400 | M24: B | N24: B | O24: 95.26 | P24: 0.523
A25: 多肽厂房1CNC区域 | B25: 副主任 | C25: 王仁君 | D25: ALS17929 | E25: 46213 | F25: =(L25*K25+G25+H25+I25-J25) -> 200 | G25: =SUMIF(积分汇总!$B:$B,'副主任&工艺组长及其他'!C25,积分汇总!$E:$E) -> 0 | H25: =SUMIF(记录巡查问题条数汇总!$B:$B,'副主任&工艺组长及其他'!C25,记录巡查问题条数汇总!$E:$E) -> 0 | J25: =SUMIF(安全质量事故!$B:$B,'副主任&工艺组长及其他'!C25,安全质量事故!$G:$G) -> 0 | K25: 1 | L25: =HLOOKUP(M25,$A$143:$H$144,2) -> 200 | M25: C
A26: 多肽厂房1CNC区域 | B26: 工艺组长 | C26: 付闯闯 | D26: ALS11094 | E26: 44774 | F26: =(L26*K26+G26+H26+I26-J26) -> 400 | G26: =SUMIF(积分汇总!$B:$B,'副主任&工艺组长及其他'!C26,积分汇总!$E:$E) -> 0 | H26: =SUMIF(记录巡查问题条数汇总!$B:$B,'副主任&工艺组长及其他'!C26,记录巡查问题条数汇总!$E:$E) -> 0 | J26: =SUMIF(安全质量事故!$B:$B,'副主任&工艺组长及其他'!C26,安全质量事故!$G:$G) -> 0 | K26: 1 | L26: =HLOOKUP(M26,$A$143:$H$144,2) -> 400 | M26: B
A27: 多肽厂房1CNC区域 | B27: 工艺组长 | C27: 侯长恺 | D27: ALS18335 | E27: 46246 | F27: =(L27*K27+G27+H27+I27-J27) -> 122.58065 | G27: =SUMIF(积分汇总!$B:$B,'副主任&工艺组长及其他'!C27,积分汇总!$E:$E) -> 0 | H27: =SUMIF(记录巡查问题条数汇总!$B:$B,'副主任&工艺组长及其他'!C27,记录巡查问题条数汇总!$E:$E) -> 0 | J27: =SUMIF(安全质量事故!$B:$B,'副主任&工艺组长及其他'!C27,安全质量事故!$G:$G) -> 0 | K27: =19/31 -> 0.61290323 | L27: =HLOOKUP(M27,$A$143:$H$144,2) -> 200 | M27: C
A28: 多肽厂房1CNC区域 | B28: 工艺组长 | C28: 李程 | D28: ALS18264 | E28: 46239 | F28: =(L28*K28+G28+H28+I28-J28) -> 167.74194 | G28: =SUMIF(积分汇总!$B:$B,'副主任&工艺组长及其他'!C28,积分汇总!$E:$E) -> 0 | H28: =SUMIF(记录巡查问题条数汇总!$B:$B,'副主任&工艺组长及其他'!C28,记录巡查问题条数汇总!$E:$E) -> 0 | J28: =SUMIF(安全质量事故!$B:$B,'副主任&工艺组长及其他'!C28,安全质量事故!$G:$G) -> 0 | K28: =26/31 -> 0.83870968 | L28: =HLOOKUP(M28,$A$143:$H$144,2) -> 200 | M28: C
A29: 多肽厂房1CNC区域 | B29: 工程师 | C29: 李祥杰 | D29: ALS17331 | E29: 46215 | F29: =(L29*K29+G29+H29+I29-J29) -> 200 | G29: =SUMIF(积分汇总!$B:$B,'副主任&工艺组长及其他'!C29,积分汇总!$E:$E) -> 0 | H29: =SUMIF(记录巡查问题条数汇总!$B:$B,'副主任&工艺组长及其他'!C29,记录巡查问题条数汇总!$E:$E) -> 0 | J29: =SUMIF(安全质量事故!$B:$B,'副主任&工艺组长及其他'!C29,安全质量事故!$G:$G) -> 0 | K29: 1 | L29: =HLOOKUP(M29,$A$143:$H$144,2) -> 200 | M29: C
A30: 多肽厂房1CNC区域 | B30: 助理工程师 | C30: 杨泉斌 | D30: ALS14338 | E30: 45847 | F30: =(L30*K30+G30+H30+I30-J30) -> 400 | G30: =SUMIF(积分汇总!$B:$B,'副主任&工艺组长及其他'!C30,积分汇总!$E:$E) -> 0 | H30: =SUMIF(记录巡查问题条数汇总!$B:$B,'副主任&工艺组长及其他'!C30,记录巡查问题条数汇总!$E:$E) -> 0 | J30: =SUMIF(安全质量事故!$B:$B,'副主任&工艺组长及其他'!C30,安全质量事故!$G:$G) -> 0 | K30: 1 | L30: =HLOOKUP(M30,$A$143:$H$144,2) -> 400 | M30: B
A31: 多肽厂房1D级区域 | B31: 副主任 | C31: 柯圣涛 | D31: ALS15385 | E31: 45980 | F31: =(L31*K31+G31+H31+I31-J31) -> 400 | G31: =SUMIF(积分汇总!$B:$B,'副主任&工艺组长及其他'!C31,积分汇总!$E:$E) -> 0 | H31: =SUMIF(记录巡查问题条数汇总!$B:$B,'副主任&工艺组长及其他'!C31,记录巡查问题条数汇总!$E:$E) -> 0 | J31: =SUMIF(安全质量事故!$B:$B,'副主任&工艺组长及其他'!C31,安全质量事故!$G:$G) -> 0 | K31: 1 | L31: =HLOOKUP(M31,$A$143:$H$144,2) -> 400 | M31: B
A32: 多肽厂房1D级区域 | B32: 副主任 | C32: 林志广 | D32: ALS15602 | E32: 46001 | F32: =(L32*K32+G32+H32+I32-J32) -> 400 | G32: =SUMIF(积分汇总!$B:$B,'副主任&工艺组长及其他'!C32,积分汇总!$E:$E) -> 0 | H32: =SUMIF(记录巡查问题条数汇总!$B:$B,'副主任&工艺组长及其他'!C32,记录巡查问题条数汇总!$E:$E) -> 0 | J32: =SUMIF(安全质量事故!$B:$B,'副主任&工艺组长及其他'!C32,安全质量事故!$G:$G) -> 0 | K32: 1 | L32: =HLOOKUP(M32,$A$143:$H$144,2) -> 400 | M32: B
A33: 多肽厂房1D级区域 | B33: 副主任 | C33: 崔涛 | D33: ALS16861 | E33: 46162 | F33: =(L33*K33+G33+H33+I33-J33) -> 400 | G33: =SUMIF(积分汇总!$B:$B,'副主任&工艺组长及其他'!C33,积分汇总!$E:$E) -> 0 | H33: =SUMIF(记录巡查问题条数汇总!$B:$B,'副主任&工艺组长及其他'!C33,记录巡查问题条数汇总!$E:$E) -> 0 | J33: =SUMIF(安全质量事故!$B:$B,'副主任&工艺组长及其他'!C33,安全质量事故!$G:$G) -> 0 | K33: 1 | L33: =HLOOKUP(M33,$A$143:$H$144,2) -> 400 | M33: B
A34: 多肽厂房1D级区域 | B34: 副主任 | C34: 程帅 | D34: ALS17522 | E34: 46204 | F34: =(L34*K34+G34+H34+I34-J34) -> 200 | G34: =SUMIF(积分汇总!$B:$B,'副主任&工艺组长及其他'!C34,积分汇总!$E:$E) -> 0 | H34: =SUMIF(记录巡查问题条数汇总!$B:$B,'副主任&工艺组长及其他'!C34,记录巡查问题条数汇总!$E:$E) -> 0 | J34: =SUMIF(安全质量事故!$B:$B,'副主任&工艺组长及其他'!C34,安全质量事故!$G:$G) -> 0 | K34: 1 | L34: =HLOOKUP(M34,$A$143:$H$144,2) -> 200 | M34: C
A35: 多肽厂房1D级区域 | B35: 副主任 | C35: 高峰 | D35: ALS18194 | E35: 46232 | F35: =(L35*K35+G35+H35+I35-J35) -> 200 | G35: =SUMIF(积分汇总!$B:$B,'副主任&工艺组长及其他'!C35,积分汇总!$E:$E) -> 0 | H35: =SUMIF(记录巡查问题条数汇总!$B:$B,'副主任&工艺组长及其他'!C35,记录巡查问题条数汇总!$E:$E) -> 0 | J35: =SUMIF(安全质量事故!$B:$B,'副主任&工艺组长及其他'!C35,安全质量事故!$G:$G) -> 0 | K35: 1 | L35: =HLOOKUP(M35,$A$143:$H$144,2) -> 200 | M35: C
A36: 多肽厂房1D级区域 | B36: 工艺组长 | C36: 王兴 | D36: ALS17895 | E36: 46213 | F36: =(L36*K36+G36+H36+I36-J36) -> 200 | G36: =SUMIF(积分汇总!$B:$B,'副主任&工艺组长及其他'!C36,积分汇总!$E:$E) -> 0 | H36: =SUMIF(记录巡查问题条数汇总!$B:$B,'副主任&工艺组长及其他'!C36,记录巡查问题条数汇总!$E:$E) -> 0 | J36: =SUMIF(安全质量事故!$B:$B,'副主任&工艺组长及其他'!C36,安全质量事故!$G:$G) -> 0 | K36: 1 | L36: =HLOOKUP(M36,$A$143:$H$144,2) -> 200 | M36: C
A37: 多肽厂房1D级区域 | B37: 工艺组长 | C37: 张睿尧 | D37: ALS12615 | E37: 45194 | F37: =(L37*K37+G37+H37+I37-J37) -> 400 | G37: =SUMIF(积分汇总!$B:$B,'副主任&工艺组长及其他'!C37,积分汇总!$E:$E) -> 0 | H37: =SUMIF(记录巡查问题条数汇总!$B:$B,'副主任&工艺组长及其他'!C37,记录巡查问题条数汇总!$E:$E) -> 0 | J37: =SUMIF(安全质量事故!$B:$B,'副主任&工艺组长及其他'!C37,安全质量事故!$G:$G) -> 0 | K37: 1 | L37: =HLOOKUP(M37,$A$143:$H$144,2) -> 400 | M37: B
A38: 多肽厂房1D级区域 | B38: 工程师 | C38: 刘贵祥 | D38: ALS15494 | E38: 45992 | F38: =(L38*K38+G38+H38+I38-J38) -> 400 | G38: =SUMIF(积分汇总!$B:$B,'副主任&工艺组长及其他'!C38,积分汇总!$E:$E) -> 0 | H38: =SUMIF(记录巡查问题条数汇总!$B:$B,'副主任&工艺组长及其他'!C38,记录巡查问题条数汇总!$E:$E) -> 0 | J38: =SUMIF(安全质量事故!$B:$B,'副主任&工艺组长及其他'!C38,安全质量事故!$G:$G) -> 0 | K38: 1 | L38: =HLOOKUP(M38,$A$143:$H$144,2) -> 400 | M38: B
A39: 多肽厂房1D级区域 | B39: 助理工程师 | C39: 郭佳祥 | D39: ALS13034 | E39: 45469 | F39: =(L39*K39+G39+H39+I39-J39) -> 400 | G39: =SUMIF(积分汇总!$B:$B,'副主任&工艺组长及其他'!C39,积分汇总!$E:$E) -> 0 | H39: =SUMIF(记录巡查问题条数汇总!$B:$B,'副主任&工艺组长及其他'!C39,记录巡查问题条数汇总!$E:$E) -> 0 | J39: =SUMIF(安全质量事故!$B:$B,'副主任&工艺组长及其他'!C39,安全质量事故!$G:$G) -> 0 | K39: 1 | L39: =HLOOKUP(M39,$A$143:$H$144,2) -> 400 | M39: B | Q39: 2025/10/27调实验室学习制备
A40: 多肽厂房1D级区域 | B40: 助理工程师 | C40: 郭硕 | D40: ALS16547 | E40: 46134 | F40: =(L40*K40+G40+H40+I40-J40) -> 400 | G40: =SUMIF(积分汇总!$B:$B,'副主任&工艺组长及其他'!C40,积分汇总!$E:$E) -> 0 | H40: =SUMIF(记录巡查问题条数汇总!$B:$B,'副主任&工艺组长及其他'!C40,记录巡查问题条数汇总!$E:$E) -> 0 | J40: =SUMIF(安全质量事故!$B:$B,'副主任&工艺组长及其他'!C40,安全质量事故!$G:$G) -> 0 | K40: 1 | L40: =HLOOKUP(M40,$A$143:$H$144,2) -> 400 | M40: B | Q40: 师傅 杨欢；2026/05/06调实验室学习制备
A41: 多肽厂房1D级区域 | B41: 助理工程师 | C41: 屈文强 | D41: ALS16552 | E41: 46134 | F41: =(L41*K41+G41+H41+I41-J41) -> 400 | G41: =SUMIF(积分汇总!$B:$B,'副主任&工艺组长及其他'!C41,积分汇总!$E:$E) -> 0 | H41: =SUMIF(记录巡查问题条数汇总!$B:$B,'副主任&工艺组长及其他'!C41,记录巡查问题条数汇总!$E:$E) -> 0 | J41: =SUMIF(安全质量事故!$B:$B,'副主任&工艺组长及其他'!C41,安全质量事故!$G:$G) -> 0 | K41: 1 | L41: =HLOOKUP(M41,$A$143:$H$144,2) -> 400 | M41: B | Q41: 师傅 吴秉泽；2026/05/06调实验室学习制备
A42: 多肽厂房1项目组（5104） | B42: 工艺组长 | C42: 黄蕴昭 | D42: ALS18268 | E42: 46239 | F42: =(L42*K42+G42+H42+I42-J42) -> 167.74194 | G42: =SUMIF(积分汇总!$B:$B,'副主任&工艺组长及其他'!C42,积分汇总!$E:$E) -> 0 | H42: =SUMIF(记录巡查问题条数汇总!$B:$B,'副主任&工艺组长及其他'!C42,记录巡查问题条数汇总!$E:$E) -> 0 | J42: =SUMIF(安全质量事故!$B:$B,'副主任&工艺组长及其他'!C42,安全质量事故!$G:$G) -> 0 | K42: =26/31 -> 0.83870968 | L42: =HLOOKUP(M42,$A$143:$H$144,2) -> 200 | M42: C
A43: 多肽厂房1项目组（5104） | B43: 工艺组长 | C43: 王小乾 | D43: ALS14885 | E43: 45922 | F43: =(L43*K43+G43+H43+I43-J43) -> 400 | G43: =SUMIF(积分汇总!$B:$B,'副主任&工艺组长及其他'!C43,积分汇总!$E:$E) -> 0 | H43: =SUMIF(记录巡查问题条数汇总!$B:$B,'副主任&工艺组长及其他'!C43,记录巡查问题条数汇总!$E:$E) -> 0 | J43: =SUMIF(安全质量事故!$B:$B,'副主任&工艺组长及其他'!C43,安全质量事故!$G:$G) -> 0 | K43: 1 | L43: =HLOOKUP(M43,$A$143:$H$144,2) -> 400 | M43: B
A44: 多肽厂房1项目组（5104） | B44: 工艺组长 | C44: 丁智 | D44: ALS6119 | E44: 43963 | F44: =(L44*K44+G44+H44+I44-J44) -> 400 | G44: =SUMIF(积分汇总!$B:$B,'副主任&工艺组长及其他'!C44,积分汇总!$E:$E) -> 0 | H44: =SUMIF(记录巡查问题条数汇总!$B:$B,'副主任&工艺组长及其他'!C44,记录巡查问题条数汇总!$E:$E) -> 0 | J44: =SUMIF(安全质量事故!$B:$B,'副主任&工艺组长及其他'!C44,安全质量事故!$G:$G) -> 0 | K44: 1 | L44: =HLOOKUP(M44,$A$143:$H$144,2) -> 400 | M44: B
A45: 多肽厂房1项目组（5104） | B45: 工程师 | C45: 吴跃跃 | D45: ALS17340 | E45: 46208 | F45: =(L45*K45+G45+H45+I45-J45) -> 200 | G45: =SUMIF(积分汇总!$B:$B,'副主任&工艺组长及其他'!C45,积分汇总!$E:$E) -> 0 | H45: =SUMIF(记录巡查问题条数汇总!$B:$B,'副主任&工艺组长及其他'!C45,记录巡查问题条数汇总!$E:$E) -> 0 | J45: =SUMIF(安全质量事故!$B:$B,'副主任&工艺组长及其他'!C45,安全质量事故!$G:$G) -> 0 | K45: 1 | L45: =HLOOKUP(M45,$A$143:$H$144,2) -> 200 | M45: C
A46: 多肽厂房1项目组（5104） | B46: 助工 | C46: 张浩腾 | D46: ALS12765 | E46: 45238 | F46: =(L46*K46+G46+H46+I46-J46) -> 400 | G46: =SUMIF(积分汇总!$B:$B,'副主任&工艺组长及其他'!C46,积分汇总!$E:$E) -> 0 | H46: =SUMIF(记录巡查问题条数汇总!$B:$B,'副主任&工艺组长及其他'!C46,记录巡查问题条数汇总!$E:$E) -> 0 | J46: =SUMIF(安全质量事故!$B:$B,'副主任&工艺组长及其他'!C46,安全质量事故!$G:$G) -> 0 | K46: 1 | L46: =HLOOKUP(M46,$A$143:$H$144,2) -> 400 | M46: B
A47: 多肽厂房1项目组（5104） | B47: 助工 | C47: 高瑞 | D47: ALS17362 | E47: 46208 | F47: =(L47*K47+G47+H47+I47-J47) -> 400 | G47: =SUMIF(积分汇总!$B:$B,'副主任&工艺组长及其他'!C47,积分汇总!$E:$E) -> 0 | H47: =SUMIF(记录巡查问题条数汇总!$B:$B,'副主任&工艺组长及其他'!C47,记录巡查问题条数汇总!$E:$E) -> 0 | J47: =SUMIF(安全质量事故!$B:$B,'副主任&工艺组长及其他'!C47,安全质量事故!$G:$G) -> 0 | K47: 1 | L47: =HLOOKUP(M47,$A$143:$H$144,2) -> 400 | M47: B
A48: 多肽厂房1项目组（5104） | B48: 助工 | C48: 边凤鹏 | D48: ALS13028 | E48: 45469 | F48: =(L48*K48+G48+H48+I48-J48) -> 400 | G48: =SUMIF(积分汇总!$B:$B,'副主任&工艺组长及其他'!C48,积分汇总!$E:$E) -> 0 | H48: =SUMIF(记录巡查问题条数汇总!$B:$B,'副主任&工艺组长及其他'!C48,记录巡查问题条数汇总!$E:$E) -> 0 | J48: =SUMIF(安全质量事故!$B:$B,'副主任&工艺组长及其他'!C48,安全质量事故!$G:$G) -> 0 | K48: 1 | L48: =HLOOKUP(M48,$A$143:$H$144,2) -> 400 | M48: B
A49: 多肽厂房1项目组（5104） | B49: 助工 | C49: 宋武 | D49: ALS13544 | E49: 45586 | F49: =(L49*K49+G49+H49+I49-J49) -> 400 | G49: =SUMIF(积分汇总!$B:$B,'副主任&工艺组长及其他'!C49,积分汇总!$E:$E) -> 0 | H49: =SUMIF(记录巡查问题条数汇总!$B:$B,'副主任&工艺组长及其他'!C49,记录巡查问题条数汇总!$E:$E) -> 0 | J49: =SUMIF(安全质量事故!$B:$B,'副主任&工艺组长及其他'!C49,安全质量事故!$G:$G) -> 0 | K49: 1 | L49: =HLOOKUP(M49,$A$143:$H$144,2) -> 400 | M49: B
A50: 多肽厂房1项目组（5104） | B50: 助工 | C50: 刘鸿瑞 | D50: ALS8031 | E50: 44396 | F50: =(L50*K50+G50+H50+I50-J50) -> 400 | G50: =SUMIF(积分汇总!$B:$B,'副主任&工艺组长及其他'!C50,积分汇总!$E:$E) -> 0 | H50: =SUMIF(记录巡查问题条数汇总!$B:$B,'副主任&工艺组长及其他'!C50,记录巡查问题条数汇总!$E:$E) -> 0 | J50: =SUMIF(安全质量事故!$B:$B,'副主任&工艺组长及其他'!C50,安全质量事故!$G:$G) -> 0 | K50: 1 | L50: =HLOOKUP(M50,$A$143:$H$144,2) -> 400 | M50: B
A51: HP厂房1 | B51: 副主任 | C51: 雷晓琦 | D51: AMM0574 | E51: 43985 | F51: =(L51*K51+G51+H51+I51-J51) -> 400 | G51: =SUMIF(积分汇总!$B:$B,'副主任&工艺组长及其他'!C51,积分汇总!$E:$E) -> 0 | H51: =SUMIF(记录巡查问题条数汇总!$B:$B,'副主任&工艺组长及其他'!C51,记录巡查问题条数汇总!$E:$E) -> 0 | J51: =SUMIF(安全质量事故!$B:$B,'副主任&工艺组长及其他'!C51,安全质量事故!$G:$G) -> 0 | K51: 1 | L51: =HLOOKUP(M51,$A$143:$H$144,2) -> 400 | M51: B | N51: B | O51: 16.08 | P51: 0.581
A52: HP厂房1 | B52: 副主任 | C52: 陈万义 | D52: ALS15392 | E52: 45980 | F52: =(L52*K52+G52+H52+I52-J52) -> 400 | G52: =SUMIF(积分汇总!$B:$B,'副主任&工艺组长及其他'!C52,积分汇总!$E:$E) -> 0 | H52: =SUMIF(记录巡查问题条数汇总!$B:$B,'副主任&工艺组长及其他'!C52,记录巡查问题条数汇总!$E:$E) -> 0 | J52: =SUMIF(安全质量事故!$B:$B,'副主任&工艺组长及其他'!C52,安全质量事故!$G:$G) -> 0 | K52: 1 | L52: =HLOOKUP(M52,$A$143:$H$144,2) -> 400 | M52: B
A53: HP厂房1 | B53: 工艺组长 | C53: 宰德振 | D53: ALS18269 | E53: 46239 | F53: =(L53*K53+G53+H53+I53-J53) -> 167.74194 | G53: =SUMIF(积分汇总!$B:$B,'副主任&工艺组长及其他'!C53,积分汇总!$E:$E) -> 0 | H53: =SUMIF(记录巡查问题条数汇总!$B:$B,'副主任&工艺组长及其他'!C53,记录巡查问题条数汇总!$E:$E) -> 0 | J53: =SUMIF(安全质量事故!$B:$B,'副主任&工艺组长及其他'!C53,安全质量事故!$G:$G) -> 0 | K53: =26/31 -> 0.83870968 | L53: =HLOOKUP(M53,$A$143:$H$144,2) -> 200 | M53: C
A54: 多肽厂房2CNC区域 | B54: 副主任 | C54: 王国志 | D54: ALS14214 | E54: 45840 | F54: =(L54*K54+G54+H54+I54-J54) -> 400 | G54: =SUMIF(积分汇总!$B:$B,'副主任&工艺组长及其他'!C54,积分汇总!$E:$E) -> 0 | H54: =SUMIF(记录巡查问题条数汇总!$B:$B,'副主任&工艺组长及其他'!C54,记录巡查问题条数汇总!$E:$E) -> 0 | J54: =SUMIF(安全质量事故!$B:$B,'副主任&工艺组长及其他'!C54,安全质量事故!$G:$G) -> 0 | K54: 1 | L54: =HLOOKUP(M54,$A$143:$H$144,2) -> 400 | M54: B | N54: B | O54: 55.3 | P54: 0.663
A55: 多肽厂房2CNC区域 | B55: 副主任 | C55: 陈宁 | D55: ALS14568 | E55: 45875 | F55: =(L55*K55+G55+H55+I55-J55) -> 400 | G55: =SUMIF(积分汇总!$B:$B,'副主任&工艺组长及其他'!C55,积分汇总!$E:$E) -> 0 | H55: =SUMIF(记录巡查问题条数汇总!$B:$B,'副主任&工艺组长及其他'!C55,记录巡查问题条数汇总!$E:$E) -> 0 | J55: =SUMIF(安全质量事故!$B:$B,'副主任&工艺组长及其他'!C55,安全质量事故!$G:$G) -> 0 | K55: 1 | L55: =HLOOKUP(M55,$A$143:$H$144,2) -> 400 | M55: B
A56: 多肽厂房2D级区域 | B56: 副主任 | C56: 宋鹏 | D56: ALS14774 | E56: 45903 | F56: =(L56*K56+G56+H56+I56-J56) -> 400 | G56: =SUMIF(积分汇总!$B:$B,'副主任&工艺组长及其他'!C56,积分汇总!$E:$E) -> 0 | H56: =SUMIF(记录巡查问题条数汇总!$B:$B,'副主任&工艺组长及其他'!C56,记录巡查问题条数汇总!$E:$E) -> 0 | J56: =SUMIF(安全质量事故!$B:$B,'副主任&工艺组长及其他'!C56,安全质量事故!$G:$G) -> 0 | K56: 1 | L56: =HLOOKUP(M56,$A$143:$H$144,2) -> 400 | M56: B
A57: 多肽厂房2CNC区域 | B57: 副主任 | C57: 杜新飞 | D57: ALS15022 | E57: 45945 | F57: =(L57*K57+G57+H57+I57-J57) -> 400 | G57: =SUMIF(积分汇总!$B:$B,'副主任&工艺组长及其他'!C57,积分汇总!$E:$E) -> 0 | H57: =SUMIF(记录巡查问题条数汇总!$B:$B,'副主任&工艺组长及其他'!C57,记录巡查问题条数汇总!$E:$E) -> 0 | J57: =SUMIF(安全质量事故!$B:$B,'副主任&工艺组长及其他'!C57,安全质量事故!$G:$G) -> 0 | K57: 1 | L57: =HLOOKUP(M57,$A$143:$H$144,2) -> 400 | M57: B
A58: 多肽厂房2CNC区域 | B58: 副主任 | C58: 庞同庆 | D58: ALS15021 | E58: 45945 | F58: =(L58*K58+G58+H58+I58-J58) -> 400 | G58: =SUMIF(积分汇总!$B:$B,'副主任&工艺组长及其他'!C58,积分汇总!$E:$E) -> 0 | H58: =SUMIF(记录巡查问题条数汇总!$B:$B,'副主任&工艺组长及其他'!C58,记录巡查问题条数汇总!$E:$E) -> 0 | J58: =SUMIF(安全质量事故!$B:$B,'副主任&工艺组长及其他'!C58,安全质量事故!$G:$G) -> 0 | K58: 1 | L58: =HLOOKUP(M58,$A$143:$H$144,2) -> 400 | M58: B
A59: 多肽厂房2D级区域 | B59: 副主任 | C59: 王新龙 | D59: ALS15044 | E59: 45950 | F59: =(L59*K59+G59+H59+I59-J59) -> 400 | G59: =SUMIF(积分汇总!$B:$B,'副主任&工艺组长及其他'!C59,积分汇总!$E:$E) -> 0 | H59: =SUMIF(记录巡查问题条数汇总!$B:$B,'副主任&工艺组长及其他'!C59,记录巡查问题条数汇总!$E:$E) -> 0 | J59: =SUMIF(安全质量事故!$B:$B,'副主任&工艺组长及其他'!C59,安全质量事故!$G:$G) -> 0 | K59: 1 | L59: =HLOOKUP(M59,$A$143:$H$144,2) -> 400 | M59: B
A60: 多肽厂房2CNC区域 | B60: 副主任 | C60: 薛运达 | D60: ALS15096 | E60: 45957 | F60: =(L60*K60+G60+H60+I60-J60) -> 400 | G60: =SUMIF(积分汇总!$B:$B,'副主任&工艺组长及其他'!C60,积分汇总!$E:$E) -> 0 | H60: =SUMIF(记录巡查问题条数汇总!$B:$B,'副主任&工艺组长及其他'!C60,记录巡查问题条数汇总!$E:$E) -> 0 | J60: =SUMIF(安全质量事故!$B:$B,'副主任&工艺组长及其他'!C60,安全质量事故!$G:$G) -> 0 | K60: 1 | L60: =HLOOKUP(M60,$A$143:$H$144,2) -> 400 | M60: B
A61: 多肽厂房2CNC区域 | B61: 副主任 | C61: 张建涛 | D61: ALS14824 | E61: 45910 | F61: =(L61*K61+G61+H61+I61-J61) -> 400 | G61: =SUMIF(积分汇总!$B:$B,'副主任&工艺组长及其他'!C61,积分汇总!$E:$E) -> 0 | H61: =SUMIF(记录巡查问题条数汇总!$B:$B,'副主任&工艺组长及其他'!C61,记录巡查问题条数汇总!$E:$E) -> 0 | J61: =SUMIF(安全质量事故!$B:$B,'副主任&工艺组长及其他'!C61,安全质量事故!$G:$G) -> 0 | K61: 1 | L61: =HLOOKUP(M61,$A$143:$H$144,2) -> 400 | M61: B
A62: 多肽厂房2CNC区域 | B62: 副主任 | C62: 姜良衢 | D62: ALS12705 | E62: 45217 | F62: =(L62*K62+G62+H62+I62-J62) -> 600 | G62: =SUMIF(积分汇总!$B:$B,'副主任&工艺组长及其他'!C62,积分汇总!$E:$E) -> 0 | H62: =SUMIF(记录巡查问题条数汇总!$B:$B,'副主任&工艺组长及其他'!C62,记录巡查问题条数汇总!$E:$E) -> 0 | J62: =SUMIF(安全质量事故!$B:$B,'副主任&工艺组长及其他'!C62,安全质量事故!$G:$G) -> 0 | K62: 1 | L62: =HLOOKUP(M62,$A$143:$H$144,2) -> 600 | M62: A
A63: 多肽厂房2CNC区域 | B63: 副主任 | C63: 王杨 | D63: LFX672 | E63: 44446 | F63: =(L63*K63+G63+H63+I63-J63) -> 400 | G63: =SUMIF(积分汇总!$B:$B,'副主任&工艺组长及其他'!C63,积分汇总!$E:$E) -> 0 | H63: =SUMIF(记录巡查问题条数汇总!$B:$B,'副主任&工艺组长及其他'!C63,记录巡查问题条数汇总!$E:$E) -> 0 | J63: =SUMIF(安全质量事故!$B:$B,'副主任&工艺组长及其他'!C63,安全质量事故!$G:$G) -> 0 | K63: 1 | L63: =HLOOKUP(M63,$A$143:$H$144,2) -> 400 | M63: B
A64: 多肽厂房2CNC区域 | B64: 副主任 | C64: 刘鹏 | D64: ALS13396 | E64: 45539 | F64: =(L64*K64+G64+H64+I64-J64) -> 200 | G64: =SUMIF(积分汇总!$B:$B,'副主任&工艺组长及其他'!C64,积分汇总!$E:$E) -> 0 | H64: =SUMIF(记录巡查问题条数汇总!$B:$B,'副主任&工艺组长及其他'!C64,记录巡查问题条数汇总!$E:$E) -> 0 | J64: =SUMIF(安全质量事故!$B:$B,'副主任&工艺组长及其他'!C64,安全质量事故!$G:$G) -> 0 | K64: 1 | L64: =HLOOKUP(M64,$A$143:$H$144,2) -> 200 | M64: C
A65: 多肽厂房2CNC区域 | B65: 车间副主任 | C65: 金腾飞 | D65: ALS16653 | E65: 46148 | F65: =(L65*K65+G65+H65+I65-J65) -> 400 | G65: =SUMIF(积分汇总!$B:$B,'副主任&工艺组长及其他'!C65,积分汇总!$E:$E) -> 0 | H65: =SUMIF(记录巡查问题条数汇总!$B:$B,'副主任&工艺组长及其他'!C65,记录巡查问题条数汇总!$E:$E) -> 0 | J65: =SUMIF(安全质量事故!$B:$B,'副主任&工艺组长及其他'!C65,安全质量事故!$G:$G) -> 0 | K65: 1 | L65: =HLOOKUP(M65,$A$143:$H$144,2) -> 400 | M65: B
A66: 多肽厂房2D级区域 | B66: 副主任 | C66: 杨志刚 | D66: ALS18316 | E66: 46253 | F66: =(L66*K66+G66+H66+I66-J66) -> 77.419355 | G66: =SUMIF(积分汇总!$B:$B,'副主任&工艺组长及其他'!C66,积分汇总!$E:$E) -> 0 | H66: =SUMIF(记录巡查问题条数汇总!$B:$B,'副主任&工艺组长及其他'!C66,记录巡查问题条数汇总!$E:$E) -> 0 | J66: =SUMIF(安全质量事故!$B:$B,'副主任&工艺组长及其他'!C66,安全质量事故!$G:$G) -> 0 | K66: =12/31 -> 0.38709677 | L66: =HLOOKUP(M66,$A$143:$H$144,2) -> 200 | M66: C
A67: 多肽厂房2CNC区域 | B67: 工艺组长 | C67: 王聪 | D67: ALS6536 | E67: 44025 | F67: =(L67*K67+G67+H67+I67-J67) -> 400 | G67: =SUMIF(积分汇总!$B:$B,'副主任&工艺组长及其他'!C67,积分汇总!$E:$E) -> 0 | H67: =SUMIF(记录巡查问题条数汇总!$B:$B,'副主任&工艺组长及其他'!C67,记录巡查问题条数汇总!$E:$E) -> 0 | J67: =SUMIF(安全质量事故!$B:$B,'副主任&工艺组长及其他'!C67,安全质量事故!$G:$G) -> 0 | K67: 1 | L67: =HLOOKUP(M67,$A$143:$H$144,2) -> 400 | M67: B
A68: 多肽厂房2CNC区域 | B68: 工艺组长 | C68: 徐海波 | D68: AMM4392 | E68: 0901调任 | F68: =(L68*K68+G68+H68+I68-J68) -> 400 | G68: =SUMIF(积分汇总!$B:$B,'副主任&工艺组长及其他'!C68,积分汇总!$E:$E) -> 0 | H68: =SUMIF(记录巡查问题条数汇总!$B:$B,'副主任&工艺组长及其他'!C68,记录巡查问题条数汇总!$E:$E) -> 0 | J68: =SUMIF(安全质量事故!$B:$B,'副主任&工艺组长及其他'!C68,安全质量事故!$G:$G) -> 0 | K68: 1 | L68: =HLOOKUP(M68,$A$143:$H$144,2) -> 400 | M68: B
A69: 多肽厂房2CNC区域 | B69: 工艺组长 | C69: 崔宇 | D69: LFX126 | E69: 43661 | F69: =(L69*K69+G69+H69+I69-J69) -> 400 | G69: =SUMIF(积分汇总!$B:$B,'副主任&工艺组长及其他'!C69,积分汇总!$E:$E) -> 0 | H69: =SUMIF(记录巡查问题条数汇总!$B:$B,'副主任&工艺组长及其他'!C69,记录巡查问题条数汇总!$E:$E) -> 0 | J69: =SUMIF(安全质量事故!$B:$B,'副主任&工艺组长及其他'!C69,安全质量事故!$G:$G) -> 0 | K69: 1 | L69: =HLOOKUP(M69,$A$143:$H$144,2) -> 400 | M69: B
A70: 多肽厂房2D级区域 | B70: 工艺组长 | C70: 林宇航 | D70: ALS13220 | E70: 45525 | F70: =(L70*K70+G70+H70+I70-J70) -> 400 | G70: =SUMIF(积分汇总!$B:$B,'副主任&工艺组长及其他'!C70,积分汇总!$E:$E) -> 0 | H70: =SUMIF(记录巡查问题条数汇总!$B:$B,'副主任&工艺组长及其他'!C70,记录巡查问题条数汇总!$E:$E) -> 0 | J70: =SUMIF(安全质量事故!$B:$B,'副主任&工艺组长及其他'!C70,安全质量事故!$G:$G) -> 0 | K70: 1 | L70: =HLOOKUP(M70,$A$143:$H$144,2) -> 400 | M70: B
A71: 多肽厂房2D级区域 | B71: 工艺组长 | C71: 宋春源 | D71: AMM3426 | E71: 45138 | F71: =(L71*K71+G71+H71+I71-J71) -> 400 | G71: =SUMIF(积分汇总!$B:$B,'副主任&工艺组长及其他'!C71,积分汇总!$E:$E) -> 0 | H71: =SUMIF(记录巡查问题条数汇总!$B:$B,'副主任&工艺组长及其他'!C71,记录巡查问题条数汇总!$E:$E) -> 0 | J71: =SUMIF(安全质量事故!$B:$B,'副主任&工艺组长及其他'!C71,安全质量事故!$G:$G) -> 0 | K71: 1 | L71: =HLOOKUP(M71,$A$143:$H$144,2) -> 400 | M71: B
A72: 多肽厂房2D级区域 | B72: 工艺组长 | C72: 付童童 | D72: ALS16859 | E72: 46160 | F72: =(L72*K72+G72+H72+I72-J72) -> 400 | G72: =SUMIF(积分汇总!$B:$B,'副主任&工艺组长及其他'!C72,积分汇总!$E:$E) -> 0 | H72: =SUMIF(记录巡查问题条数汇总!$B:$B,'副主任&工艺组长及其他'!C72,记录巡查问题条数汇总!$E:$E) -> 0 | J72: =SUMIF(安全质量事故!$B:$B,'副主任&工艺组长及其他'!C72,安全质量事故!$G:$G) -> 0 | K72: 1 | L72: =HLOOKUP(M72,$A$143:$H$144,2) -> 400 | M72: B
A73: 多肽厂房2CNC区域 | B73: 工艺组长 | C73: 卫李恒 | D73: ALS17981 | E73: 46225 | F73: =(L73*K73+G73+H73+I73-J73) -> 200 | G73: =SUMIF(积分汇总!$B:$B,'副主任&工艺组长及其他'!C73,积分汇总!$E:$E) -> 0 | H73: =SUMIF(记录巡查问题条数汇总!$B:$B,'副主任&工艺组长及其他'!C73,记录巡查问题条数汇总!$E:$E) -> 0 | J73: =SUMIF(安全质量事故!$B:$B,'副主任&工艺组长及其他'!C73,安全质量事故!$G:$G) -> 0 | K73: 1 | L73: =HLOOKUP(M73,$A$143:$H$144,2) -> 200 | M73: C
A74: 多肽厂房2CNC区域 | B74: 工艺组长 | C74: 王静 | D74: ALS18206 | E74: 46232 | F74: =(L74*K74+G74+H74+I74-J74) -> 200 | G74: =SUMIF(积分汇总!$B:$B,'副主任&工艺组长及其他'!C74,积分汇总!$E:$E) -> 0 | H74: =SUMIF(记录巡查问题条数汇总!$B:$B,'副主任&工艺组长及其他'!C74,记录巡查问题条数汇总!$E:$E) -> 0 | J74: =SUMIF(安全质量事故!$B:$B,'副主任&工艺组长及其他'!C74,安全质量事故!$G:$G) -> 0 | K74: 1 | L74: =HLOOKUP(M74,$A$143:$H$144,2) -> 200 | M74: C
A75: 多肽厂房3 | B75: 助理工程师 | C75: 刘恩铄 | D75: ALS16563 | E75: 46134 | F75: =(L75*K75+G75+H75+I75-J75) -> 400 | G75: =SUMIF(积分汇总!$B:$B,'副主任&工艺组长及其他'!C75,积分汇总!$E:$E) -> 0 | H75: =SUMIF(记录巡查问题条数汇总!$B:$B,'副主任&工艺组长及其他'!C75,记录巡查问题条数汇总!$E:$E) -> 0 | J75: =SUMIF(安全质量事故!$B:$B,'副主任&工艺组长及其他'!C75,安全质量事故!$G:$G) -> 0 | K75: 1 | L75: =HLOOKUP(M75,$A$143:$H$144,2) -> 400 | M75: B | Q75: 师傅 代海鑫；2026/05/06调实验室学习制备
A76: 多肽厂房3 | B76: 车间副主任 | C76: 陈懿 | D76: ALS16528 | E76: 46134 | F76: =(L76*K76+G76+H76+I76-J76) -> 400 | G76: =SUMIF(积分汇总!$B:$B,'副主任&工艺组长及其他'!C76,积分汇总!$E:$E) -> 0 | H76: =SUMIF(记录巡查问题条数汇总!$B:$B,'副主任&工艺组长及其他'!C76,记录巡查问题条数汇总!$E:$E) -> 0 | J76: =SUMIF(安全质量事故!$B:$B,'副主任&工艺组长及其他'!C76,安全质量事故!$G:$G) -> 0 | K76: 1 | L76: =HLOOKUP(M76,$A$143:$H$144,2) -> 400 | M76: B
A77: 多肽厂房3 | B77: 副主任 | C77: 王涛 | D77: ALS18322 | E77: 46246 | F77: =(L77*K77+G77+H77+I77-J77) -> 122.58065 | G77: =SUMIF(积分汇总!$B:$B,'副主任&工艺组长及其他'!C77,积分汇总!$E:$E) -> 0 | H77: =SUMIF(记录巡查问题条数汇总!$B:$B,'副主任&工艺组长及其他'!C77,记录巡查问题条数汇总!$E:$E) -> 0 | J77: =SUMIF(安全质量事故!$B:$B,'副主任&工艺组长及其他'!C77,安全质量事故!$G:$G) -> 0 | K77: =19/31 -> 0.61290323 | L77: =HLOOKUP(M77,$A$143:$H$144,2) -> 200 | M77: C
A78: 多肽厂房3 | B78: 工程师 | C78: 陈庆民 | D78: ALS18420 | E78: 46253 | F78: =(L78*K78+G78+H78+I78-J78) -> 77.419355 | G78: =SUMIF(积分汇总!$B:$B,'副主任&工艺组长及其他'!C78,积分汇总!$E:$E) -> 0 | H78: =SUMIF(记录巡查问题条数汇总!$B:$B,'副主任&工艺组长及其他'!C78,记录巡查问题条数汇总!$E:$E) -> 0 | J78: =SUMIF(安全质量事故!$B:$B,'副主任&工艺组长及其他'!C78,安全质量事故!$G:$G) -> 0 | K78: =12/31 -> 0.38709677 | L78: =HLOOKUP(M78,$A$143:$H$144,2) -> 200 | M78: C
A79: 多肽厂房3 | B79: 工程师 | C79: 龙偕 | D79: ALS17025 | E79: 46176 | F79: =(L79*K79+G79+H79+I79-J79) -> 400 | G79: =SUMIF(积分汇总!$B:$B,'副主任&工艺组长及其他'!C79,积分汇总!$E:$E) -> 0 | H79: =SUMIF(记录巡查问题条数汇总!$B:$B,'副主任&工艺组长及其他'!C79,记录巡查问题条数汇总!$E:$E) -> 0 | J79: =SUMIF(安全质量事故!$B:$B,'副主任&工艺组长及其他'!C79,安全质量事故!$G:$G) -> 0 | K79: 1 | L79: =HLOOKUP(M79,$A$143:$H$144,2) -> 400 | M79: B
A80: 多肽厂房3 | B80: 工程师 | C80: 毛腾 | D80: ALS17347 | E80: 46208 | F80: =(L80*K80+G80+H80+I80-J80) -> 200 | G80: =SUMIF(积分汇总!$B:$B,'副主任&工艺组长及其他'!C80,积分汇总!$E:$E) -> 0 | H80: =SUMIF(记录巡查问题条数汇总!$B:$B,'副主任&工艺组长及其他'!C80,记录巡查问题条数汇总!$E:$E) -> 0 | J80: =SUMIF(安全质量事故!$B:$B,'副主任&工艺组长及其他'!C80,安全质量事故!$G:$G) -> 0 | K80: 1 | L80: =HLOOKUP(M80,$A$143:$H$144,2) -> 200 | M80: C
A81: 多肽厂房3 | B81: 工程师 | C81: 卜朋军 | D81: ALS17332 | E81: 46208 | F81: =(L81*K81+G81+H81+I81-J81) -> 400 | G81: =SUMIF(积分汇总!$B:$B,'副主任&工艺组长及其他'!C81,积分汇总!$E:$E) -> 0 | H81: =SUMIF(记录巡查问题条数汇总!$B:$B,'副主任&工艺组长及其他'!C81,记录巡查问题条数汇总!$E:$E) -> 0 | J81: =SUMIF(安全质量事故!$B:$B,'副主任&工艺组长及其他'!C81,安全质量事故!$G:$G) -> 0 | K81: 1 | L81: =HLOOKUP(M81,$A$143:$H$144,2) -> 400 | M81: B
A82: 多肽厂房3 | B82: 工程师 | C82: 卜淇宣 | D82: ALS17334 | E82: 46215 | F82: =(L82*K82+G82+H82+I82-J82) -> 200 | G82: =SUMIF(积分汇总!$B:$B,'副主任&工艺组长及其他'!C82,积分汇总!$E:$E) -> 0 | H82: =SUMIF(记录巡查问题条数汇总!$B:$B,'副主任&工艺组长及其他'!C82,记录巡查问题条数汇总!$E:$E) -> 0 | J82: =SUMIF(安全质量事故!$B:$B,'副主任&工艺组长及其他'!C82,安全质量事故!$G:$G) -> 0 | K82: 1 | L82: =HLOOKUP(M82,$A$143:$H$144,2) -> 200 | M82: C
A83: 多肽厂房3 | B83: 工程师 | C83: 李丰江 | D83: ALS17513 | E83: 46197 | F83: =(L83*K83+G83+H83+I83-J83) -> 200 | G83: =SUMIF(积分汇总!$B:$B,'副主任&工艺组长及其他'!C83,积分汇总!$E:$E) -> 0 | H83: =SUMIF(记录巡查问题条数汇总!$B:$B,'副主任&工艺组长及其他'!C83,记录巡查问题条数汇总!$E:$E) -> 0 | J83: =SUMIF(安全质量事故!$B:$B,'副主任&工艺组长及其他'!C83,安全质量事故!$G:$G) -> 0 | K83: 1 | L83: =HLOOKUP(M83,$A$143:$H$144,2) -> 200 | M83: C
A84: 多肽厂房3 | B84: 班长 | C84: 王景威 | D84: ALS17164 | E84: 46183 | F84: =(L84*K84+G84+H84+I84-J84) -> 400 | G84: =SUMIF(积分汇总!$B:$B,'副主任&工艺组长及其他'!C84,积分汇总!$E:$E) -> 0 | H84: =SUMIF(记录巡查问题条数汇总!$B:$B,'副主任&工艺组长及其他'!C84,记录巡查问题条数汇总!$E:$E) -> 0 | J84: =SUMIF(安全质量事故!$B:$B,'副主任&工艺组长及其他'!C84,安全质量事故!$G:$G) -> 0 | K84: 1 | L84: =HLOOKUP(M84,$A$143:$H$144,2) -> 400 | M84: B
A85: 多肽厂房3 | B85: 助工 | C85: 吴有坤 | D85: ALS16560 | E85: 46134 | F85: =(L85*K85+G85+H85+I85-J85) -> 200 | G85: =SUMIF(积分汇总!$B:$B,'副主任&工艺组长及其他'!C85,积分汇总!$E:$E) -> 0 | H85: =SUMIF(记录巡查问题条数汇总!$B:$B,'副主任&工艺组长及其他'!C85,记录巡查问题条数汇总!$E:$E) -> 0 | J85: =SUMIF(安全质量事故!$B:$B,'副主任&工艺组长及其他'!C85,安全质量事故!$G:$G) -> 0 | K85: 1 | L85: =HLOOKUP(M85,$A$143:$H$144,2) -> 200 | M85: C
A86: 多肽厂房3 | B86: 助工 | C86: 宋晶宁 | D86: ALS16596 | E86: 46139 | F86: =(L86*K86+G86+H86+I86-J86) -> 400 | G86: =SUMIF(积分汇总!$B:$B,'副主任&工艺组长及其他'!C86,积分汇总!$E:$E) -> 0 | H86: =SUMIF(记录巡查问题条数汇总!$B:$B,'副主任&工艺组长及其他'!C86,记录巡查问题条数汇总!$E:$E) -> 0 | J86: =SUMIF(安全质量事故!$B:$B,'副主任&工艺组长及其他'!C86,安全质量事故!$G:$G) -> 0 | K86: 1 | L86: =HLOOKUP(M86,$A$143:$H$144,2) -> 400 | M86: B
A87: 多肽厂房3 | B87: 助工 | C87: 周圣玮 | D87: ALS18092 | E87: 46232 | F87: =(L87*K87+G87+H87+I87-J87) -> 200 | G87: =SUMIF(积分汇总!$B:$B,'副主任&工艺组长及其他'!C87,积分汇总!$E:$E) -> 0 | H87: =SUMIF(记录巡查问题条数汇总!$B:$B,'副主任&工艺组长及其他'!C87,记录巡查问题条数汇总!$E:$E) -> 0 | J87: =SUMIF(安全质量事故!$B:$B,'副主任&工艺组长及其他'!C87,安全质量事故!$G:$G) -> 0 | K87: 1 | L87: =HLOOKUP(M87,$A$143:$H$144,2) -> 200 | M87: C
A88: 多肽厂房3 | B88: 班长 | C88: 胡建勋 | D88: ALS16324 | E88: 46120 | F88: =(L88*K88+G88+H88+I88-J88) -> 400 | G88: =SUMIF(积分汇总!$B:$B,'副主任&工艺组长及其他'!C88,积分汇总!$E:$E) -> 0 | H88: =SUMIF(记录巡查问题条数汇总!$B:$B,'副主任&工艺组长及其他'!C88,记录巡查问题条数汇总!$E:$E) -> 0 | J88: =SUMIF(安全质量事故!$B:$B,'副主任&工艺组长及其他'!C88,安全质量事故!$G:$G) -> 0 | K88: 1 | L88: =HLOOKUP(M88,$A$143:$H$144,2) -> 400 | M88: B
A89: 生产技术转移组（辅料&毒素连接体） | B89: 工程师 | C89: 杜新充 | D89: ALS14984 | E89: 45943 | F89: =(L89*K89+G89+H89+I89-J89) -> 400 | G89: =SUMIF(积分汇总!$B:$B,'副主任&工艺组长及其他'!C89,积分汇总!$E:$E) -> 0 | H89: =SUMIF(记录巡查问题条数汇总!$B:$B,'副主任&工艺组长及其他'!C89,记录巡查问题条数汇总!$E:$E) -> 0 | J89: =SUMIF(安全质量事故!$B:$B,'副主任&工艺组长及其他'!C89,安全质量事故!$G:$G) -> 0 | K89: 1 | L89: =HLOOKUP(M89,$A$143:$H$144,2) -> 400 | M89: B
A90: 生产技术转移组（辅料&毒素连接体） | B90: 工程师 | C90: 张乃嵩 | D90: ALS15095 | E90: 45957 | F90: =(L90*K90+G90+H90+I90-J90) -> 400 | G90: =SUMIF(积分汇总!$B:$B,'副主任&工艺组长及其他'!C90,积分汇总!$E:$E) -> 0 | H90: =SUMIF(记录巡查问题条数汇总!$B:$B,'副主任&工艺组长及其他'!C90,记录巡查问题条数汇总!$E:$E) -> 0 | J90: =SUMIF(安全质量事故!$B:$B,'副主任&工艺组长及其他'!C90,安全质量事故!$G:$G) -> 0 | K90: 1 | L90: =HLOOKUP(M90,$A$143:$H$144,2) -> 400 | M90: B
... A93: 生产技术转移组（辅料&毒素连接体） | B93: 工程师 | C93: 苏建澳 | D93: ALS17338 | E93: 46208 | F93: =(L93*K93+G93+H93+I93-J93) -> 200 | G93: =SUMIF(积分汇总!$B:$B,'副主任&工艺组长及其他'!C93,积分汇总!$E:$E) -> 0 | H93: =SUMIF(记录巡查问题条数汇总!$B:$B,'副主任&工艺组长及其他'!C93,记录巡查问题条数汇总!$E:$E) -> 0 | J93: =SUMIF(安全质量事故!$B:$B,'副主任&工艺组长及其他'!C93,安全质量事故!$G:$G) -> 0 | K93: 1 | L93: =HLOOKUP(M93,$A$143:$H$144,2) -> 200 | M93: C
A94: 生产技术转移组（辅料&毒素连接体） | B94: 工程师 | C94: 刘宁 | D94: ALS18297 | E94: 46253 | F94: =(L94*K94+G94+H94+I94-J94) -> 77.419355 | G94: =SUMIF(积分汇总!$B:$B,'副主任&工艺组长及其他'!C94,积分汇总!$E:$E) -> 0 | H94: =SUMIF(记录巡查问题条数汇总!$B:$B,'副主任&工艺组长及其他'!C94,记录巡查问题条数汇总!$E:$E) -> 0 | J94: =SUMIF(安全质量事故!$B:$B,'副主任&工艺组长及其他'!C94,安全质量事故!$G:$G) -> 0 | K94: =12/31 -> 0.38709677 | L94: =HLOOKUP(M94,$A$143:$H$144,2) -> 200 | M94: C
A95: 生产技术转移组（辅料&毒素连接体） | B95: 工程师 | C95: 李志鹏 | D95: ALS17943 | E95: 46225 | F95: =(L95*K95+G95+H95+I95-J95) -> 200 | G95: =SUMIF(积分汇总!$B:$B,'副主任&工艺组长及其他'!C95,积分汇总!$E:$E) -> 0 | H95: =SUMIF(记录巡查问题条数汇总!$B:$B,'副主任&工艺组长及其他'!C95,记录巡查问题条数汇总!$E:$E) -> 0 | J95: =SUMIF(安全质量事故!$B:$B,'副主任&工艺组长及其他'!C95,安全质量事故!$G:$G) -> 0 | K95: 1 | L95: =HLOOKUP(M95,$A$143:$H$144,2) -> 200 | M95: C
A96: 生产技术转移组（辅料&毒素连接体） | B96: 助理工程师 | C96: 华金建 | D96: ALS17690 | E96: 46204 | F96: =(L96*K96+G96+H96+I96-J96) -> 200 | G96: =SUMIF(积分汇总!$B:$B,'副主任&工艺组长及其他'!C96,积分汇总!$E:$E) -> 0 | H96: =SUMIF(记录巡查问题条数汇总!$B:$B,'副主任&工艺组长及其他'!C96,记录巡查问题条数汇总!$E:$E) -> 0 | J96: =SUMIF(安全质量事故!$B:$B,'副主任&工艺组长及其他'!C96,安全质量事故!$G:$G) -> 0 | K96: 1 | L96: =HLOOKUP(M96,$A$143:$H$144,2) -> 200 | M96: C
A97: 生产技术转移组（多肽） | B97: 工艺组长 | C97: 党玉杰 | D97: ALS7380 | E97: 44326 | F97: =(L97*K97+G97+H97+I97-J97) -> 400 | G97: =SUMIF(积分汇总!$B:$B,'副主任&工艺组长及其他'!C97,积分汇总!$E:$E) -> 0 | H97: =SUMIF(记录巡查问题条数汇总!$B:$B,'副主任&工艺组长及其他'!C97,记录巡查问题条数汇总!$E:$E) -> 0 | J97: =SUMIF(安全质量事故!$B:$B,'副主任&工艺组长及其他'!C97,安全质量事故!$G:$G) -> 0 | K97: 1 | L97: =HLOOKUP(M97,$A$143:$H$144,2) -> 400 | M97: B
A98: 生产技术转移组（多肽） | B98: 工艺组长 | C98: 董峰 | D98: ALS11096 | E98: 44774 | F98: =(L98*K98+G98+H98+I98-J98) -> 400 | G98: =SUMIF(积分汇总!$B:$B,'副主任&工艺组长及其他'!C98,积分汇总!$E:$E) -> 0 | H98: =SUMIF(记录巡查问题条数汇总!$B:$B,'副主任&工艺组长及其他'!C98,记录巡查问题条数汇总!$E:$E) -> 0 | J98: =SUMIF(安全质量事故!$B:$B,'副主任&工艺组长及其他'!C98,安全质量事故!$G:$G) -> 0 | K98: 1 | L98: =HLOOKUP(M98,$A$143:$H$144,2) -> 400 | M98: B
A99: 生产技术转移组（多肽） | B99: 工艺组长 | C99: 牟江维 | D99: ALS16118 | E99: 46090 | F99: =(L99*K99+G99+H99+I99-J99) -> 400 | G99: =SUMIF(积分汇总!$B:$B,'副主任&工艺组长及其他'!C99,积分汇总!$E:$E) -> 0 | H99: =SUMIF(记录巡查问题条数汇总!$B:$B,'副主任&工艺组长及其他'!C99,记录巡查问题条数汇总!$E:$E) -> 0 | J99: =SUMIF(安全质量事故!$B:$B,'副主任&工艺组长及其他'!C99,安全质量事故!$G:$G) -> 0 | K99: 1 | L99: =HLOOKUP(M99,$A$143:$H$144,2) -> 400 | M99: B
A100: 生产技术转移组（多肽） | B100: 工程师 | C100: 周大伟 | D100: ALS2305 | E100: 42212 | F100: =(L100*K100+G100+H100+I100-J100) -> 400 | G100: =SUMIF(积分汇总!$B:$B,'副主任&工艺组长及其他'!C100,积分汇总!$E:$E) -> 0 | H100: =SUMIF(记录巡查问题条数汇总!$B:$B,'副主任&工艺组长及其他'!C100,记录巡查问题条数汇总!$E:$E) -> 0 | J100: =SUMIF(安全质量事故!$B:$B,'副主任&工艺组长及其他'!C100,安全质量事故!$G:$G) -> 0 | K100: 1 | L100: =HLOOKUP(M100,$A$143:$H$144,2) -> 400 | M100: B
A101: 生产技术转移组（多肽） | B101: 工程师 | C101: 宋雨健 | D101: AMM3422 | E101: 45138 | F101: =(L101*K101+G101+H101+I101-J101) -> 400 | G101: =SUMIF(积分汇总!$B:$B,'副主任&工艺组长及其他'!C101,积分汇总!$E:$E) -> 0 | H101: =SUMIF(记录巡查问题条数汇总!$B:$B,'副主任&工艺组长及其他'!C101,记录巡查问题条数汇总!$E:$E) -> 0 | J101: =SUMIF(安全质量事故!$B:$B,'副主任&工艺组长及其他'!C101,安全质量事故!$G:$G) -> 0 | K101: 1 | L101: =HLOOKUP(M101,$A$143:$H$144,2) -> 400 | M101: B
A102: 生产技术转移组（多肽） | B102: 工程师 | C102: 周建平 | D102: ALS12838 | E102: 45259 | F102: =(L102*K102+G102+H102+I102-J102) -> 400 | G102: =SUMIF(积分汇总!$B:$B,'副主任&工艺组长及其他'!C102,积分汇总!$E:$E) -> 0 | H102: =SUMIF(记录巡查问题条数汇总!$B:$B,'副主任&工艺组长及其他'!C102,记录巡查问题条数汇总!$E:$E) -> 0 | J102: =SUMIF(安全质量事故!$B:$B,'副主任&工艺组长及其他'!C102,安全质量事故!$G:$G) -> 0 | K102: 1 | L102: =HLOOKUP(M102,$A$143:$H$144,2) -> 400 | M102: B
...

Sheet 一线人员
F1: =SUM(F100:F1451) -> 0
A2: 车间 | B2: 职务 | C2: 姓名 | D2: 员工编号 | E2: 入职日期 | F2: 实际奖金合计 | G2: 日常巡查扣款 | H2: 记录巡查扣款 | I2: 定点摄影最佳区域和最差区域评比 | J2: 安全事故扣款 | K2: 5S日检奖金合计 | L2: 09月
L3: 46266 | M3: 46267 | N3: 46268 | O3: 46269 | P3: 46270 | Q3: 46271 | R3: 46272 | S3: 46273 | T3: 46274 | U3: 46275 | V3: 46276 | W3: 46277 | X3: 46278 | Y3: 46279 | Z3: 46280 | AA3: 46281 | AB3: 46282 | AC3: 46283 | AD3: 46284 | AE3: 46285 | AF3: 46286 | AG3: 46287 | AH3: 46288 | AI3: 46289 | AJ3: 46290 | AK3: 46291 | AL3: 46292 | AM3: 46293 | AN3: 46294 | AO3: 46295 | AP3: 46296 | AQ3: 备注 | AU3: 核对1 | AV3: 核对2
A4: 寡核苷酸厂房1CNC区域 | B4: 助工 | C4: 李军宝 | D4: ALS17425 | E4: 46215 | F4: =(K4+G4+H4+I4-J4) -> 0 | G4: =SUMIF(积分汇总!$B:$B,#REF!,积分汇总!$E:$E) -> 0 | H4: =SUMIF(记录巡查问题条数汇总!$B:$B,#REF!,记录巡查问题条数汇总!$E:$E) -> 0 | J4: =SUMIF(安全质量事故!$B:$B,#REF!,安全质量事故!$G:$G) -> 0 | K4: =COUNTIF(L4:AP4,标准数据!$A$2)*标准数据!$B$2+COUNTIF(L4:AP4,标准数据!$A$3)*标准数据!$B$3+COUNTIF(L4:AP4,标准数据!$A$4)*标准数据!$B$4 -> 0 | AR4: 寡核苷酸厂房1CNC区域“a、b、c”分布情况
A5: 寡核苷酸厂房1CNC区域 | B5: 助工 | C5: 闫津铭 | D5: ALS17438 | E5: 46215 | F5: =(K5+G5+H5+I5-J5) -> 0 | G5: =SUMIF(积分汇总!$B:$B,C4,积分汇总!$E:$E) -> 0 | H5: =SUMIF(记录巡查问题条数汇总!$B:$B,C4,记录巡查问题条数汇总!$E:$E) -> 0 | J5: =SUMIF(安全质量事故!$B:$B,C4,安全质量事故!$G:$G) -> 0 | K5: =COUNTIF(L5:AP5,标准数据!$A$2)*标准数据!$B$2+COUNTIF(L5:AP5,标准数据!$A$3)*标准数据!$B$3+COUNTIF(L5:AP5,标准数据!$A$4)*标准数据!$B$4 -> 0 | AR5: “a”占比 | AS5: “b”占比 | AT5: “c”占比
A6: 寡核苷酸厂房1CNC区域 | B6: 助工 | C6: 朱义龙 | D6: ALS17421 | E6: 46215 | F6: =(K6+G6+H6+I6-J6) -> 0 | G6: =SUMIF(积分汇总!$B:$B,C5,积分汇总!$E:$E) -> 0 | H6: =SUMIF(记录巡查问题条数汇总!$B:$B,C5,记录巡查问题条数汇总!$E:$E) -> 0 | J6: =SUMIF(安全质量事故!$B:$B,C5,安全质量事故!$G:$G) -> 0 | K6: =COUNTIF(L6:AP6,标准数据!$A$2)*标准数据!$B$2+COUNTIF(L6:AP6,标准数据!$A$3)*标准数据!$B$3+COUNTIF(L6:AP6,标准数据!$A$4)*标准数据!$B$4 -> 0 | AR6: =COUNTIF($L$4:$AP$99,"a") -> 0 | AS6: =COUNTIF($L$4:$AP$99,"b") -> 0 | AT6: =COUNTIF($L$4:$AP$99,"c") -> 0
A7: 寡核苷酸厂房1CNC区域 | B7: 助工 | C7: 陈志鸿 | D7: ALS17422 | E7: 46215 | F7: =(K7+G7+H7+I7-J7) -> 0 | G7: =SUMIF(积分汇总!$B:$B,C6,积分汇总!$E:$E) -> 0 | H7: =SUMIF(记录巡查问题条数汇总!$B:$B,C6,记录巡查问题条数汇总!$E:$E) -> 0 | J7: =SUMIF(安全质量事故!$B:$B,C6,安全质量事故!$G:$G) -> 0 | K7: =COUNTIF(L7:AP7,标准数据!$A$2)*标准数据!$B$2+COUNTIF(L7:AP7,标准数据!$A$3)*标准数据!$B$3+COUNTIF(L7:AP7,标准数据!$A$4)*标准数据!$B$4 -> 0 | AR7: =AR6/($AR$6+$AS$6+$AT$6) -> #DIV/0! | AS7: =AS6/($AR$6+$AS$6+$AT$6) -> #DIV/0! | AT7: =AT6/($AR$6+$AS$6+$AT$6) -> #DIV/0!
A8: 寡核苷酸厂房1CNC区域 | B8: 助工 | C8: 王云龙 | D8: ALS17435 | E8: 46215 | F8: =(K8+G8+H8+I8-J8) -> 0 | G8: =SUMIF(积分汇总!$B:$B,C7,积分汇总!$E:$E) -> 0 | H8: =SUMIF(记录巡查问题条数汇总!$B:$B,C7,记录巡查问题条数汇总!$E:$E) -> 0 | J8: =SUMIF(安全质量事故!$B:$B,C7,安全质量事故!$G:$G) -> 0 | K8: =COUNTIF(L8:AP8,标准数据!$A$2)*标准数据!$B$2+COUNTIF(L8:AP8,标准数据!$A$3)*标准数据!$B$3+COUNTIF(L8:AP8,标准数据!$A$4)*标准数据!$B$4 -> 0
A9: 寡核苷酸厂房1CNC区域 | B9: 助工 | C9: 焦文刚 | D9: ALS16988 | E9: 46169 | F9: =(K9+G9+H9+I9-J9) -> 0 | G9: =SUMIF(积分汇总!$B:$B,C8,积分汇总!$E:$E) -> 0 | H9: =SUMIF(记录巡查问题条数汇总!$B:$B,C8,记录巡查问题条数汇总!$E:$E) -> 0 | J9: =SUMIF(安全质量事故!$B:$B,C8,安全质量事故!$G:$G) -> 0 | K9: =COUNTIF(L9:AP9,标准数据!$A$2)*标准数据!$B$2+COUNTIF(L9:AP9,标准数据!$A$3)*标准数据!$B$3+COUNTIF(L9:AP9,标准数据!$A$4)*标准数据!$B$4 -> 0
A10: 寡核苷酸厂房1CNC区域 | B10: 助工 | C10: 李成波 | D10: ALS17357 | E10: 46215 | F10: =(K10+G10+H10+I10-J10) -> 0 | G10: =SUMIF(积分汇总!$B:$B,C8,积分汇总!$E:$E) -> 0 | H10: =SUMIF(记录巡查问题条数汇总!$B:$B,C8,记录巡查问题条数汇总!$E:$E) -> 0 | J10: =SUMIF(安全质量事故!$B:$B,C8,安全质量事故!$G:$G) -> 0 | K10: =COUNTIF(L10:AP10,标准数据!$A$2)*标准数据!$B$2+COUNTIF(L10:AP10,标准数据!$A$3)*标准数据!$B$3+COUNTIF(L10:AP10,标准数据!$A$4)*标准数据!$B$4 -> 0
A11: 寡核苷酸厂房1CNC区域 | B11: 操作工 | C11: 白鹏宇 | D11: ALS16434 | E11: 46127 | F11: =(K11+G11+H11+I11-J11) -> 0 | G11: =SUMIF(积分汇总!$B:$B,C10,积分汇总!$E:$E) -> 0 | H11: =SUMIF(记录巡查问题条数汇总!$B:$B,C10,记录巡查问题条数汇总!$E:$E) -> 0 | J11: =SUMIF(安全质量事故!$B:$B,C10,安全质量事故!$G:$G) -> 0 | K11: =COUNTIF(L11:AP11,标准数据!$A$2)*标准数据!$B$2+COUNTIF(L11:AP11,标准数据!$A$3)*标准数据!$B$3+COUNTIF(L11:AP11,标准数据!$A$4)*标准数据!$B$4 -> 0
A12: 寡核苷酸厂房1CNC区域 | B12: 工程师 | C12: 穆双超 | D12: ADH5432 | E12: 44752 | F12: =(K12+G12+H12+I12-J12) -> 0 | G12: =SUMIF(积分汇总!$B:$B,C11,积分汇总!$E:$E) -> 0 | H12: =SUMIF(记录巡查问题条数汇总!$B:$B,C11,记录巡查问题条数汇总!$E:$E) -> 0 | J12: =SUMIF(安全质量事故!$B:$B,C11,安全质量事故!$G:$G) -> 0 | K12: =COUNTIF(L12:AP12,标准数据!$A$2)*标准数据!$B$2+COUNTIF(L12:AP12,标准数据!$A$3)*标准数据!$B$3+COUNTIF(L12:AP12,标准数据!$A$4)*标准数据!$B$4 -> 0
A13: 寡核苷酸厂房1CNC区域 | B13: 工程师 | C13: 于清凡 | D13: ALS5619 | E13: 43677 | F13: =(K13+G13+H13+I13-J13) -> 0 | G13: =SUMIF(积分汇总!$B:$B,C12,积分汇总!$E:$E) -> 0 | H13: =SUMIF(记录巡查问题条数汇总!$B:$B,C12,记录巡查问题条数汇总!$E:$E) -> 0 | J13: =SUMIF(安全质量事故!$B:$B,C12,安全质量事故!$G:$G) -> 0 | K13: =COUNTIF(L13:AP13,标准数据!$A$2)*标准数据!$B$2+COUNTIF(L13:AP13,标准数据!$A$3)*标准数据!$B$3+COUNTIF(L13:AP13,标准数据!$A$4)*标准数据!$B$4 -> 0
A14: 寡核苷酸厂房1CNC区域 | B14: 工程师 | C14: 荣宪超 | D14: FX3085 | E14: 43977 | F14: =(K14+G14+H14+I14-J14) -> 0 | G14: =SUMIF(积分汇总!$B:$B,C13,积分汇总!$E:$E) -> 0 | H14: =SUMIF(记录巡查问题条数汇总!$B:$B,C13,记录巡查问题条数汇总!$E:$E) -> 0 | J14: =SUMIF(安全质量事故!$B:$B,C13,安全质量事故!$G:$G) -> 0 | K14: =COUNTIF(L14:AP14,标准数据!$A$2)*标准数据!$B$2+COUNTIF(L14:AP14,标准数据!$A$3)*标准数据!$B$3+COUNTIF(L14:AP14,标准数据!$A$4)*标准数据!$B$4 -> 0
A15: 寡核苷酸厂房1CNC区域 | B15: 工程师 | C15: 支庆 | D15: LFX569 | E15: 44389 | F15: =(K15+G15+H15+I15-J15) -> 0 | G15: =SUMIF(积分汇总!$B:$B,C14,积分汇总!$E:$E) -> 0 | H15: =SUMIF(记录巡查问题条数汇总!$B:$B,C14,记录巡查问题条数汇总!$E:$E) -> 0 | J15: =SUMIF(安全质量事故!$B:$B,C14,安全质量事故!$G:$G) -> 0 | K15: =COUNTIF(L15:AP15,标准数据!$A$2)*标准数据!$B$2+COUNTIF(L15:AP15,标准数据!$A$3)*标准数据!$B$3+COUNTIF(L15:AP15,标准数据!$A$4)*标准数据!$B$4 -> 0
A16: 寡核苷酸厂房1CNC区域 | B16: 工程师 | C16: 俞燕溪 | D16: ALS14328 | E16: 45847 | F16: =(K16+G16+H16+I16-J16) -> 0 | G16: =SUMIF(积分汇总!$B:$B,C15,积分汇总!$E:$E) -> 0 | H16: =SUMIF(记录巡查问题条数汇总!$B:$B,C15,记录巡查问题条数汇总!$E:$E) -> 0 | J16: =SUMIF(安全质量事故!$B:$B,C15,安全质量事故!$G:$G) -> 0 | K16: =COUNTIF(L16:AP16,标准数据!$A$2)*标准数据!$B$2+COUNTIF(L16:AP16,标准数据!$A$3)*标准数据!$B$3+COUNTIF(L16:AP16,标准数据!$A$4)*标准数据!$B$4 -> 0
A17: 寡核苷酸厂房1CNC区域 | B17: 工程师 | C17: 刘振 | D17: ALS16970 | E17: 46169 | F17: =(K17+G17+H17+I17-J17) -> 0 | G17: =SUMIF(积分汇总!$B:$B,C16,积分汇总!$E:$E) -> 0 | H17: =SUMIF(记录巡查问题条数汇总!$B:$B,C16,记录巡查问题条数汇总!$E:$E) -> 0 | J17: =SUMIF(安全质量事故!$B:$B,C16,安全质量事故!$G:$G) -> 0 | K17: =COUNTIF(L17:AP17,标准数据!$A$2)*标准数据!$B$2+COUNTIF(L17:AP17,标准数据!$A$3)*标准数据!$B$3+COUNTIF(L17:AP17,标准数据!$A$4)*标准数据!$B$4 -> 0
A18: 寡核苷酸厂房1CNC区域 | B18: 班长 | C18: 窦贤巩 | D18: ALS5807 | E18: 43817 | F18: =(K18+G18+H18+I18-J18) -> 0 | G18: =SUMIF(积分汇总!$B:$B,C17,积分汇总!$E:$E) -> 0 | H18: =SUMIF(记录巡查问题条数汇总!$B:$B,C17,记录巡查问题条数汇总!$E:$E) -> 0 | J18: =SUMIF(安全质量事故!$B:$B,C17,安全质量事故!$G:$G) -> 0 | K18: =COUNTIF(L18:AP18,标准数据!$A$2)*标准数据!$B$2+COUNTIF(L18:AP18,标准数据!$A$3)*标准数据!$B$3+COUNTIF(L18:AP18,标准数据!$A$4)*标准数据!$B$4 -> 0
A19: 寡核苷酸厂房1CNC区域 | B19: 班长 | C19: 李董明 | D19: ALS10327 | E19: 44734 | F19: =(K19+G19+H19+I19-J19) -> 0 | G19: =SUMIF(积分汇总!$B:$B,C18,积分汇总!$E:$E) -> 0 | H19: =SUMIF(记录巡查问题条数汇总!$B:$B,C18,记录巡查问题条数汇总!$E:$E) -> 0 | J19: =SUMIF(安全质量事故!$B:$B,C18,安全质量事故!$G:$G) -> 0 | K19: =COUNTIF(L19:AP19,标准数据!$A$2)*标准数据!$B$2+COUNTIF(L19:AP19,标准数据!$A$3)*标准数据!$B$3+COUNTIF(L19:AP19,标准数据!$A$4)*标准数据!$B$4 -> 0
A20: 寡核苷酸厂房1CNC区域 | B20: 班长 | C20: 王永乐 | D20: ALS10165 | E20: 44755 | F20: =(K20+G20+H20+I20-J20) -> 0 | G20: =SUMIF(积分汇总!$B:$B,C19,积分汇总!$E:$E) -> 0 | H20: =SUMIF(记录巡查问题条数汇总!$B:$B,C19,记录巡查问题条数汇总!$E:$E) -> 0 | J20: =SUMIF(安全质量事故!$B:$B,C19,安全质量事故!$G:$G) -> 0 | K20: =COUNTIF(L20:AP20,标准数据!$A$2)*标准数据!$B$2+COUNTIF(L20:AP20,标准数据!$A$3)*标准数据!$B$3+COUNTIF(L20:AP20,标准数据!$A$4)*标准数据!$B$4 -> 0
A21: 寡核苷酸厂房1CNC区域 | B21: 班长 | C21: 韩德玉 | D21: ALS11936 | E21: 45056 | F21: =(K21+G21+H21+I21-J21) -> 0 | G21: =SUMIF(积分汇总!$B:$B,C20,积分汇总!$E:$E) -> 0 | H21: =SUMIF(记录巡查问题条数汇总!$B:$B,C20,记录巡查问题条数汇总!$E:$E) -> 0 | J21: =SUMIF(安全质量事故!$B:$B,C20,安全质量事故!$G:$G) -> 0 | K21: =COUNTIF(L21:AP21,标准数据!$A$2)*标准数据!$B$2+COUNTIF(L21:AP21,标准数据!$A$3)*标准数据!$B$3+COUNTIF(L21:AP21,标准数据!$A$4)*标准数据!$B$4 -> 0
A22: 寡核苷酸厂房1CNC区域 | B22: 班长 | C22: 赵鹏帅 | D22: ALS10175 | E22: 44755 | F22: =(K22+G22+H22+I22-J22) -> 0 | G22: =SUMIF(积分汇总!$B:$B,C21,积分汇总!$E:$E) -> 0 | H22: =SUMIF(记录巡查问题条数汇总!$B:$B,C21,记录巡查问题条数汇总!$E:$E) -> 0 | J22: =SUMIF(安全质量事故!$B:$B,C21,安全质量事故!$G:$G) -> 0 | K22: =COUNTIF(L22:AP22,标准数据!$A$2)*标准数据!$B$2+COUNTIF(L22:AP22,标准数据!$A$3)*标准数据!$B$3+COUNTIF(L22:AP22,标准数据!$A$4)*标准数据!$B$4 -> 0
... A45: 寡核苷酸厂房1CNC区域 | B45: 助工 | C45: 张杰 | D45: ALS13442 | E45: 45546 | F45: =(K45+G45+H45+I45-J45) -> 0 | G45: =SUMIF(积分汇总!$B:$B,C44,积分汇总!$E:$E) -> 0 | H45: =SUMIF(记录巡查问题条数汇总!$B:$B,C44,记录巡查问题条数汇总!$E:$E) -> 0 | J45: =SUMIF(安全质量事故!$B:$B,C44,安全质量事故!$G:$G) -> 0 | K45: =COUNTIF(L45:AP45,标准数据!$A$2)*标准数据!$B$2+COUNTIF(L45:AP45,标准数据!$A$3)*标准数据!$B$3+COUNTIF(L45:AP45,标准数据!$A$4)*标准数据!$B$4 -> 0
A46: 寡核苷酸厂房1CNC区域 | B46: 助工 | C46: 杨瑞翔 | D46: ALS13789 | E46: 45700 | F46: =(K46+G46+H46+I46-J46) -> 0 | G46: =SUMIF(积分汇总!$B:$B,,积分汇总!$E:$E) -> 0 | H46: =SUMIF(记录巡查问题条数汇总!$B:$B,,记录巡查问题条数汇总!$E:$E) -> 0 | J46: =SUMIF(安全质量事故!$B:$B,,安全质量事故!$G:$G) -> 0 | K46: =COUNTIF(L46:AP46,标准数据!$A$2)*标准数据!$B$2+COUNTIF(L46:AP46,标准数据!$A$3)*标准数据!$B$3+COUNTIF(L46:AP46,标准数据!$A$4)*标准数据!$B$4 -> 0
A47: 寡核苷酸厂房1CNC区域 | B47: 助工 | C47: 张昊成 | D47: ALS13784 | E47: 45700 | F47: =(K47+G47+H47+I47-J47) -> 0 | G47: =SUMIF(积分汇总!$B:$B,C46,积分汇总!$E:$E) -> 0 | H47: =SUMIF(记录巡查问题条数汇总!$B:$B,C46,记录巡查问题条数汇总!$E:$E) -> 0 | J47: =SUMIF(安全质量事故!$B:$B,C46,安全质量事故!$G:$G) -> 0 | K47: =COUNTIF(L47:AP47,标准数据!$A$2)*标准数据!$B$2+COUNTIF(L47:AP47,标准数据!$A$3)*标准数据!$B$3+COUNTIF(L47:AP47,标准数据!$A$4)*标准数据!$B$4 -> 0
A48: 寡核苷酸厂房1CNC区域 | B48: 助工 | C48: 王思衡 | D48: ALS13785 | E48: 45700 | F48: =(K48+G48+H48+I48-J48) -> 0 | G48: =SUMIF(积分汇总!$B:$B,C47,积分汇总!$E:$E) -> 0 | H48: =SUMIF(记录巡查问题条数汇总!$B:$B,C47,记录巡查问题条数汇总!$E:$E) -> 0 | J48: =SUMIF(安全质量事故!$B:$B,C47,安全质量事故!$G:$G) -> 0 | K48: =COUNTIF(L48:AP48,标准数据!$A$2)*标准数据!$B$2+COUNTIF(L48:AP48,标准数据!$A$3)*标准数据!$B$3+COUNTIF(L48:AP48,标准数据!$A$4)*标准数据!$B$4 -> 0
A49: 寡核苷酸厂房1CNC区域 | B49: 助工 | C49: 张秣骐 | D49: ALS13786 | E49: 45700 | F49: =(K49+G49+H49+I49-J49) -> 0 | G49: =SUMIF(积分汇总!$B:$B,C48,积分汇总!$E:$E) -> 0 | H49: =SUMIF(记录巡查问题条数汇总!$B:$B,C48,记录巡查问题条数汇总!$E:$E) -> 0 | J49: =SUMIF(安全质量事故!$B:$B,C48,安全质量事故!$G:$G) -> 0 | K49: =COUNTIF(L49:AP49,标准数据!$A$2)*标准数据!$B$2+COUNTIF(L49:AP49,标准数据!$A$3)*标准数据!$B$3+COUNTIF(L49:AP49,标准数据!$A$4)*标准数据!$B$4 -> 0
A50: 寡核苷酸厂房1CNC区域 | B50: 助工 | C50: 宋春宏 | D50: ALS13931 | E50: 45770 | F50: =(K50+G50+H50+I50-J50) -> 0 | G50: =SUMIF(积分汇总!$B:$B,C49,积分汇总!$E:$E) -> 0 | H50: =SUMIF(记录巡查问题条数汇总!$B:$B,C49,记录巡查问题条数汇总!$E:$E) -> 0 | J50: =SUMIF(安全质量事故!$B:$B,C49,安全质量事故!$G:$G) -> 0 | K50: =COUNTIF(L50:AP50,标准数据!$A$2)*标准数据!$B$2+COUNTIF(L50:AP50,标准数据!$A$3)*标准数据!$B$3+COUNTIF(L50:AP50,标准数据!$A$4)*标准数据!$B$4 -> 0
A51: 寡核苷酸厂房1CNC区域 | B51: 助工 | C51: 尉勇 | D51: LFX577 | E51: 44389 | F51: =(K51+G51+H51+I51-J51) -> 0 | G51: =SUMIF(积分汇总!$B:$B,C50,积分汇总!$E:$E) -> 0 | H51: =SUMIF(记录巡查问题条数汇总!$B:$B,C50,记录巡查问题条数汇总!$E:$E) -> 0 | J51: =SUMIF(安全质量事故!$B:$B,C50,安全质量事故!$G:$G) -> 0 | K51: =COUNTIF(L51:AP51,标准数据!$A$2)*标准数据!$B$2+COUNTIF(L51:AP51,标准数据!$A$3)*标准数据!$B$3+COUNTIF(L51:AP51,标准数据!$A$4)*标准数据!$B$4 -> 0
A52: 寡核苷酸厂房1CNC区域 | B52: 助工 | C52: 金士新 | D52: LFX859 | E52: 44753 | F52: =(K52+G52+H52+I52-J52) -> 0 | G52: =SUMIF(积分汇总!$B:$B,,积分汇总!$E:$E) -> 0 | H52: =SUMIF(记录巡查问题条数汇总!$B:$B,,记录巡查问题条数汇总!$E:$E) -> 0 | J52: =SUMIF(安全质量事故!$B:$B,,安全质量事故!$G:$G) -> 0 | K52: =COUNTIF(L52:AP52,标准数据!$A$2)*标准数据!$B$2+COUNTIF(L52:AP52,标准数据!$A$3)*标准数据!$B$3+COUNTIF(L52:AP52,标准数据!$A$4)*标准数据!$B$4 -> 0
A53: 寡核苷酸厂房1CNC区域 | B53: 助工 | C53: 吕云亮 | D53: ALS14026 | E53: 45791 | F53: =(K53+G53+H53+I53-J53) -> 0 | G53: =SUMIF(积分汇总!$B:$B,C52,积分汇总!$E:$E) -> 0 | H53: =SUMIF(记录巡查问题条数汇总!$B:$B,C52,记录巡查问题条数汇总!$E:$E) -> 0 | J53: =SUMIF(安全质量事故!$B:$B,C52,安全质量事故!$G:$G) -> 0 | K53: =COUNTIF(L53:AP53,标准数据!$A$2)*标准数据!$B$2+COUNTIF(L53:AP53,标准数据!$A$3)*标准数据!$B$3+COUNTIF(L53:AP53,标准数据!$A$4)*标准数据!$B$4 -> 0
A54: 寡核苷酸厂房1CNC区域 | B54: 助工 | C54: 鲁斌 | D54: ALS14129 | E54: 45819 | F54: =(K54+G54+H54+I54-J54) -> 0 | G54: =SUMIF(积分汇总!$B:$B,C53,积分汇总!$E:$E) -> 0 | H54: =SUMIF(记录巡查问题条数汇总!$B:$B,C53,记录巡查问题条数汇总!$E:$E) -> 0 | J54: =SUMIF(安全质量事故!$B:$B,C53,安全质量事故!$G:$G) -> 0 | K54: =COUNTIF(L54:AP54,标准数据!$A$2)*标准数据!$B$2+COUNTIF(L54:AP54,标准数据!$A$3)*标准数据!$B$3+COUNTIF(L54:AP54,标准数据!$A$4)*标准数据!$B$4 -> 0
A55: 寡核苷酸厂房1CNC区域 | B55: 助工 | C55: 郭淼 | D55: ALS14154 | E55: 45826 | F55: =(K55+G55+H55+I55-J55) -> 0 | G55: =SUMIF(积分汇总!$B:$B,,积分汇总!$E:$E) -> 0 | H55: =SUMIF(记录巡查问题条数汇总!$B:$B,,记录巡查问题条数汇总!$E:$E) -> 0 | J55: =SUMIF(安全质量事故!$B:$B,,安全质量事故!$G:$G) -> 0 | K55: =COUNTIF(L55:AP55,标准数据!$A$2)*标准数据!$B$2+COUNTIF(L55:AP55,标准数据!$A$3)*标准数据!$B$3+COUNTIF(L55:AP55,标准数据!$A$4)*标准数据!$B$4 -> 0
A56: 寡核苷酸厂房1CNC区域 | B56: 助工 | C56: 贾同才 | D56: ALS14236 | E56: 45840 | F56: =(K56+G56+H56+I56-J56) -> 0 | G56: =SUMIF(积分汇总!$B:$B,C55,积分汇总!$E:$E) -> 0 | H56: =SUMIF(记录巡查问题条数汇总!$B:$B,C55,记录巡查问题条数汇总!$E:$E) -> 0 | J56: =SUMIF(安全质量事故!$B:$B,C55,安全质量事故!$G:$G) -> 0 | K56: =COUNTIF(L56:AP56,标准数据!$A$2)*标准数据!$B$2+COUNTIF(L56:AP56,标准数据!$A$3)*标准数据!$B$3+COUNTIF(L56:AP56,标准数据!$A$4)*标准数据!$B$4 -> 0
A57: 寡核苷酸厂房1CNC区域 | B57: 助工 | C57: 熊俊伟 | D57: ALS14632 | E57: 45882 | F57: =(K57+G57+H57+I57-J57) -> 0 | G57: =SUMIF(积分汇总!$B:$B,C56,积分汇总!$E:$E) -> 0 | H57: =SUMIF(记录巡查问题条数汇总!$B:$B,C56,记录巡查问题条数汇总!$E:$E) -> 0 | J57: =SUMIF(安全质量事故!$B:$B,C56,安全质量事故!$G:$G) -> 0 | K57: =COUNTIF(L57:AP57,标准数据!$A$2)*标准数据!$B$2+COUNTIF(L57:AP57,标准数据!$A$3)*标准数据!$B$3+COUNTIF(L57:AP57,标准数据!$A$4)*标准数据!$B$4 -> 0
A58: 寡核苷酸厂房1CNC区域 | B58: 助工 | C58: 田芸龙 | D58: ALS14573 | E58: 45875 | F58: =(K58+G58+H58+I58-J58) -> 0 | G58: =SUMIF(积分汇总!$B:$B,C57,积分汇总!$E:$E) -> 0 | H58: =SUMIF(记录巡查问题条数汇总!$B:$B,C57,记录巡查问题条数汇总!$E:$E) -> 0 | J58: =SUMIF(安全质量事故!$B:$B,C57,安全质量事故!$G:$G) -> 0 | K58: =COUNTIF(L58:AP58,标准数据!$A$2)*标准数据!$B$2+COUNTIF(L58:AP58,标准数据!$A$3)*标准数据!$B$3+COUNTIF(L58:AP58,标准数据!$A$4)*标准数据!$B$4 -> 0
A59: 寡核苷酸厂房1CNC区域 | B59: 助工 | C59: 李塨榮 | D59: ALS14574 | E59: 45875 | F59: =(K59+G59+H59+I59-J59) -> 0 | G59: =SUMIF(积分汇总!$B:$B,C58,积分汇总!$E:$E) -> 0 | H59: =SUMIF(记录巡查问题条数汇总!$B:$B,C58,记录巡查问题条数汇总!$E:$E) -> 0 | J59: =SUMIF(安全质量事故!$B:$B,C58,安全质量事故!$G:$G) -> 0 | K59: =COUNTIF(L59:AP59,标准数据!$A$2)*标准数据!$B$2+COUNTIF(L59:AP59,标准数据!$A$3)*标准数据!$B$3+COUNTIF(L59:AP59,标准数据!$A$4)*标准数据!$B$4 -> 0
A60: 寡核苷酸厂房1CNC区域 | B60: 助工 | C60: 王爱港 | D60: AMM4102 | E60: 45392 | F60: =(K60+G60+H60+I60-J60) -> 0 | G60: =SUMIF(积分汇总!$B:$B,C59,积分汇总!$E:$E) -> 0 | H60: =SUMIF(记录巡查问题条数汇总!$B:$B,C59,记录巡查问题条数汇总!$E:$E) -> 0 | J60: =SUMIF(安全质量事故!$B:$B,C59,安全质量事故!$G:$G) -> 0 | K60: =COUNTIF(L60:AP60,标准数据!$A$2)*标准数据!$B$2+COUNTIF(L60:AP60,标准数据!$A$3)*标准数据!$B$3+COUNTIF(L60:AP60,标准数据!$A$4)*标准数据!$B$4 -> 0
A61: 寡核苷酸厂房1CNC区域 | B61: 助工 | C61: 王俊淋 | D61: ALS14610 | E61: 45889 | F61: =(K61+G61+H61+I61-J61) -> 0 | G61: =SUMIF(积分汇总!$B:$B,C60,积分汇总!$E:$E) -> 0 | H61: =SUMIF(记录巡查问题条数汇总!$B:$B,C60,记录巡查问题条数汇总!$E:$E) -> 0 | J61: =SUMIF(安全质量事故!$B:$B,C60,安全质量事故!$G:$G) -> 0 | K61: =COUNTIF(L61:AP61,标准数据!$A$2)*标准数据!$B$2+COUNTIF(L61:AP61,标准数据!$A$3)*标准数据!$B$3+COUNTIF(L61:AP61,标准数据!$A$4)*标准数据!$B$4 -> 0
A62: 寡核苷酸厂房1CNC区域 | B62: 助工 | C62: 陆明 | D62: ALS15138 | E62: 45959 | F62: =(K62+G62+H62+I62-J62) -> 0 | G62: =SUMIF(积分汇总!$B:$B,C61,积分汇总!$E:$E) -> 0 | H62: =SUMIF(记录巡查问题条数汇总!$B:$B,C61,记录巡查问题条数汇总!$E:$E) -> 0 | J62: =SUMIF(安全质量事故!$B:$B,C61,安全质量事故!$G:$G) -> 0 | K62: =COUNTIF(L62:AP62,标准数据!$A$2)*标准数据!$B$2+COUNTIF(L62:AP62,标准数据!$A$3)*标准数据!$B$3+COUNTIF(L62:AP62,标准数据!$A$4)*标准数据!$B$4 -> 0
A63: 寡核苷酸厂房1CNC区域 | B63: 助工 | C63: 侯明恺 | D63: ALS15915 | E63: 46029 | F63: =(K63+G63+H63+I63-J63) -> 0 | G63: =SUMIF(积分汇总!$B:$B,C62,积分汇总!$E:$E) -> 0 | H63: =SUMIF(记录巡查问题条数汇总!$B:$B,C62,记录巡查问题条数汇总!$E:$E) -> 0 | J63: =SUMIF(安全质量事故!$B:$B,C62,安全质量事故!$G:$G) -> 0 | K63: =COUNTIF(L63:AP63,标准数据!$A$2)*标准数据!$B$2+COUNTIF(L63:AP63,标准数据!$A$3)*标准数据!$B$3+COUNTIF(L63:AP63,标准数据!$A$4)*标准数据!$B$4 -> 0
A64: 寡核苷酸厂房1CNC区域 | B64: 助工 | C64: 周永乔 | D64: ALS15889 | E64: 46029 | F64: =(K64+G64+H64+I64-J64) -> 0 | G64: =SUMIF(积分汇总!$B:$B,,积分汇总!$E:$E) -> 0 | H64: =SUMIF(记录巡查问题条数汇总!$B:$B,,记录巡查问题条数汇总!$E:$E) -> 0 | J64: =SUMIF(安全质量事故!$B:$B,,安全质量事故!$G:$G) -> 0 | K64: =COUNTIF(L64:AP64,标准数据!$A$2)*标准数据!$B$2+COUNTIF(L64:AP64,标准数据!$A$3)*标准数据!$B$3+COUNTIF(L64:AP64,标准数据!$A$4)*标准数据!$B$4 -> 0
A65: 寡核苷酸厂房1CNC区域 | B65: 助工 | C65: 孙亚南 | D65: ALS15270 | E65: 45973 | F65: =(K65+G65+H65+I65-J65) -> 0 | G65: =SUMIF(积分汇总!$B:$B,C64,积分汇总!$E:$E) -> 0 | H65: =SUMIF(记录巡查问题条数汇总!$B:$B,C64,记录巡查问题条数汇总!$E:$E) -> 0 | J65: =SUMIF(安全质量事故!$B:$B,C64,安全质量事故!$G:$G) -> 0 | K65: =COUNTIF(L65:AP65,标准数据!$A$2)*标准数据!$B$2+COUNTIF(L65:AP65,标准数据!$A$3)*标准数据!$B$3+COUNTIF(L65:AP65,标准数据!$A$4)*标准数据!$B$4 -> 0
A66: 寡核苷酸厂房1CNC区域 | B66: 助工 | C66: 刘博文 | D66: ALS15341 | E66: 45987 | F66: =(K66+G66+H66+I66-J66) -> 0 | G66: =SUMIF(积分汇总!$B:$B,C65,积分汇总!$E:$E) -> 0 | H66: =SUMIF(记录巡查问题条数汇总!$B:$B,C65,记录巡查问题条数汇总!$E:$E) -> 0 | J66: =SUMIF(安全质量事故!$B:$B,C65,安全质量事故!$G:$G) -> 0 | K66: =COUNTIF(L66:AP66,标准数据!$A$2)*标准数据!$B$2+COUNTIF(L66:AP66,标准数据!$A$3)*标准数据!$B$3+COUNTIF(L66:AP66,标准数据!$A$4)*标准数据!$B$4 -> 0
A67: 寡核苷酸厂房1CNC区域 | B67: 助工 | C67: 贺强 | D67: ALS15345 | E67: 45987 | F67: =(K67+G67+H67+I67-J67) -> 0 | G67: =SUMIF(积分汇总!$B:$B,C65,积分汇总!$E:$E) -> 0 | H67: =SUMIF(记录巡查问题条数汇总!$B:$B,C65,记录巡查问题条数汇总!$E:$E) -> 0 | J67: =SUMIF(安全质量事故!$B:$B,C65,安全质量事故!$G:$G) -> 0 | K67: =COUNTIF(L67:AP67,标准数据!$A$2)*标准数据!$B$2+COUNTIF(L67:AP67,标准数据!$A$3)*标准数据!$B$3+COUNTIF(L67:AP67,标准数据!$A$4)*标准数据!$B$4 -> 0
A68: 寡核苷酸厂房1CNC区域 | B68: 助工 | C68: 蔡斯宇 | D68: ALS17602 | E68: 46197 | F68: =(K68+G68+H68+I68-J68) -> 0 | G68: =SUMIF(积分汇总!$B:$B,C67,积分汇总!$E:$E) -> 0 | H68: =SUMIF(记录巡查问题条数汇总!$B:$B,C67,记录巡查问题条数汇总!$E:$E) -> 0 | J68: =SUMIF(安全质量事故!$B:$B,C67,安全质量事故!$G:$G) -> 0 | K68: =COUNTIF(L68:AP68,标准数据!$A$2)*标准数据!$B$2+COUNTIF(L68:AP68,标准数据!$A$3)*标准数据!$B$3+COUNTIF(L68:AP68,标准数据!$A$4)*标准数据!$B$4 -> 0
A69: 寡核苷酸厂房1CNC区域 | B69: 助工 | C69: 李文权 | D69: ALS17605 | E69: 46197 | F69: =(K69+G69+H69+I69-J69) -> 0 | G69: =SUMIF(积分汇总!$B:$B,,积分汇总!$E:$E) -> 0 | H69: =SUMIF(记录巡查问题条数汇总!$B:$B,,记录巡查问题条数汇总!$E:$E) -> 0 | J69: =SUMIF(安全质量事故!$B:$B,,安全质量事故!$G:$G) -> 0 | K69: =COUNTIF(L69:AP69,标准数据!$A$2)*标准数据!$B$2+COUNTIF(L69:AP69,标准数据!$A$3)*标准数据!$B$3+COUNTIF(L69:AP69,标准数据!$A$4)*标准数据!$B$4 -> 0
A70: 寡核苷酸厂房1CNC区域 | B70: 助工 | C70: 王定静 | D70: ALS17473 | E70: 46195 | F70: =(K70+G70+H70+I70-J70) -> 0 | G70: =SUMIF(积分汇总!$B:$B,C69,积分汇总!$E:$E) -> 0 | H70: =SUMIF(记录巡查问题条数汇总!$B:$B,C69,记录巡查问题条数汇总!$E:$E) -> 0 | J70: =SUMIF(安全质量事故!$B:$B,C69,安全质量事故!$G:$G) -> 0 | K70: =COUNTIF(L70:AP70,标准数据!$A$2)*标准数据!$B$2+COUNTIF(L70:AP70,标准数据!$A$3)*标准数据!$B$3+COUNTIF(L70:AP70,标准数据!$A$4)*标准数据!$B$4 -> 0
A71: 寡核苷酸厂房1CNC区域 | B71: 助工 | C71: 王凯 | D71: LFX573 | E71: 44389 | F71: =(K71+G71+H71+I71-J71) -> 0 | G71: =SUMIF(积分汇总!$B:$B,,积分汇总!$E:$E) -> 0 | H71: =SUMIF(记录巡查问题条数汇总!$B:$B,,记录巡查问题条数汇总!$E:$E) -> 0 | J71: =SUMIF(安全质量事故!$B:$B,,安全质量事故!$G:$G) -> 0 | K71: =COUNTIF(L71:AP71,标准数据!$A$2)*标准数据!$B$2+COUNTIF(L71:AP71,标准数据!$A$3)*标准数据!$B$3+COUNTIF(L71:AP71,标准数据!$A$4)*标准数据!$B$4 -> 0
A72: 寡核苷酸厂房1CNC区域 | B72: 助工 | C72: 阴策 | D72: ALS16847 | E72: 46160 | F72: =(K72+G72+H72+I72-J72) -> 0 | G72: =SUMIF(积分汇总!$B:$B,C71,积分汇总!$E:$E) -> 0 | H72: =SUMIF(记录巡查问题条数汇总!$B:$B,C71,记录巡查问题条数汇总!$E:$E) -> 0 | J72: =SUMIF(安全质量事故!$B:$B,C71,安全质量事故!$G:$G) -> 0 | K72: =COUNTIF(L72:AP72,标准数据!$A$2)*标准数据!$B$2+COUNTIF(L72:AP72,标准数据!$A$3)*标准数据!$B$3+COUNTIF(L72:AP72,标准数据!$A$4)*标准数据!$B$4 -> 0
A73: 寡核苷酸厂房1CNC区域 | B73: 助工 | C73: 郭嘉豪 | D73: ALS17474 | E73: 46215 | F73: =(K73+G73+H73+I73-J73) -> 0 | G73: =SUMIF(积分汇总!$B:$B,C72,积分汇总!$E:$E) -> 0 | H73: =SUMIF(记录巡查问题条数汇总!$B:$B,C72,记录巡查问题条数汇总!$E:$E) -> 0 | J73: =SUMIF(安全质量事故!$B:$B,C72,安全质量事故!$G:$G) -> 0 | K73: =COUNTIF(L73:AP73,标准数据!$A$2)*标准数据!$B$2+COUNTIF(L73:AP73,标准数据!$A$3)*标准数据!$B$3+COUNTIF(L73:AP73,标准数据!$A$4)*标准数据!$B$4 -> 0
A74: 寡核苷酸厂房1CNC区域 | B74: 助工 | C74: 李富先 | D74: ALS17399 | E74: 46215 | F74: =(K74+G74+H74+I74-J74) -> 0 | G74: =SUMIF(积分汇总!$B:$B,C73,积分汇总!$E:$E) -> 0 | H74: =SUMIF(记录巡查问题条数汇总!$B:$B,C73,记录巡查问题条数汇总!$E:$E) -> 0 | J74: =SUMIF(安全质量事故!$B:$B,C73,安全质量事故!$G:$G) -> 0 | K74: =COUNTIF(L74:AP74,标准数据!$A$2)*标准数据!$B$2+COUNTIF(L74:AP74,标准数据!$A$3)*标准数据!$B$3+COUNTIF(L74:AP74,标准数据!$A$4)*标准数据!$B$4 -> 0
A75: 寡核苷酸厂房1CNC区域 | B75: 助工 | C75: 景涛 | D75: ALS18234 | E75: 46239 | F75: =(K75+G75+H75+I75-J75) -> 0 | G75: =SUMIF(积分汇总!$B:$B,C74,积分汇总!$E:$E) -> 0 | H75: =SUMIF(记录巡查问题条数汇总!$B:$B,C74,记录巡查问题条数汇总!$E:$E) -> 0 | J75: =SUMIF(安全质量事故!$B:$B,C74,安全质量事故!$G:$G) -> 0 | K75: =COUNTIF(L75:AP75,标准数据!$A$2)*标准数据!$B$2+COUNTIF(L75:AP75,标准数据!$A$3)*标准数据!$B$3+COUNTIF(L75:AP75,标准数据!$A$4)*标准数据!$B$4 -> 0
A76: 寡核苷酸厂房1CNC区域 | B76: 助工 | C76: 李宝强 | D76: ALS17397 | E76: 46232 | F76: =(K76+G76+H76+I76-J76) -> 0 | G76: =SUMIF(积分汇总!$B:$B,C75,积分汇总!$E:$E) -> 0 | H76: =SUMIF(记录巡查问题条数汇总!$B:$B,C75,记录巡查问题条数汇总!$E:$E) -> 0 | J76: =SUMIF(安全质量事故!$B:$B,C75,安全质量事故!$G:$G) -> 0 | K76: =COUNTIF(L76:AP76,标准数据!$A$2)*标准数据!$B$2+COUNTIF(L76:AP76,标准数据!$A$3)*标准数据!$B$3+COUNTIF(L76:AP76,标准数据!$A$4)*标准数据!$B$4 -> 0
A77: 寡核苷酸厂房1CNC区域 | B77: 助工 | C77: 李志杰 | D77: ALS18197 | E77: 46232 | F77: =(K77+G77+H77+I77-J77) -> 0 | G77: =SUMIF(积分汇总!$B:$B,C76,积分汇总!$E:$E) -> 0 | H77: =SUMIF(记录巡查问题条数汇总!$B:$B,C76,记录巡查问题条数汇总!$E:$E) -> 0 | J77: =SUMIF(安全质量事故!$B:$B,C76,安全质量事故!$G:$G) -> 0 | K77: =COUNTIF(L77:AP77,标准数据!$A$2)*标准数据!$B$2+COUNTIF(L77:AP77,标准数据!$A$3)*标准数据!$B$3+COUNTIF(L77:AP77,标准数据!$A$4)*标准数据!$B$4 -> 0
A78: 寡核苷酸厂房1CNC区域 | B78: 助工 | C78: 颜庭鑫 | D78: ALS18152 | E78: 46232 | F78: =(K78+G78+H78+I78-J78) -> 0 | G78: =SUMIF(积分汇总!$B:$B,C77,积分汇总!$E:$E) -> 0 | H78: =SUMIF(记录巡查问题条数汇总!$B:$B,C77,记录巡查问题条数汇总!$E:$E) -> 0 | J78: =SUMIF(安全质量事故!$B:$B,C77,安全质量事故!$G:$G) -> 0 | K78: =COUNTIF(L78:AP78,标准数据!$A$2)*标准数据!$B$2+COUNTIF(L78:AP78,标准数据!$A$3)*标准数据!$B$3+COUNTIF(L78:AP78,标准数据!$A$4)*标准数据!$B$4 -> 0
A79: 寡核苷酸厂房1CNC区域 | B79: 操作工 | C79: 高兴宇 | D79: ALS9146 | E79: 44620 | F79: =(K79+G79+H79+I79-J79) -> 0 | G79: =SUMIF(积分汇总!$B:$B,C78,积分汇总!$E:$E) -> 0 | H79: =SUMIF(记录巡查问题条数汇总!$B:$B,C78,记录巡查问题条数汇总!$E:$E) -> 0 | J79: =SUMIF(安全质量事故!$B:$B,C78,安全质量事故!$G:$G) -> 0 | K79: =COUNTIF(L79:AP79,标准数据!$A$2)*标准数据!$B$2+COUNTIF(L79:AP79,标准数据!$A$3)*标准数据!$B$3+COUNTIF(L79:AP79,标准数据!$A$4)*标准数据!$B$4 -> 0
A80: 寡核苷酸厂房1CNC区域 | B80: 操作工 | C80: 熊培增 | D80: ALS13065 | E80: 45476 | F80: =(K80+G80+H80+I80-J80) -> 0 | G80: =SUMIF(积分汇总!$B:$B,C79,积分汇总!$E:$E) -> 0 | H80: =SUMIF(记录巡查问题条数汇总!$B:$B,C79,记录巡查问题条数汇总!$E:$E) -> 0 | J80: =SUMIF(安全质量事故!$B:$B,C79,安全质量事故!$G:$G) -> 0 | K80: =COUNTIF(L80:AP80,标准数据!$A$2)*标准数据!$B$2+COUNTIF(L80:AP80,标准数据!$A$3)*标准数据!$B$3+COUNTIF(L80:AP80,标准数据!$A$4)*标准数据!$B$4 -> 0
A81: 寡核苷酸厂房1CNC区域 | B81: 操作工 | C81: 田晨阳 | D81: ALS13514 | E81: 45574 | F81: =(K81+G81+H81+I81-J81) -> 0 | G81: =SUMIF(积分汇总!$B:$B,C80,积分汇总!$E:$E) -> 0 | H81: =SUMIF(记录巡查问题条数汇总!$B:$B,C80,记录巡查问题条数汇总!$E:$E) -> 0 | J81: =SUMIF(安全质量事故!$B:$B,C80,安全质量事故!$G:$G) -> 0 | K81: =COUNTIF(L81:AP81,标准数据!$A$2)*标准数据!$B$2+COUNTIF(L81:AP81,标准数据!$A$3)*标准数据!$B$3+COUNTIF(L81:AP81,标准数据!$A$4)*标准数据!$B$4 -> 0
A82: 寡核苷酸厂房1CNC区域 | B82: 操作工 | C82: 温紫龙 | D82: ALS13646 | E82: 45616 | F82: =(K82+G82+H82+I82-J82) -> 0 | G82: =SUMIF(积分汇总!$B:$B,,积分汇总!$E:$E) -> 0 | H82: =SUMIF(记录巡查问题条数汇总!$B:$B,,记录巡查问题条数汇总!$E:$E) -> 0 | J82: =SUMIF(安全质量事故!$B:$B,,安全质量事故!$G:$G) -> 0 | K82: =COUNTIF(L82:AP82,标准数据!$A$2)*标准数据!$B$2+COUNTIF(L82:AP82,标准数据!$A$3)*标准数据!$B$3+COUNTIF(L82:AP82,标准数据!$A$4)*标准数据!$B$4 -> 0
A83: 寡核苷酸厂房1CNC区域 | B83: 操作工 | C83: 胡昊阳 | D83: ALS13794 | E83: 45700 | F83: =(K83+G83+H83+I83-J83) -> 0 | G83: =SUMIF(积分汇总!$B:$B,C82,积分汇总!$E:$E) -> 0 | H83: =SUMIF(记录巡查问题条数汇总!$B:$B,C82,记录巡查问题条数汇总!$E:$E) -> 0 | J83: =SUMIF(安全质量事故!$B:$B,C82,安全质量事故!$G:$G) -> 0 | K83: =COUNTIF(L83:AP83,标准数据!$A$2)*标准数据!$B$2+COUNTIF(L83:AP83,标准数据!$A$3)*标准数据!$B$3+COUNTIF(L83:AP83,标准数据!$A$4)*标准数据!$B$4 -> 0
A84: 寡核苷酸厂房1CNC区域 | B84: 操作工 | C84: 杜祎辉 | D84: ALS13851 | E84: 45735 | F84: =(K84+G84+H84+I84-J84) -> 0 | G84: =SUMIF(积分汇总!$B:$B,C83,积分汇总!$E:$E) -> 0 | H84: =SUMIF(记录巡查问题条数汇总!$B:$B,C83,记录巡查问题条数汇总!$E:$E) -> 0 | J84: =SUMIF(安全质量事故!$B:$B,C83,安全质量事故!$G:$G) -> 0 | K84: =COUNTIF(L84:AP84,标准数据!$A$2)*标准数据!$B$2+COUNTIF(L84:AP84,标准数据!$A$3)*标准数据!$B$3+COUNTIF(L84:AP84,标准数据!$A$4)*标准数据!$B$4 -> 0
A85: 寡核苷酸厂房1CNC区域 | B85: 操作工 | C85: 郭子灵 | D85: ALS13686 | E85: 45630 | F85: =(K85+G85+H85+I85-J85) -> 0 | G85: =SUMIF(积分汇总!$B:$B,,积分汇总!$E:$E) -> 0 | H85: =SUMIF(记录巡查问题条数汇总!$B:$B,,记录巡查问题条数汇总!$E:$E) -> 0 | J85: =SUMIF(安全质量事故!$B:$B,,安全质量事故!$G:$G) -> 0 | K85: =COUNTIF(L85:AP85,标准数据!$A$2)*标准数据!$B$2+COUNTIF(L85:AP85,标准数据!$A$3)*标准数据!$B$3+COUNTIF(L85:AP85,标准数据!$A$4)*标准数据!$B$4 -> 0
A86: 寡核苷酸厂房1CNC区域 | B86: 操作工 | C86: 孙健 | D86: ALS14100 | E86: 45812 | F86: =(K86+G86+H86+I86-J86) -> 0 | G86: =SUMIF(积分汇总!$B:$B,C85,积分汇总!$E:$E) -> 0 | H86: =SUMIF(记录巡查问题条数汇总!$B:$B,C85,记录巡查问题条数汇总!$E:$E) -> 0 | J86: =SUMIF(安全质量事故!$B:$B,C85,安全质量事故!$G:$G) -> 0 | K86: =COUNTIF(L86:AP86,标准数据!$A$2)*标准数据!$B$2+COUNTIF(L86:AP86,标准数据!$A$3)*标准数据!$B$3+COUNTIF(L86:AP86,标准数据!$A$4)*标准数据!$B$4 -> 0
A87: 寡核苷酸厂房1CNC区域 | B87: 操作工 | C87: 魏子轩 | D87: ALS14576 | E87: 45875 | F87: =(K87+G87+H87+I87-J87) -> 0 | G87: =SUMIF(积分汇总!$B:$B,,积分汇总!$E:$E) -> 0 | H87: =SUMIF(记录巡查问题条数汇总!$B:$B,,记录巡查问题条数汇总!$E:$E) -> 0 | J87: =SUMIF(安全质量事故!$B:$B,,安全质量事故!$G:$G) -> 0 | K87: =COUNTIF(L87:AP87,标准数据!$A$2)*标准数据!$B$2+COUNTIF(L87:AP87,标准数据!$A$3)*标准数据!$B$3+COUNTIF(L87:AP87,标准数据!$A$4)*标准数据!$B$4 -> 0
A88: 寡核苷酸厂房1CNC区域 | B88: 操作工 | C88: 赵梓淇 | D88: ALS14577 | E88: 45875 | F88: =(K88+G88+H88+I88-J88) -> 0 | G88: =SUMIF(积分汇总!$B:$B,C87,积分汇总!$E:$E) -> 0 | H88: =SUMIF(记录巡查问题条数汇总!$B:$B,C87,记录巡查问题条数汇总!$E:$E) -> 0 | J88: =SUMIF(安全质量事故!$B:$B,C87,安全质量事故!$G:$G) -> 0 | K88: =COUNTIF(L88:AP88,标准数据!$A$2)*标准数据!$B$2+COUNTIF(L88:AP88,标准数据!$A$3)*标准数据!$B$3+COUNTIF(L88:AP88,标准数据!$A$4)*标准数据!$B$4 -> 0
A89: 寡核苷酸厂房1CNC区域 | B89: 操作工 | C89: 杨佳华 | D89: ALS14747 | E89: 45896 | F89: =(K89+G89+H89+I89-J89) -> 0 | G89: =SUMIF(积分汇总!$B:$B,C88,积分汇总!$E:$E) -> 0 | H89: =SUMIF(记录巡查问题条数汇总!$B:$B,C88,记录巡查问题条数汇总!$E:$E) -> 0 | J89: =SUMIF(安全质量事故!$B:$B,C88,安全质量事故!$G:$G) -> 0 | K89: =COUNTIF(L89:AP89,标准数据!$A$2)*标准数据!$B$2+COUNTIF(L89:AP89,标准数据!$A$3)*标准数据!$B$3+COUNTIF(L89:AP89,标准数据!$A$4)*标准数据!$B$4 -> 0
A90: 寡核苷酸厂房1CNC区域 | B90: 操作工 | C90: 祁宁 | D90: AMM4573 | E90: 45575 | F90: =(K90+G90+H90+I90-J90) -> 0 | G90: =SUMIF(积分汇总!$B:$B,,积分汇总!$E:$E) -> 0 | H90: =SUMIF(记录巡查问题条数汇总!$B:$B,,记录巡查问题条数汇总!$E:$E) -> 0 | J90: =SUMIF(安全质量事故!$B:$B,,安全质量事故!$G:$G) -> 0 | K90: =COUNTIF(L90:AP90,标准数据!$A$2)*标准数据!$B$2+COUNTIF(L90:AP90,标准数据!$A$3)*标准数据!$B$3+COUNTIF(L90:AP90,标准数据!$A$4)*标准数据!$B$4 -> 0
A91: 寡核苷酸厂房1CNC区域 | B91: 操作工 | C91: 高启帅 | D91: AMM4694 | E91: 45763 | F91: =(K91+G91+H91+I91-J91) -> 0 | G91: =SUMIF(积分汇总!$B:$B,C90,积分汇总!$E:$E) -> 0 | H91: =SUMIF(记录巡查问题条数汇总!$B:$B,C90,记录巡查问题条数汇总!$E:$E) -> 0 | J91: =SUMIF(安全质量事故!$B:$B,C90,安全质量事故!$G:$G) -> 0 | K91: =COUNTIF(L91:AP91,标准数据!$A$2)*标准数据!$B$2+COUNTIF(L91:AP91,标准数据!$A$3)*标准数据!$B$3+COUNTIF(L91:AP91,标准数据!$A$4)*标准数据!$B$4 -> 0
A92: 寡核苷酸厂房1CNC区域 | B92: 操作工 | C92: 韩炳辉 | D92: ALS14708 | E92: 45896 | F92: =(K92+G92+H92+I92-J92) -> 0 | G92: =SUMIF(积分汇总!$B:$B,C91,积分汇总!$E:$E) -> 0 | H92: =SUMIF(记录巡查问题条数汇总!$B:$B,C91,记录巡查问题条数汇总!$E:$E) -> 0 | J92: =SUMIF(安全质量事故!$B:$B,C91,安全质量事故!$G:$G) -> 0 | K92: =COUNTIF(L92:AP92,标准数据!$A$2)*标准数据!$B$2+COUNTIF(L92:AP92,标准数据!$A$3)*标准数据!$B$3+COUNTIF(L92:AP92,标准数据!$A$4)*标准数据!$B$4 -> 0
A93: 寡核苷酸厂房1CNC区域 | B93: 操作工 | C93: 孟祥云 | D93: ALS15268 | E93: 45973 | F93: =(K93+G93+H93+I93-J93) -> 0 | G93: =SUMIF(积分汇总!$B:$B,C92,积分汇总!$E:$E) -> 0 | H93: =SUMIF(记录巡查问题条数汇总!$B:$B,C92,记录巡查问题条数汇总!$E:$E) -> 0 | J93: =SUMIF(安全质量事故!$B:$B,C92,安全质量事故!$G:$G) -> 0 | K93: =COUNTIF(L93:AP93,标准数据!$A$2)*标准数据!$B$2+COUNTIF(L93:AP93,标准数据!$A$3)*标准数据!$B$3+COUNTIF(L93:AP93,标准数据!$A$4)*标准数据!$B$4 -> 0
A94: 寡核苷酸厂房1CNC区域 | B94: 操作工 | C94: 梁世杨 | D94: ALS16413 | E94: 46127 | F94: =(K94+G94+H94+I94-J94) -> 0 | G94: =SUMIF(积分汇总!$B:$B,C93,积分汇总!$E:$E) -> 0 | H94: =SUMIF(记录巡查问题条数汇总!$B:$B,C93,记录巡查问题条数汇总!$E:$E) -> 0 | J94: =SUMIF(安全质量事故!$B:$B,C93,安全质量事故!$G:$G) -> 0 | K94: =COUNTIF(L94:AP94,标准数据!$A$2)*标准数据!$B$2+COUNTIF(L94:AP94,标准数据!$A$3)*标准数据!$B$3+COUNTIF(L94:AP94,标准数据!$A$4)*标准数据!$B$4 -> 0
A95: 寡核苷酸厂房1CNC区域 | B95: 操作工 | C95: 韩学永 | D95: ALS14333 | E95: 45847 | F95: =(K95+G95+H95+I95-J95) -> 0 | G95: =SUMIF(积分汇总!$B:$B,C94,积分汇总!$E:$E) -> 0 | H95: =SUMIF(记录巡查问题条数汇总!$B:$B,C94,记录巡查问题条数汇总!$E:$E) -> 0 | J95: =SUMIF(安全质量事故!$B:$B,C94,安全质量事故!$G:$G) -> 0 | K95: =COUNTIF(L95:AP95,标准数据!$A$2)*标准数据!$B$2+COUNTIF(L95:AP95,标准数据!$A$3)*标准数据!$B$3+COUNTIF(L95:AP95,标准数据!$A$4)*标准数据!$B$4 -> 0
A96: 寡核苷酸厂房1CNC区域 | B96: 操作工 | C96: 刘世杰 | D96: ALS14426 | E96: 45854 | F96: =(K96+G96+H96+I96-J96) -> 0 | G96: =SUMIF(积分汇总!$B:$B,C93,积分汇总!$E:$E) -> 0 | H96: =SUMIF(记录巡查问题条数汇总!$B:$B,C93,记录巡查问题条数汇总!$E:$E) -> 0 | J96: =SUMIF(安全质量事故!$B:$B,C93,安全质量事故!$G:$G) -> 0 | K96: =COUNTIF(L96:AP96,标准数据!$A$2)*标准数据!$B$2+COUNTIF(L96:AP96,标准数据!$A$3)*标准数据!$B$3+COUNTIF(L96:AP96,标准数据!$A$4)*标准数据!$B$4 -> 0
A97: 寡核苷酸厂房1CNC区域 | B97: 操作工 | C97: 常昊 | D97: ALS14331 | E97: 45847 | F97: =(K97+G97+H97+I97-J97) -> 0 | G97: =SUMIF(积分汇总!$B:$B,C96,积分汇总!$E:$E) -> 0 | H97: =SUMIF(记录巡查问题条数汇总!$B:$B,C96,记录巡查问题条数汇总!$E:$E) -> 0 | J97: =SUMIF(安全质量事故!$B:$B,C96,安全质量事故!$G:$G) -> 0 | K97: =COUNTIF(L97:AP97,标准数据!$A$2)*标准数据!$B$2+COUNTIF(L97:AP97,标准数据!$A$3)*标准数据!$B$3+COUNTIF(L97:AP97,标准数据!$A$4)*标准数据!$B$4 -> 0
A98: 寡核苷酸厂房1CNC区域 | B98: 操作工 | C98: 王鹏宇 | D98: ALS15396 | E98: 45980 | F98: =(K98+G98+H98+I98-J98) -> 0 | G98: =SUMIF(积分汇总!$B:$B,C95,积分汇总!$E:$E) -> 0 | H98: =SUMIF(记录巡查问题条数汇总!$B:$B,C95,记录巡查问题条数汇总!$E:$E) -> 0 | J98: =SUMIF(安全质量事故!$B:$B,C95,安全质量事故!$G:$G) -> 0 | K98: =COUNTIF(L98:AP98,标准数据!$A$2)*标准数据!$B$2+COUNTIF(L98:AP98,标准数据!$A$3)*标准数据!$B$3+COUNTIF(L98:AP98,标准数据!$A$4)*标准数据!$B$4 -> 0
A99: 寡核苷酸厂房1CNC区域 | B99: 操作工 | C99: 梁刚 | D99: ALS18060 | E99: 46225 | F99: =(K99+G99+H99+I99-J99) -> 0 | G99: =SUMIF(积分汇总!$B:$B,C98,积分汇总!$E:$E) -> 0 | H99: =SUMIF(记录巡查问题条数汇总!$B:$B,C98,记录巡查问题条数汇总!$E:$E) -> 0 | J99: =SUMIF(安全质量事故!$B:$B,C98,安全质量事故!$G:$G) -> 0 | K99: =COUNTIF(L99:AP99,标准数据!$A$2)*标准数据!$B$2+COUNTIF(L99:AP99,标准数据!$A$3)*标准数据!$B$3+COUNTIF(L99:AP99,标准数据!$A$4)*标准数据!$B$4 -> 0
A100: 寡核苷酸厂房1D级区域 | B100: 工程师 | C100: 王宇亭 | D100: ALS14235 | E100: 45840 | F100: =(K100+G100+H100+I100-J100) -> 0 | G100: =SUMIF(积分汇总!$B:$B,C185,积分汇总!$E:$E) -> 0 | H100: =SUMIF(记录巡查问题条数汇总!$B:$B,C185,记录巡查问题条数汇总!$E:$E) -> 0 | J100: =SUMIF(安全质量事故!$B:$B,C185,安全质量事故!$G:$G) -> 0 | K100: =COUNTIF(L100:AP100,标准数据!$A$2)*标准数据!$B$2+COUNTIF(L100:AP100,标准数据!$A$3)*标准数据!$B$3+COUNTIF(L100:AP100,标准数据!$A$4)*标准数据!$B$4 -> 0 | AR100: 寡核苷酸厂房1D级区域“a、b、c”分布情况
A101: 寡核苷酸厂房1D级区域 | B101: 工程师 | C101: 张政 | D101: ALS15334 | E101: 45980 | F101: =(K101+G101+H101+I101-J101) -> 0 | G101: =SUMIF(积分汇总!$B:$B,C100,积分汇总!$E:$E) -> 0 | H101: =SUMIF(记录巡查问题条数汇总!$B:$B,C100,记录巡查问题条数汇总!$E:$E) -> 0 | J101: =SUMIF(安全质量事故!$B:$B,C100,安全质量事故!$G:$G) -> 0 | K101: =COUNTIF(L101:AP101,标准数据!$A$2)*标准数据!$B$2+COUNTIF(L101:AP101,标准数据!$A$3)*标准数据!$B$3+COUNTIF(L101:AP101,标准数据!$A$4)*标准数据!$B$4 -> 0 | AR101: “a”占比 | AS101: “b”占比 | AT101: “c”占比
A102: 寡核苷酸厂房1D级区域 | B102: 工程师 | C102: 杨晨 | D102: ALS15954 | E102: 46050 | F102: =(K102+G102+H102+I102-J102) -> 0 | G102: =SUMIF(积分汇总!$B:$B,C101,积分汇总!$E:$E) -> 0 | H102: =SUMIF(记录巡查问题条数汇总!$B:$B,C101,记录巡查问题条数汇总!$E:$E) -> 0 | J102: =SUMIF(安全质量事故!$B:$B,C101,安全质量事故!$G:$G) -> 0 | K102: =COUNTIF(L102:AP102,标准数据!$A$2)*标准数据!$B$2+COUNTIF(L102:AP102,标准数据!$A$3)*标准数据!$B$3+COUNTIF(L102:AP102,标准数据!$A$4)*标准数据!$B$4 -> 0 | AR102: =COUNTIF($L$100:$AP$184,"a") -> 0 | AS102: =COUNTIF($L$100:$AP$184,"b") -> 0 | AT102: =COUNTIF($L$100:$AP$184,"c") -> 0
A103: 寡核苷酸厂房1D级区域 | B103: 工程师 | C103: 邵英强 | D103: ALS16808 | E103: 46153 | F103: =(K103+G103+H103+I103-J103) -> 0 | G103: =SUMIF(积分汇总!$B:$B,C102,积分汇总!$E:$E) -> 0 | H103: =SUMIF(记录巡查问题条数汇总!$B:$B,C102,记录巡查问题条数汇总!$E:$E) -> 0 | J103: =SUMIF(安全质量事故!$B:$B,C102,安全质量事故!$G:$G) -> 0 | K103: =COUNTIF(L103:AP103,标准数据!$A$2)*标准数据!$B$2+COUNTIF(L103:AP103,标准数据!$A$3)*标准数据!$B$3+COUNTIF(L103:AP103,标准数据!$A$4)*标准数据!$B$4 -> 0 | AR103: =AR102/($AR$102+$AS$102+$AT$102) -> #DIV/0! | AS103: =AS102/($AR$102+$AS$102+$AT$102) -> #DIV/0! | AT103: =AT102/($AR$102+$AS$102+$AT$102) -> #DIV/0!
A104: 寡核苷酸厂房1D级区域 | B104: 工程师 | C104: 郑昊 | D104: ALS11847 | E104: 45019 | F104: =(K104+G104+H104+I104-J104) -> 0 | G104: =SUMIF(积分汇总!$B:$B,C103,积分汇总!$E:$E) -> 0 | H104: =SUMIF(记录巡查问题条数汇总!$B:$B,C103,记录巡查问题条数汇总!$E:$E) -> 0 | J104: =SUMIF(安全质量事故!$B:$B,C103,安全质量事故!$G:$G) -> 0 | K104: =COUNTIF(L104:AP104,标准数据!$A$2)*标准数据!$B$2+COUNTIF(L104:AP104,标准数据!$A$3)*标准数据!$B$3+COUNTIF(L104:AP104,标准数据!$A$4)*标准数据!$B$4 -> 0
A105: 寡核苷酸厂房1D级区域 | B105: 工程师 | C105: 宋懂林 | D105: ALS17329 | E105: 46208 | F105: =(K105+G105+H105+I105-J105) -> 0 | G105: =SUMIF(积分汇总!$B:$B,C104,积分汇总!$E:$E) -> 0 | H105: =SUMIF(记录巡查问题条数汇总!$B:$B,C104,记录巡查问题条数汇总!$E:$E) -> 0 | J105: =SUMIF(安全质量事故!$B:$B,C104,安全质量事故!$G:$G) -> 0 | K105: =COUNTIF(L105:AP105,标准数据!$A$2)*标准数据!$B$2+COUNTIF(L105:AP105,标准数据!$A$3)*标准数据!$B$3+COUNTIF(L105:AP105,标准数据!$A$4)*标准数据!$B$4 -> 0
A106: 寡核苷酸厂房1D级区域 | B106: 工程师 | C106: 张剑 | D106: ALS17336 | E106: 46215 | F106: =(K106+G106+H106+I106-J106) -> 0 | G106: =SUMIF(积分汇总!$B:$B,C105,积分汇总!$E:$E) -> 0 | H106: =SUMIF(记录巡查问题条数汇总!$B:$B,C105,记录巡查问题条数汇总!$E:$E) -> 0 | J106: =SUMIF(安全质量事故!$B:$B,C105,安全质量事故!$G:$G) -> 0 | K106: =COUNTIF(L106:AP106,标准数据!$A$2)*标准数据!$B$2+COUNTIF(L106:AP106,标准数据!$A$3)*标准数据!$B$3+COUNTIF(L106:AP106,标准数据!$A$4)*标准数据!$B$4 -> 0
A107: 寡核苷酸厂房1D级区域 | B107: 工程师 | C107: 王淼 | D107: ALS17335 | E107: 46215 | F107: =(K107+G107+H107+I107-J107) -> 0 | G107: =SUMIF(积分汇总!$B:$B,C104,积分汇总!$E:$E) -> 0 | H107: =SUMIF(记录巡查问题条数汇总!$B:$B,C104,记录巡查问题条数汇总!$E:$E) -> 0 | J107: =SUMIF(安全质量事故!$B:$B,C104,安全质量事故!$G:$G) -> 0 | K107: =COUNTIF(L107:AP107,标准数据!$A$2)*标准数据!$B$2+COUNTIF(L107:AP107,标准数据!$A$3)*标准数据!$B$3+COUNTIF(L107:AP107,标准数据!$A$4)*标准数据!$B$4 -> 0
A108: 寡核苷酸厂房1D级区域 | B108: 工程师 | C108: 赵智博 | D108: ALS17337 | E108: 46215 | F108: =(K108+G108+H108+I108-J108) -> 0 | G108: =SUMIF(积分汇总!$B:$B,C107,积分汇总!$E:$E) -> 0 | H108: =SUMIF(记录巡查问题条数汇总!$B:$B,C107,记录巡查问题条数汇总!$E:$E) -> 0 | J108: =SUMIF(安全质量事故!$B:$B,C107,安全质量事故!$G:$G) -> 0 | K108: =COUNTIF(L108:AP108,标准数据!$A$2)*标准数据!$B$2+COUNTIF(L108:AP108,标准数据!$A$3)*标准数据!$B$3+COUNTIF(L108:AP108,标准数据!$A$4)*标准数据!$B$4 -> 0
A109: 寡核苷酸厂房1D级区域 | B109: 工程师 | C109: 张兴海 | D109: ALS12958 | E109: 45448 | F109: =(K109+G109+H109+I109-J109) -> 0 | G109: =SUMIF(积分汇总!$B:$B,C106,积分汇总!$E:$E) -> 0 | H109: =SUMIF(记录巡查问题条数汇总!$B:$B,C106,记录巡查问题条数汇总!$E:$E) -> 0 | J109: =SUMIF(安全质量事故!$B:$B,C106,安全质量事故!$G:$G) -> 0 | K109: =COUNTIF(L109:AP109,标准数据!$A$2)*标准数据!$B$2+COUNTIF(L109:AP109,标准数据!$A$3)*标准数据!$B$3+COUNTIF(L109:AP109,标准数据!$A$4)*标准数据!$B$4 -> 0
A110: 寡核苷酸厂房1D级区域 | B110: 工程师 | C110: 刘太安 | D110: FX2743 | E110: 43237 | F110: =(K110+G110+H110+I110-J110) -> 0 | G110: =SUMIF(积分汇总!$B:$B,C109,积分汇总!$E:$E) -> 0 | H110: =SUMIF(记录巡查问题条数汇总!$B:$B,C109,记录巡查问题条数汇总!$E:$E) -> 0 | J110: =SUMIF(安全质量事故!$B:$B,C109,安全质量事故!$G:$G) -> 0 | K110: =COUNTIF(L110:AP110,标准数据!$A$2)*标准数据!$B$2+COUNTIF(L110:AP110,标准数据!$A$3)*标准数据!$B$3+COUNTIF(L110:AP110,标准数据!$A$4)*标准数据!$B$4 -> 0
A111: 寡核苷酸厂房1D级区域 | B111: 班长 | C111: 苏谊 | D111: BDH0640 | E111: 44732 | F111: =(K111+G111+H111+I111-J111) -> 0 | G111: =SUMIF(积分汇总!$B:$B,C110,积分汇总!$E:$E) -> 0 | H111: =SUMIF(记录巡查问题条数汇总!$B:$B,C110,记录巡查问题条数汇总!$E:$E) -> 0 | J111: =SUMIF(安全质量事故!$B:$B,C110,安全质量事故!$G:$G) -> 0 | K111: =COUNTIF(L111:AP111,标准数据!$A$2)*标准数据!$B$2+COUNTIF(L111:AP111,标准数据!$A$3)*标准数据!$B$3+COUNTIF(L111:AP111,标准数据!$A$4)*标准数据!$B$4 -> 0
A112: 寡核苷酸厂房1D级区域 | B112: 班长 | C112: 周玉凯 | D112: ALS11232 | E112: 44774 | F112: =(K112+G112+H112+I112-J112) -> 0 | G112: =SUMIF(积分汇总!$B:$B,C112,积分汇总!$E:$E) -> 0 | H112: =SUMIF(记录巡查问题条数汇总!$B:$B,C112,记录巡查问题条数汇总!$E:$E) -> 0 | J112: =SUMIF(安全质量事故!$B:$B,C112,安全质量事故!$G:$G) -> 0 | K112: =COUNTIF(L112:AP112,标准数据!$A$2)*标准数据!$B$2+COUNTIF(L112:AP112,标准数据!$A$3)*标准数据!$B$3+COUNTIF(L112:AP112,标准数据!$A$4)*标准数据!$B$4 -> 0
A113: 寡核苷酸厂房1D级区域 | B113: 助工 | C113: 刘栋 | D113: ALS11215 | E113: 44774 | F113: =(K113+G113+H113+I113-J113) -> 0 | G113: =SUMIF(积分汇总!$B:$B,C112,积分汇总!$E:$E) -> 0 | H113: =SUMIF(记录巡查问题条数汇总!$B:$B,C112,记录巡查问题条数汇总!$E:$E) -> 0 | J113: =SUMIF(安全质量事故!$B:$B,C112,安全质量事故!$G:$G) -> 0 | K113: =COUNTIF(L113:AP113,标准数据!$A$2)*标准数据!$B$2+COUNTIF(L113:AP113,标准数据!$A$3)*标准数据!$B$3+COUNTIF(L113:AP113,标准数据!$A$4)*标准数据!$B$4 -> 0
A114: 寡核苷酸厂房1D级区域 | B114: 助工 | C114: 张昊（ALS11789） | D114: ALS11789 | E114: 44998 | F114: =(K114+G114+H114+I114-J114) -> 0 | G114: =SUMIF(积分汇总!$B:$B,C113,积分汇总!$E:$E) -> 0 | H114: =SUMIF(记录巡查问题条数汇总!$B:$B,C113,记录巡查问题条数汇总!$E:$E) -> 0 | J114: =SUMIF(安全质量事故!$B:$B,C113,安全质量事故!$G:$G) -> 0 | K114: =COUNTIF(L114:AP114,标准数据!$A$2)*标准数据!$B$2+COUNTIF(L114:AP114,标准数据!$A$3)*标准数据!$B$3+COUNTIF(L114:AP114,标准数据!$A$4)*标准数据!$B$4 -> 0
A115: 寡核苷酸厂房1D级区域 | B115: 助工 | C115: 张鹏飞 | D115: ALS11846 | E115: 45019 | F115: =(K115+G115+H115+I115-J115) -> 0 | G115: =SUMIF(积分汇总!$B:$B,C114,积分汇总!$E:$E) -> 0 | H115: =SUMIF(记录巡查问题条数汇总!$B:$B,C114,记录巡查问题条数汇总!$E:$E) -> 0 | J115: =SUMIF(安全质量事故!$B:$B,C114,安全质量事故!$G:$G) -> 0 | K115: =COUNTIF(L115:AP115,标准数据!$A$2)*标准数据!$B$2+COUNTIF(L115:AP115,标准数据!$A$3)*标准数据!$B$3+COUNTIF(L115:AP115,标准数据!$A$4)*标准数据!$B$4 -> 0
A116: 寡核苷酸厂房1D级区域 | B116: 助工 | C116: 范锺铭 | D116: ALS12311 | E116: 45138 | F116: =(K116+G116+H116+I116-J116) -> 0 | G116: =SUMIF(积分汇总!$B:$B,C115,积分汇总!$E:$E) -> 0 | H116: =SUMIF(记录巡查问题条数汇总!$B:$B,C115,记录巡查问题条数汇总!$E:$E) -> 0 | J116: =SUMIF(安全质量事故!$B:$B,C115,安全质量事故!$G:$G) -> 0 | K116: =COUNTIF(L116:AP116,标准数据!$A$2)*标准数据!$B$2+COUNTIF(L116:AP116,标准数据!$A$3)*标准数据!$B$3+COUNTIF(L116:AP116,标准数据!$A$4)*标准数据!$B$4 -> 0
A117: 寡核苷酸厂房1D级区域 | B117: 助工 | C117: 朱永祺 | D117: ALS11786 | E117: 44998 | F117: =(K117+G117+H117+I117-J117) -> 0 | G117: =SUMIF(积分汇总!$B:$B,C116,积分汇总!$E:$E) -> 0 | H117: =SUMIF(记录巡查问题条数汇总!$B:$B,C116,记录巡查问题条数汇总!$E:$E) -> 0 | J117: =SUMIF(安全质量事故!$B:$B,C116,安全质量事故!$G:$G) -> 0 | K117: =COUNTIF(L117:AP117,标准数据!$A$2)*标准数据!$B$2+COUNTIF(L117:AP117,标准数据!$A$3)*标准数据!$B$3+COUNTIF(L117:AP117,标准数据!$A$4)*标准数据!$B$4 -> 0
A118: 寡核苷酸厂房1D级区域 | B118: 助工 | C118: 王城 | D118: ALS12745 | E118: 45231 | F118: =(K118+G118+H118+I118-J118) -> 0 | G118: =SUMIF(积分汇总!$B:$B,C117,积分汇总!$E:$E) -> 0 | H118: =SUMIF(记录巡查问题条数汇总!$B:$B,C117,记录巡查问题条数汇总!$E:$E) -> 0 | J118: =SUMIF(安全质量事故!$B:$B,C117,安全质量事故!$G:$G) -> 0 | K118: =COUNTIF(L118:AP118,标准数据!$A$2)*标准数据!$B$2+COUNTIF(L118:AP118,标准数据!$A$3)*标准数据!$B$3+COUNTIF(L118:AP118,标准数据!$A$4)*标准数据!$B$4 -> 0
A119: 寡核苷酸厂房1D级区域 | B119: 助工 | C119: 施如富 | D119: ALS13069 | E119: 45476 | F119: =(K119+G119+H119+I119-J119) -> 0 | G119: =SUMIF(积分汇总!$B:$B,C118,积分汇总!$E:$E) -> 0 | H119: =SUMIF(记录巡查问题条数汇总!$B:$B,C118,记录巡查问题条数汇总!$E:$E) -> 0 | J119: =SUMIF(安全质量事故!$B:$B,C118,安全质量事故!$G:$G) -> 0 | K119: =COUNTIF(L119:AP119,标准数据!$A$2)*标准数据!$B$2+COUNTIF(L119:AP119,标准数据!$A$3)*标准数据!$B$3+COUNTIF(L119:AP119,标准数据!$A$4)*标准数据!$B$4 -> 0
A120: 寡核苷酸厂房1D级区域 | B120: 助工 | C120: 王灿 | D120: ALS13025 | E120: 45497 | F120: =(K120+G120+H120+I120-J120) -> 0 | G120: =SUMIF(积分汇总!$B:$B,C119,积分汇总!$E:$E) -> 0 | H120: =SUMIF(记录巡查问题条数汇总!$B:$B,C119,记录巡查问题条数汇总!$E:$E) -> 0 | J120: =SUMIF(安全质量事故!$B:$B,C119,安全质量事故!$G:$G) -> 0 | K120: =COUNTIF(L120:AP120,标准数据!$A$2)*标准数据!$B$2+COUNTIF(L120:AP120,标准数据!$A$3)*标准数据!$B$3+COUNTIF(L120:AP120,标准数据!$A$4)*标准数据!$B$4 -> 0
A121: 寡核苷酸厂房1D级区域 | B121: 助工 | C121: 杨俊 | D121: ALS13071 | E121: 45476 | F121: =(K121+G121+H121+I121-J121) -> 0 | G121: =SUMIF(积分汇总!$B:$B,C120,积分汇总!$E:$E) -> 0 | H121: =SUMIF(记录巡查问题条数汇总!$B:$B,C120,记录巡查问题条数汇总!$E:$E) -> 0 | J121: =SUMIF(安全质量事故!$B:$B,C120,安全质量事故!$G:$G) -> 0 | K121: =COUNTIF(L121:AP121,标准数据!$A$2)*标准数据!$B$2+COUNTIF(L121:AP121,标准数据!$A$3)*标准数据!$B$3+COUNTIF(L121:AP121,标准数据!$A$4)*标准数据!$B$4 -> 0
A122: 寡核苷酸厂房1D级区域 | B122: 助工 | C122: 刘晓雨 | D122: ALS13176 | E122: 45490 | F122: =(K122+G122+H122+I122-J122) -> 0 | G122: =SUMIF(积分汇总!$B:$B,C121,积分汇总!$E:$E) -> 0 | H122: =SUMIF(记录巡查问题条数汇总!$B:$B,C121,记录巡查问题条数汇总!$E:$E) -> 0 | J122: =SUMIF(安全质量事故!$B:$B,C121,安全质量事故!$G:$G) -> 0 | K122: =COUNTIF(L122:AP122,标准数据!$A$2)*标准数据!$B$2+COUNTIF(L122:AP122,标准数据!$A$3)*标准数据!$B$3+COUNTIF(L122:AP122,标准数据!$A$4)*标准数据!$B$4 -> 0
...

Sheet Sheet1
A2: DCS | B2: DCS&仪表组 | C2: 工程师 | D2: 常宝轩 | E2: ALS15601 | F2: 46001
A3: DCS | B3: DCS&仪表组 | C3: 工程师 | D3: 李天亮 | E3: ALS16323 | F3: 46120
A4: DCS | B4: DCS&仪表组 | C4: 工程师 | D4: 周铎 | E4: ALS17058 | F4: 46188
A5: DCS | B5: DCS&仪表组 | C5: 工程师 | D5: 宋泽华 | E5: ALS18172 | F5: 46232
A6: DCS | B6: DCS&仪表组 | C6: 经理 | D6: 王腾蛟 | E6: ALS10164 | F6: 44755
A7: DCS | B7: DCS&仪表组 | C7: 助工 | D7: 赵威 | E7: ALS10177 | F7: 44755
A8: DCS | B8: DCS&仪表组 | C8: 助工 | D8: 巩天龙 | E8: ALS14056 | F8: 45798
A9: DCS | B9: DCS&仪表组 | C9: 助工 | D9: 刘百威 | E9: ALS17140 | F9: 46183
A10: DCS | B10: DCS&仪表组 | C10: 助工 | D10: 刘占彪 | E10: ALS17596 | F10: 46197
A11: DCS | B11: DCS&仪表组 | C11: 助工 | D11: 徐湘育 | E11: ALS17621 | F11: 46197
A12: DCS | B12: DCS&仪表组 | C12: 操作工 | D12: 王哲 | E12: ALS16276 | F12: 46113
A13: DCS | B13: DCS&仪表组 | C13: 操作工 | D13: 许泓浩 | E13: ALS13365 | F13: 45532
... A288: 11号楼CNC车间 | B288: 多肽厂房2CNC区域 | C288: 操作工 | D288: 马勇 | E288: LFX079 | F288: 43333
A289: 11号楼CNC车间 | B289: 多肽厂房2CNC区域 | C289: 操作工 | D289: 赵忠波 | E289: AMM4428 | F289: 0901调任
A290: 11号楼D级车间 | B290: 多肽厂房2CNC区域 | C290: 助工 | D290: 李泉 | E290: ALS14766 | F290: 45901
A291: 12号楼 | B291: 多肽厂房2CNC区域 | C291: 工程师 | D291: 王朝阳 | E291: ALS4568 | F291: 43299
A292: 12号楼 | B292: 多肽厂房2CNC区域 | C292: 班长 | D292: 黄宣童 | E292: ALS14566 | F292: 45875
A293: 12号楼 | B293: 多肽厂房2CNC区域 | C293: 班长 | D293: 杜少游 | E293: AMM0587 | F293: 44018
A294: 12号楼 | B294: 多肽厂房2CNC区域 | C294: 班长 | D294: 陶子明 | E294: AMM3993 | F294: 41340
A295: 12号楼 | B295: 多肽厂房2CNC区域 | C295: 班长 | D295: 李强 | E295: ALS15386 | F295: 45980
A296: 12号楼 | B296: 多肽厂房2CNC区域 | C296: 助工 | D296: 刘鸿伟 | E296: ALS14671 | F296: 45889
A297: 12号楼 | B297: 多肽厂房2CNC区域 | C297: 助工 | D297: 于洋 | E297: LFX855 | F297: 44753
A298: 12号楼 | B298: 多肽厂房2CNC区域 | C298: 助工 | D298: 姚宏昌 | E298: ADH5609 | F298: 45139
A299: 12号楼 | B299: 多肽厂房2CNC区域 | C299: 助工 | D299: 杨文军 | E299: AMM2310 | F299: 0901调任
A300: 12号楼 | B300: 多肽厂房2CNC区域 | C300: 助工 | D300: 倪道鑫 | E300: AMM2965 | F300: 0901调任
A301: 12号楼 | B301: 多肽厂房2CNC区域 | C301: 助工 | D301: 李玉刚 | E301: ALS13121 | F301: 45483
A302: 12号楼 | B302: 多肽厂房2CNC区域 | C302: 助工 | D302: 张艾驰 | E302: ALS14672 | F302: 45889
A303: 12号楼 | B303: 多肽厂房2CNC区域 | C303: 助工 | D303: 张彦彬 | E303: ALS14730 | F303: 45896
A304: 12号楼 | B304: 多肽厂房2CNC区域 | C304: 助工 | D304: 柳浩然 | E304: ADH6302 | F304: 45509
A305: 12号楼 | B305: 多肽厂房2CNC区域 | C305: 助工 | D305: 周智升 | E305: ALS15128 | F305: 45959
A306: 12号楼 | B306: 多肽厂房2CNC区域 | C306: 助工 | D306: 康楷睿 | E306: ALS15555 | F306: 45994
A307: 12号楼 | B307: 多肽厂房2CNC区域 | C307: 助工 | D307: 张文豪 | E307: ALS14704 | F307: 45896
A308: 12号楼 | B308: 多肽厂房2CNC区域 | C308: 助工 | D308: 王鑫（ALS14706） | E308: ALS14706 | F308: 45896
A309: 12号楼 | B309: 多肽厂房2CNC区域 | C309: 助工 | D309: 李落羽 | E309: ALS15554 | F309: 45994
A310: 12号楼 | B310: 多肽厂房2CNC区域 | C310: 助工 | D310: 李宇琛 | E310: ALS15647 | F310: 46001
A311: 12号楼 | B311: 多肽厂房2CNC区域 | C311: 助工 | D311: 王超 | E311: ALS15696 | F311: 46008
A312: 12号楼 | B312: 多肽厂房2CNC区域 | C312: 助工 | D312: 权靖喆 | E312: ALS15471 | F312: 45987
... A388: 12号楼 | B388: 多肽厂房2CNC区域 | C388: 操作工 | D388: 尹博 | E388: BDH0550 | F388: 44463
A389: 12号楼 | B389: 多肽厂房2CNC区域 | C389: 操作工 | D389: 丁方辉 | E389: AMM4084 | F389: 0901调任
A390: 12号楼 | B390: 多肽厂房2CNC区域 | C390: 操作工 | D390: 马孟春 | E390: ALS14738 | F390: 45896
A391: 12号楼 | B391: 多肽厂房2CNC区域 | C391: 操作工 | D391: 方子浩 | E391: ALS14745 | F391: 45908
A392: 12号楼 | B392: 多肽厂房2CNC区域 | C392: 操作工 | D392: 郑又川 | E392: ALS14767 | F392: 45908
A393: 12号楼 | B393: 多肽厂房2CNC区域 | C393: 操作工 | D393: 王相东 | E393: ALS14673 | F393: 45889
A394: 12号楼 | B394: 多肽厂房2CNC区域 | C394: 操作工 | D394: 白德恒 | E394: ALS14830 | F394: 45910
A395: 12号楼 | B395: 多肽厂房2CNC区域 | C395: 操作工 | D395: 李梦骁 | E395: ALS14832 | F395: 45910
A396: 12号楼 | B396: 多肽厂房2CNC区域 | C396: 操作工 | D396: 王勃 | E396: ADH6967 | F396: 45940
A397: 12号楼 | B397: 多肽厂房2CNC区域 | C397: 操作工 | D397: 孙冬瑞 | E397: ALS15227 | F397: 45966
A398: 12号楼 | B398: 多肽厂房2CNC区域 | C398: 操作工 | D398: 唐广存 | E398: AMM3995 | F398: 41583
A399: 12号楼 | B399: 多肽厂房2CNC区域 | C399: 操作工 | D399: 胡向冲 | E399: ALS15764 | F399: 46015
A400: 12号楼 | B400: 多肽厂房2CNC区域 | C400: 操作工 | D400: 张俸瑞 | E400: ALS14312 | F400: 45847
A401: 12号楼 | B401: 多肽厂房2CNC区域 | C401: 操作工 | D401: 王春鑫 | E401: ADH6279 | F401: 45509
... A437: 12号楼 | B437: 多肽厂房2D级区域 | C437: 助工 | D437: 张稳超 | E437: ALS15127 | F437: 45959
A438: 12号楼 | B438: 多肽厂房2D级区域 | C438: 助工 | D438: 赵志远 | E438: AMM4231 | F438: 0901调任
A439: 12号楼 | B439: 多肽厂房2D级区域 | C439: 助工 | D439: 洪伟成 | E439: ALS15438 | F439: 45987
A440: 12号楼 | B440: 多肽厂房2D级区域 | C440: 助工 | D440: 向贵鑫 | E440: AMM2395 | F440: 44760
A441: 12号楼 | B441: 多肽厂房2D级区域 | C441: 助工 | D441: 胡一博 | E441: ALS15556 | F441: 45994
A442: 12号楼 | B442: 多肽厂房2D级区域 | C442: 助工 | D442: 乔承良 | E442: ALS14731 | F442: 45896
A443: 12号楼 | B443: 多肽厂房2D级区域 | C443: 助工 | D443: 杨城 | E443: ALS14764 | F443: 45901
A444: 12号楼 | B444: 多肽厂房2D级区域 | C444: 助工 | D444: 毕然 | E444: ALS14728 | F444: 45896
A445: 12号楼 | B445: 多肽厂房2D级区域 | C445: 助工 | D445: 刘骏 | E445: ALS15469 | F445: 45987
A446: 12号楼 | B446: 多肽厂房2D级区域 | C446: 助工 | D446: 赵鹏 | E446: ALS16462 | F446: 46127
A447: 12号楼 | B447: 多肽厂房2D级区域 | C447: 助工 | D447: 唐啸天 | E447: ALS16417 | F447: 46127
A448: 12号楼 | B448: 多肽厂房2D级区域 | C448: 助工 | D448: 马铭健 | E448: ALS16440 | F448: 46127
A449: 12号楼 | B449: 多肽厂房2D级区域 | C449: 助工 | D449: 戚永春 | E449: ALS16402 | F449: 46127
A450: 12号楼 | B450: 多肽厂房2D级区域 | C450: 助工 | D450: 谢开元 | E450: ALS16849 | F450: 46155
... A474: 12号楼 | B474: 多肽厂房2D级区域 | C474: 操作工 | D474: 屈峥 | E474: ALS14311 | F474: 45847
A475: 12号楼 | B475: 多肽厂房2D级区域 | C475: 操作工 | D475: 马华圆 | E475: AMM2550 | F475: 0901调任
A476: 12号楼 | B476: 多肽厂房2D级区域 | C476: 操作工 | D476: 张哲源 | E476: ADH6965 | F476: 45940
A477: 12号楼 | B477: 多肽厂房2D级区域 | C477: 操作工 | D477: 陈相彤 | E477: ALS17592 | F477: 46197
A478: 12号楼 | B478: 多肽厂房2D级区域 | C478: 操作工 | D478: 张瑞 | E478: ALS15566 | F478: 45994
A479: 12号楼 | B479: 多肽厂房2D级区域 | C479: 操作工 | D479: 尹政豪 | E479: ALS18035 | F479: 46225
A480: 12号楼 | B480: 多肽厂房2D级区域 | C480: 操作工 | D480: 王昊然 | E480: AMM3741 | F480: 45236
A481: 12号楼 | B481: 多肽厂房2D级区域 | C481: 操作工 | D481: 黄显波 | E481: AMM4243 | F481: 45455
A482: 计算机化设备保障&验证组 | B482: 多肽厂房2D级区域 | C482: 助工 | D482: 唐云朋 | E482: ALS17623 | F482: 46197
A483: 计算机化设备保障&验证组 | B483: 多肽厂房2D级区域 | C483: 助工 | D483: 张攀 | E483: ALS16501 | F483: 46134
A484: 计算机化设备保障&验证组 | B484: 多肽厂房2D级区域 | C484: 助工 | D484: 王林峰 | E484: ALS16509 | F484: 46134
A485: 12号楼 | B485: 多肽厂房2中试 | C485: 工程师 | D485: 税文卓 | E485: ALS17715 | F485: 46206
A486: 12号楼 | B486: 多肽厂房2中试 | C486: 助工 | D486: 刘佳忠 | E486: ALS15221 | F486: 45966
A487: 12号楼 | B487: 多肽厂房2中试 | C487: 助工 | D487: 吕嘉鑫 | E487: ALS16460 | F487: 46127
... A846: 外围/罐区/泵房 | B846: 外围/罐区组 | C846: 操作工 | D846: 祁鑫 | E846: ALS16979 | F846: 46169

Sheet 复核人
A1: 4#楼1&2车间：田志勇 | B1: 刘其琛
A2: 4#楼3&4车间： 刘磊
A3: 4号楼制备组：皮轶杰
A4: 11#楼CNC车间：门学友 | B4: 杜永宝
A5: 11#楼D级区：梁光强/李晓刚
A6: 5号楼：冯恩利 | B6: 魏鹏
A7: 12号楼：代海鑫 | B7: 李延龙
A8: 验证组 / DCS / 电子设备维护 / 合规&培训 ： 刘亚南 | B8: 刘亚南
A9: 环保设备设施 ：刘文龙 | B9: 刘文龙
A10: 外围/罐区/泵房：赵艳春/吴宗璇
A11: 清洗组： 陈正兴
A12: 安全组 | B12: 李国清
A13: 生产技术转移组（辅料&毒素连接体） | B13: 刘其琛
A14: 生产技术转移组（多肽） | B14: 蔡森
A15: 13号楼 | B15: 李子凯

Sheet 一线人员 (2)
G1: =SUM(G4:G1467) -> 0
A2: 车间 | C2: 职务 | D2: 姓名 | E2: 员工编号 | F2: 入职日期 | G2: 实际奖金合计 | H2: 日常巡查扣款 | I2: 记录巡查扣款 | J2: 定点摄影最佳区域和最差区域评比 | K2: 安全事故扣款 | L2: 5S日检奖金合计 | M2: 09月 | AS2: 4#楼1&2车间“a、b、c”分布情况
M3: 46266 | N3: 46267 | O3: 46268 | P3: 46269 | Q3: 46270 | R3: 46271 | S3: 46272 | T3: 46273 | U3: 46274 | V3: 46275 | W3: 46276 | X3: 46277 | Y3: 46278 | Z3: 46279 | AA3: 46280 | AB3: 46281 | AC3: 46282 | AD3: 46283 | AE3: 46284 | AF3: 46285 | AG3: 46286 | AH3: 46287 | AI3: 46288 | AJ3: 46289 | AK3: 46290 | AL3: 46291 | AM3: 46292 | AN3: 46293 | AO3: 46294 | AP3: 46295 | AQ3: 46296 | AR3: 备注 | AS3: “a”占比 | AT3: “b”占比 | AU3: “c”占比 | AV3: 核对1 | AW3: 核对2
A4: 4号楼1&2车间 | B4: 寡核苷酸厂房1D级区域 | C4: 工程师 | D4: 王宇亭 | E4: ALS14235 | F4: 45840 | G4: =(L4+H4+I4+J4-K4) -> 0 | H4: =SUMIF(积分汇总!$B:$B,D187,积分汇总!$E:$E) -> 0 | I4: =SUMIF(记录巡查问题条数汇总!$B:$B,D187,记录巡查问题条数汇总!$E:$E) -> 0 | K4: =SUMIF(安全质量事故!$B:$B,D187,安全质量事故!$G:$G) -> 0 | L4: =COUNTIF(M4:AQ4,标准数据!$A$2)*标准数据!$B$2+COUNTIF(M4:AQ4,标准数据!$A$3)*标准数据!$B$3+COUNTIF(M4:AQ4,标准数据!$A$4)*标准数据!$B$4 -> 0 | AR4: =VLOOKUP(E4,'[2]离职人员&调出人员'!$C:$C,1,0) -> #N/A | AS4: =COUNTIF($M$4:$AQ$92,"a") -> 0 | AT4: =COUNTIF($M$4:$AQ$92,"b") -> 0 | AU4: =COUNTIF($M$4:$AQ$92,"c") -> 0 | AV4: =VLOOKUP(E4,[1]生产部!$C:$I,7,0) -> 班组 | AW4: =VLOOKUP(E4,[1]生产部!$C:$I,6,0) -> 4号楼1&2车间
A5: 4号楼1&2车间 | B5: 寡核苷酸厂房1D级区域 | C5: 工程师 | D5: 张政 | E5: ALS15334 | F5: 45980 | G5: =(L5+H5+I5+J5-K5) -> 0 | H5: =SUMIF(积分汇总!$B:$B,D4,积分汇总!$E:$E) -> 0 | I5: =SUMIF(记录巡查问题条数汇总!$B:$B,D4,记录巡查问题条数汇总!$E:$E) -> 0 | K5: =SUMIF(安全质量事故!$B:$B,D4,安全质量事故!$G:$G) -> 0 | L5: =COUNTIF(M5:AQ5,标准数据!$A$2)*标准数据!$B$2+COUNTIF(M5:AQ5,标准数据!$A$3)*标准数据!$B$3+COUNTIF(M5:AQ5,标准数据!$A$4)*标准数据!$B$4 -> 0 | AS5: =AS4/($AS$4+$AT$4+$AU$4) -> #DIV/0! | AT5: =AT4/($AS$4+$AT$4+$AU$4) -> #DIV/0! | AU5: =AU4/($AS$4+$AT$4+$AU$4) -> #DIV/0! | AV5: =VLOOKUP(E5,[1]生产部!$C:$I,7,0) -> 项目组 | AW5: =VLOOKUP(E5,[1]生产部!$C:$I,6,0) -> 4号楼1&2车间
A6: 4号楼1&2车间 | B6: 寡核苷酸厂房1D级区域 | C6: 工程师 | D6: 杨晨 | E6: ALS15954 | F6: 46050 | G6: =(L6+H6+I6+J6-K6) -> 0 | H6: =SUMIF(积分汇总!$B:$B,D5,积分汇总!$E:$E) -> 0 | I6: =SUMIF(记录巡查问题条数汇总!$B:$B,D5,记录巡查问题条数汇总!$E:$E) -> 0 | K6: =SUMIF(安全质量事故!$B:$B,D5,安全质量事故!$G:$G) -> 0 | L6: =COUNTIF(M6:AQ6,标准数据!$A$2)*标准数据!$B$2+COUNTIF(M6:AQ6,标准数据!$A$3)*标准数据!$B$3+COUNTIF(M6:AQ6,标准数据!$A$4)*标准数据!$B$4 -> 0 | AV6: =VLOOKUP(E6,[1]生产部!$C:$I,7,0) -> 常白 | AW6: =VLOOKUP(E6,[1]生产部!$C:$I,6,0) -> 4号楼1&2车间
A7: 4号楼1&2车间 | B7: 寡核苷酸厂房1D级区域 | C7: 工程师 | D7: 邵英强 | E7: ALS16808 | F7: 46153 | G7: =(L7+H7+I7+J7-K7) -> 0 | H7: =SUMIF(积分汇总!$B:$B,D6,积分汇总!$E:$E) -> 0 | I7: =SUMIF(记录巡查问题条数汇总!$B:$B,D6,记录巡查问题条数汇总!$E:$E) -> 0 | K7: =SUMIF(安全质量事故!$B:$B,D6,安全质量事故!$G:$G) -> 0 | L7: =COUNTIF(M7:AQ7,标准数据!$A$2)*标准数据!$B$2+COUNTIF(M7:AQ7,标准数据!$A$3)*标准数据!$B$3+COUNTIF(M7:AQ7,标准数据!$A$4)*标准数据!$B$4 -> 0 | AV7: =VLOOKUP(E7,[1]生产部!$C:$I,7,0) -> 项目组 | AW7: =VLOOKUP(E7,[1]生产部!$C:$I,6,0) -> 4号楼1&2车间
A8: 4号楼1&2车间 | B8: 寡核苷酸厂房1D级区域 | C8: 工程师 | D8: 郑昊 | E8: ALS11847 | F8: 45019 | G8: =(L8+H8+I8+J8-K8) -> 0 | H8: =SUMIF(积分汇总!$B:$B,D7,积分汇总!$E:$E) -> 0 | I8: =SUMIF(记录巡查问题条数汇总!$B:$B,D7,记录巡查问题条数汇总!$E:$E) -> 0 | K8: =SUMIF(安全质量事故!$B:$B,D7,安全质量事故!$G:$G) -> 0 | L8: =COUNTIF(M8:AQ8,标准数据!$A$2)*标准数据!$B$2+COUNTIF(M8:AQ8,标准数据!$A$3)*标准数据!$B$3+COUNTIF(M8:AQ8,标准数据!$A$4)*标准数据!$B$4 -> 0 | AV8: =VLOOKUP(E8,[1]生产部!$C:$I,7,0) -> 项目组 | AW8: =VLOOKUP(E8,[1]生产部!$C:$I,6,0) -> 4号楼1&2车间
A9: 4号楼1&2车间 | B9: 寡核苷酸厂房1D级区域 | C9: 工程师 | D9: 宋懂林 | E9: ALS17329 | F9: 46208 | G9: =(L9+H9+I9+J9-K9) -> 0 | H9: =SUMIF(积分汇总!$B:$B,D8,积分汇总!$E:$E) -> 0 | I9: =SUMIF(记录巡查问题条数汇总!$B:$B,D8,记录巡查问题条数汇总!$E:$E) -> 0 | K9: =SUMIF(安全质量事故!$B:$B,D8,安全质量事故!$G:$G) -> 0 | L9: =COUNTIF(M9:AQ9,标准数据!$A$2)*标准数据!$B$2+COUNTIF(M9:AQ9,标准数据!$A$3)*标准数据!$B$3+COUNTIF(M9:AQ9,标准数据!$A$4)*标准数据!$B$4 -> 0 | AV9: =VLOOKUP(E9,[1]生产部!$C:$I,7,0) -> 常白 | AW9: =VLOOKUP(E9,[1]生产部!$C:$I,6,0) -> 4号楼1&2车间
A10: 4号楼1&2车间 | B10: 寡核苷酸厂房1D级区域 | C10: 工程师 | D10: 张剑 | E10: ALS17336 | F10: 46215 | G10: =(L10+H10+I10+J10-K10) -> 0 | H10: =SUMIF(积分汇总!$B:$B,D9,积分汇总!$E:$E) -> 0 | I10: =SUMIF(记录巡查问题条数汇总!$B:$B,D9,记录巡查问题条数汇总!$E:$E) -> 0 | K10: =SUMIF(安全质量事故!$B:$B,D9,安全质量事故!$G:$G) -> 0 | L10: =COUNTIF(M10:AQ10,标准数据!$A$2)*标准数据!$B$2+COUNTIF(M10:AQ10,标准数据!$A$3)*标准数据!$B$3+COUNTIF(M10:AQ10,标准数据!$A$4)*标准数据!$B$4 -> 0 | AV10: =VLOOKUP(E10,[1]生产部!$C:$I,7,0) -> 常白 | AW10: =VLOOKUP(E10,[1]生产部!$C:$I,6,0) -> 4号楼1&2车间
A11: 4号楼1&2车间 | B11: 寡核苷酸厂房1D级区域 | C11: 工程师 | D11: 王淼 | E11: ALS17335 | F11: 46215 | G11: =(L11+H11+I11+J11-K11) -> 0 | H11: =SUMIF(积分汇总!$B:$B,D8,积分汇总!$E:$E) -> 0 | I11: =SUMIF(记录巡查问题条数汇总!$B:$B,D8,记录巡查问题条数汇总!$E:$E) -> 0 | K11: =SUMIF(安全质量事故!$B:$B,D8,安全质量事故!$G:$G) -> 0 | L11: =COUNTIF(M11:AQ11,标准数据!$A$2)*标准数据!$B$2+COUNTIF(M11:AQ11,标准数据!$A$3)*标准数据!$B$3+COUNTIF(M11:AQ11,标准数据!$A$4)*标准数据!$B$4 -> 0 | AV11: =VLOOKUP(E11,[1]生产部!$C:$I,7,0) -> 常白 | AW11: =VLOOKUP(E11,[1]生产部!$C:$I,6,0) -> 4号楼1&2车间
A12: 4号楼1&2车间 | B12: 寡核苷酸厂房1D级区域 | C12: 工程师 | D12: 赵智博 | E12: ALS17337 | F12: 46215 | G12: =(L12+H12+I12+J12-K12) -> 0 | H12: =SUMIF(积分汇总!$B:$B,D11,积分汇总!$E:$E) -> 0 | I12: =SUMIF(记录巡查问题条数汇总!$B:$B,D11,记录巡查问题条数汇总!$E:$E) -> 0 | K12: =SUMIF(安全质量事故!$B:$B,D11,安全质量事故!$G:$G) -> 0 | L12: =COUNTIF(M12:AQ12,标准数据!$A$2)*标准数据!$B$2+COUNTIF(M12:AQ12,标准数据!$A$3)*标准数据!$B$3+COUNTIF(M12:AQ12,标准数据!$A$4)*标准数据!$B$4 -> 0 | AV12: =VLOOKUP(E12,[1]生产部!$C:$I,7,0) -> 常白 | AW12: =VLOOKUP(E12,[1]生产部!$C:$I,6,0) -> 4号楼1&2车间
A13: 4号楼1&2车间 | B13: 寡核苷酸厂房1D级区域 | C13: 工程师 | D13: 张兴海 | E13: ALS12958 | F13: 45448 | G13: =(L13+H13+I13+J13-K13) -> 0 | H13: =SUMIF(积分汇总!$B:$B,D10,积分汇总!$E:$E) -> 0 | I13: =SUMIF(记录巡查问题条数汇总!$B:$B,D10,记录巡查问题条数汇总!$E:$E) -> 0 | K13: =SUMIF(安全质量事故!$B:$B,D10,安全质量事故!$G:$G) -> 0 | L13: =COUNTIF(M13:AQ13,标准数据!$A$2)*标准数据!$B$2+COUNTIF(M13:AQ13,标准数据!$A$3)*标准数据!$B$3+COUNTIF(M13:AQ13,标准数据!$A$4)*标准数据!$B$4 -> 0 | AV13: =VLOOKUP(E13,[1]生产部!$C:$I,7,0) -> 班组 | AW13: =VLOOKUP(E13,[1]生产部!$C:$I,6,0) -> 4号楼1&2车间
A14: 4号楼1&2车间 | B14: 寡核苷酸厂房1D级区域 | C14: 工程师 | D14: 刘太安 | E14: FX2743 | F14: 43237 | G14: =(L14+H14+I14+J14-K14) -> 0 | H14: =SUMIF(积分汇总!$B:$B,D13,积分汇总!$E:$E) -> 0 | I14: =SUMIF(记录巡查问题条数汇总!$B:$B,D13,记录巡查问题条数汇总!$E:$E) -> 0 | K14: =SUMIF(安全质量事故!$B:$B,D13,安全质量事故!$G:$G) -> 0 | L14: =COUNTIF(M14:AQ14,标准数据!$A$2)*标准数据!$B$2+COUNTIF(M14:AQ14,标准数据!$A$3)*标准数据!$B$3+COUNTIF(M14:AQ14,标准数据!$A$4)*标准数据!$B$4 -> 0 | AV14: =VLOOKUP(E14,[1]生产部!$C:$I,7,0) -> 项目组 | AW14: =VLOOKUP(E14,[1]生产部!$C:$I,6,0) -> 4号楼1&2车间
A15: 4号楼1&2车间 | B15: 寡核苷酸厂房1D级区域 | C15: 班长 | D15: 苏谊 | E15: BDH0640 | F15: 44732 | G15: =(L15+H15+I15+J15-K15) -> 0 | H15: =SUMIF(积分汇总!$B:$B,D14,积分汇总!$E:$E) -> 0 | I15: =SUMIF(记录巡查问题条数汇总!$B:$B,D14,记录巡查问题条数汇总!$E:$E) -> 0 | K15: =SUMIF(安全质量事故!$B:$B,D14,安全质量事故!$G:$G) -> 0 | L15: =COUNTIF(M15:AQ15,标准数据!$A$2)*标准数据!$B$2+COUNTIF(M15:AQ15,标准数据!$A$3)*标准数据!$B$3+COUNTIF(M15:AQ15,标准数据!$A$4)*标准数据!$B$4 -> 0 | AV15: =VLOOKUP(E15,[1]生产部!$C:$I,7,0) -> 班组 | AW15: =VLOOKUP(E15,[1]生产部!$C:$I,6,0) -> 4号楼1&2车间
A16: 4号楼1&2车间 | B16: 寡核苷酸厂房1D级区域 | C16: 班长 | D16: 周玉凯 | E16: ALS11232 | F16: 44774 | G16: =(L16+H16+I16+J16-K16) -> 0 | H16: =SUMIF(积分汇总!$B:$B,D16,积分汇总!$E:$E) -> 0 | I16: =SUMIF(记录巡查问题条数汇总!$B:$B,D16,记录巡查问题条数汇总!$E:$E) -> 0 | K16: =SUMIF(安全质量事故!$B:$B,D16,安全质量事故!$G:$G) -> 0 | L16: =COUNTIF(M16:AQ16,标准数据!$A$2)*标准数据!$B$2+COUNTIF(M16:AQ16,标准数据!$A$3)*标准数据!$B$3+COUNTIF(M16:AQ16,标准数据!$A$4)*标准数据!$B$4 -> 0 | AV16: =VLOOKUP(E16,[1]生产部!$C:$I,7,0) -> 班组 | AW16: =VLOOKUP(E16,[1]生产部!$C:$I,6,0) -> 4号楼1&2车间
A17: 4号楼1&2车间 | B17: 寡核苷酸厂房1D级区域 | C17: 助工 | D17: 刘栋 | E17: ALS11215 | F17: 44774 | G17: =(L17+H17+I17+J17-K17) -> 0 | H17: =SUMIF(积分汇总!$B:$B,D16,积分汇总!$E:$E) -> 0 | I17: =SUMIF(记录巡查问题条数汇总!$B:$B,D16,记录巡查问题条数汇总!$E:$E) -> 0 | K17: =SUMIF(安全质量事故!$B:$B,D16,安全质量事故!$G:$G) -> 0 | L17: =COUNTIF(M17:AQ17,标准数据!$A$2)*标准数据!$B$2+COUNTIF(M17:AQ17,标准数据!$A$3)*标准数据!$B$3+COUNTIF(M17:AQ17,标准数据!$A$4)*标准数据!$B$4 -> 0 | AV17: =VLOOKUP(E17,[1]生产部!$C:$I,7,0) -> 项目组倒班 | AW17: =VLOOKUP(E17,[1]生产部!$C:$I,6,0) -> 4号楼1&2车间
A18: 4号楼1&2车间 | B18: 寡核苷酸厂房1D级区域 | C18: 助工 | D18: 张昊（ALS11789） | E18: ALS11789 | F18: 44998 | G18: =(L18+H18+I18+J18-K18) -> 0 | H18: =SUMIF(积分汇总!$B:$B,D17,积分汇总!$E:$E) -> 0 | I18: =SUMIF(记录巡查问题条数汇总!$B:$B,D17,记录巡查问题条数汇总!$E:$E) -> 0 | K18: =SUMIF(安全质量事故!$B:$B,D17,安全质量事故!$G:$G) -> 0 | L18: =COUNTIF(M18:AQ18,标准数据!$A$2)*标准数据!$B$2+COUNTIF(M18:AQ18,标准数据!$A$3)*标准数据!$B$3+COUNTIF(M18:AQ18,标准数据!$A$4)*标准数据!$B$4 -> 0 | AV18: =VLOOKUP(E18,[1]生产部!$C:$I,7,0) -> 项目组倒班 | AW18: =VLOOKUP(E18,[1]生产部!$C:$I,6,0) -> 4号楼1&2车间
A19: 4号楼1&2车间 | B19: 寡核苷酸厂房1D级区域 | C19: 助工 | D19: 张鹏飞 | E19: ALS11846 | F19: 45019 | G19: =(L19+H19+I19+J19-K19) -> 0 | H19: =SUMIF(积分汇总!$B:$B,D18,积分汇总!$E:$E) -> 0 | I19: =SUMIF(记录巡查问题条数汇总!$B:$B,D18,记录巡查问题条数汇总!$E:$E) -> 0 | K19: =SUMIF(安全质量事故!$B:$B,D18,安全质量事故!$G:$G) -> 0 | L19: =COUNTIF(M19:AQ19,标准数据!$A$2)*标准数据!$B$2+COUNTIF(M19:AQ19,标准数据!$A$3)*标准数据!$B$3+COUNTIF(M19:AQ19,标准数据!$A$4)*标准数据!$B$4 -> 0 | AV19: =VLOOKUP(E19,[1]生产部!$C:$I,7,0) -> 常白 | AW19: =VLOOKUP(E19,[1]生产部!$C:$I,6,0) -> 4号楼1&2车间
A20: 4号楼1&2车间 | B20: 寡核苷酸厂房1D级区域 | C20: 助工 | D20: 范锺铭 | E20: ALS12311 | F20: 45138 | G20: =(L20+H20+I20+J20-K20) -> 0 | H20: =SUMIF(积分汇总!$B:$B,D19,积分汇总!$E:$E) -> 0 | I20: =SUMIF(记录巡查问题条数汇总!$B:$B,D19,记录巡查问题条数汇总!$E:$E) -> 0 | K20: =SUMIF(安全质量事故!$B:$B,D19,安全质量事故!$G:$G) -> 0 | L20: =COUNTIF(M20:AQ20,标准数据!$A$2)*标准数据!$B$2+COUNTIF(M20:AQ20,标准数据!$A$3)*标准数据!$B$3+COUNTIF(M20:AQ20,标准数据!$A$4)*标准数据!$B$4 -> 0 | AV20: =VLOOKUP(E20,[1]生产部!$C:$I,7,0) -> 班组 | AW20: =VLOOKUP(E20,[1]生产部!$C:$I,6,0) -> 4号楼1&2车间
A21: 4号楼1&2车间 | B21: 寡核苷酸厂房1D级区域 | C21: 助工 | D21: 朱永祺 | E21: ALS11786 | F21: 44998 | G21: =(L21+H21+I21+J21-K21) -> 0 | H21: =SUMIF(积分汇总!$B:$B,D20,积分汇总!$E:$E) -> 0 | I21: =SUMIF(记录巡查问题条数汇总!$B:$B,D20,记录巡查问题条数汇总!$E:$E) -> 0 | K21: =SUMIF(安全质量事故!$B:$B,D20,安全质量事故!$G:$G) -> 0 | L21: =COUNTIF(M21:AQ21,标准数据!$A$2)*标准数据!$B$2+COUNTIF(M21:AQ21,标准数据!$A$3)*标准数据!$B$3+COUNTIF(M21:AQ21,标准数据!$A$4)*标准数据!$B$4 -> 0 | AV21: =VLOOKUP(E21,[1]生产部!$C:$I,7,0) -> 常白 | AW21: =VLOOKUP(E21,[1]生产部!$C:$I,6,0) -> 4号楼1&2车间
A22: 4号楼1&2车间 | B22: 寡核苷酸厂房1D级区域 | C22: 助工 | D22: 王城 | E22: ALS12745 | F22: 45231 | G22: =(L22+H22+I22+J22-K22) -> 0 | H22: =SUMIF(积分汇总!$B:$B,D21,积分汇总!$E:$E) -> 0 | I22: =SUMIF(记录巡查问题条数汇总!$B:$B,D21,记录巡查问题条数汇总!$E:$E) -> 0 | K22: =SUMIF(安全质量事故!$B:$B,D21,安全质量事故!$G:$G) -> 0 | L22: =COUNTIF(M22:AQ22,标准数据!$A$2)*标准数据!$B$2+COUNTIF(M22:AQ22,标准数据!$A$3)*标准数据!$B$3+COUNTIF(M22:AQ22,标准数据!$A$4)*标准数据!$B$4 -> 0 | AV22: =VLOOKUP(E22,[1]生产部!$C:$I,7,0) -> 班组 | AW22: =VLOOKUP(E22,[1]生产部!$C:$I,6,0) -> 4号楼1&2车间
A23: 4号楼1&2车间 | B23: 寡核苷酸厂房1D级区域 | C23: 助工 | D23: 施如富 | E23: ALS13069 | F23: 45476 | G23: =(L23+H23+I23+J23-K23) -> 0 | H23: =SUMIF(积分汇总!$B:$B,D22,积分汇总!$E:$E) -> 0 | I23: =SUMIF(记录巡查问题条数汇总!$B:$B,D22,记录巡查问题条数汇总!$E:$E) -> 0 | K23: =SUMIF(安全质量事故!$B:$B,D22,安全质量事故!$G:$G) -> 0 | L23: =COUNTIF(M23:AQ23,标准数据!$A$2)*标准数据!$B$2+COUNTIF(M23:AQ23,标准数据!$A$3)*标准数据!$B$3+COUNTIF(M23:AQ23,标准数据!$A$4)*标准数据!$B$4 -> 0 | AV23: =VLOOKUP(E23,[1]生产部!$C:$I,7,0) -> 包装 | AW23: =VLOOKUP(E23,[1]生产部!$C:$I,6,0) -> 4号楼1&2车间
A24: 4号楼1&2车间 | B24: 寡核苷酸厂房1D级区域 | C24: 助工 | D24: 王灿 | E24: ALS13025 | F24: 45497 | G24: =(L24+H24+I24+J24-K24) -> 0 | H24: =SUMIF(积分汇总!$B:$B,D23,积分汇总!$E:$E) -> 0 | I24: =SUMIF(记录巡查问题条数汇总!$B:$B,D23,记录巡查问题条数汇总!$E:$E) -> 0 | K24: =SUMIF(安全质量事故!$B:$B,D23,安全质量事故!$G:$G) -> 0 | L24: =COUNTIF(M24:AQ24,标准数据!$A$2)*标准数据!$B$2+COUNTIF(M24:AQ24,标准数据!$A$3)*标准数据!$B$3+COUNTIF(M24:AQ24,标准数据!$A$4)*标准数据!$B$4 -> 0 | AV24: =VLOOKUP(E24,[1]生产部!$C:$I,7,0) -> 班组 | AW24: =VLOOKUP(E24,[1]生产部!$C:$I,6,0) -> 4号楼1&2车间
A25: 4号楼1&2车间 | B25: 寡核苷酸厂房1D级区域 | C25: 助工 | D25: 杨俊 | E25: ALS13071 | F25: 45476 | G25: =(L25+H25+I25+J25-K25) -> 0 | H25: =SUMIF(积分汇总!$B:$B,D24,积分汇总!$E:$E) -> 0 | I25: =SUMIF(记录巡查问题条数汇总!$B:$B,D24,记录巡查问题条数汇总!$E:$E) -> 0 | K25: =SUMIF(安全质量事故!$B:$B,D24,安全质量事故!$G:$G) -> 0 | L25: =COUNTIF(M25:AQ25,标准数据!$A$2)*标准数据!$B$2+COUNTIF(M25:AQ25,标准数据!$A$3)*标准数据!$B$3+COUNTIF(M25:AQ25,标准数据!$A$4)*标准数据!$B$4 -> 0 | AV25: =VLOOKUP(E25,[1]生产部!$C:$I,7,0) -> 班组 | AW25: =VLOOKUP(E25,[1]生产部!$C:$I,6,0) -> 4号楼1&2车间
A26: 4号楼1&2车间 | B26: 寡核苷酸厂房1D级区域 | C26: 助工 | D26: 刘晓雨 | E26: ALS13176 | F26: 45490 | G26: =(L26+H26+I26+J26-K26) -> 0 | H26: =SUMIF(积分汇总!$B:$B,D25,积分汇总!$E:$E) -> 0 | I26: =SUMIF(记录巡查问题条数汇总!$B:$B,D25,记录巡查问题条数汇总!$E:$E) -> 0 | K26: =SUMIF(安全质量事故!$B:$B,D25,安全质量事故!$G:$G) -> 0 | L26: =COUNTIF(M26:AQ26,标准数据!$A$2)*标准数据!$B$2+COUNTIF(M26:AQ26,标准数据!$A$3)*标准数据!$B$3+COUNTIF(M26:AQ26,标准数据!$A$4)*标准数据!$B$4 -> 0 | AV26: =VLOOKUP(E26,[1]生产部!$C:$I,7,0) -> 项目组 | AW26: =VLOOKUP(E26,[1]生产部!$C:$I,6,0) -> 4号楼1&2车间
A27: 4号楼1&2车间 | B27: 寡核苷酸厂房1D级区域 | C27: 助工 | D27: 陈勇 | E27: ACT2599 | F27: 44396 | G27: =(L27+H27+I27+J27-K27) -> 0 | H27: =SUMIF(积分汇总!$B:$B,D26,积分汇总!$E:$E) -> 0 | I27: =SUMIF(记录巡查问题条数汇总!$B:$B,D26,记录巡查问题条数汇总!$E:$E) -> 0 | K27: =SUMIF(安全质量事故!$B:$B,D26,安全质量事故!$G:$G) -> 0 | L27: =COUNTIF(M27:AQ27,标准数据!$A$2)*标准数据!$B$2+COUNTIF(M27:AQ27,标准数据!$A$3)*标准数据!$B$3+COUNTIF(M27:AQ27,标准数据!$A$4)*标准数据!$B$4 -> 0 | AV27: =VLOOKUP(E27,[1]生产部!$C:$I,7,0) -> 项目组 | AW27: =VLOOKUP(E27,[1]生产部!$C:$I,6,0) -> 4号楼1&2车间
A28: 4号楼1&2车间 | B28: 寡核苷酸厂房1D级区域 | C28: 助工 | D28: 宁海龙 | E28: ALS13603 | F28: 45602 | G28: =(L28+H28+I28+J28-K28) -> 0 | H28: =SUMIF(积分汇总!$B:$B,D27,积分汇总!$E:$E) -> 0 | I28: =SUMIF(记录巡查问题条数汇总!$B:$B,D27,记录巡查问题条数汇总!$E:$E) -> 0 | K28: =SUMIF(安全质量事故!$B:$B,D27,安全质量事故!$G:$G) -> 0 | L28: =COUNTIF(M28:AQ28,标准数据!$A$2)*标准数据!$B$2+COUNTIF(M28:AQ28,标准数据!$A$3)*标准数据!$B$3+COUNTIF(M28:AQ28,标准数据!$A$4)*标准数据!$B$4 -> 0 | AV28: =VLOOKUP(E28,[1]生产部!$C:$I,7,0) -> 班组 | AW28: =VLOOKUP(E28,[1]生产部!$C:$I,6,0) -> 4号楼1&2车间
... A37: 4号楼1&2车间 | B37: 寡核苷酸厂房1D级区域 | C37: 助工 | D37: 陈亚新 | E37: ALS15254 | F37: 45971 | G37: =(L37+H37+I37+J37-K37) -> 0 | H37: =SUMIF(积分汇总!$B:$B,D36,积分汇总!$E:$E) -> 0 | I37: =SUMIF(记录巡查问题条数汇总!$B:$B,D36,记录巡查问题条数汇总!$E:$E) -> 0 | K37: =SUMIF(安全质量事故!$B:$B,D36,安全质量事故!$G:$G) -> 0 | L37: =COUNTIF(M37:AQ37,标准数据!$A$2)*标准数据!$B$2+COUNTIF(M37:AQ37,标准数据!$A$3)*标准数据!$B$3+COUNTIF(M37:AQ37,标准数据!$A$4)*标准数据!$B$4 -> 0 | AV37: =VLOOKUP(E37,[1]生产部!$C:$I,7,0) -> 常白 | AW37: =VLOOKUP(E37,[1]生产部!$C:$I,6,0) -> 4号楼1&2车间
A38: 4号楼1&2车间 | B38: 寡核苷酸厂房1D级区域 | C38: 助工 | D38: 王瑞沣 | E38: ALS15966 | F38: 46036 | G38: =(L38+H38+I38+J38-K38) -> 0 | H38: =SUMIF(积分汇总!$B:$B,,积分汇总!$E:$E) -> 0 | I38: =SUMIF(记录巡查问题条数汇总!$B:$B,,记录巡查问题条数汇总!$E:$E) -> 0 | K38: =SUMIF(安全质量事故!$B:$B,,安全质量事故!$G:$G) -> 0 | L38: =COUNTIF(M38:AQ38,标准数据!$A$2)*标准数据!$B$2+COUNTIF(M38:AQ38,标准数据!$A$3)*标准数据!$B$3+COUNTIF(M38:AQ38,标准数据!$A$4)*标准数据!$B$4 -> 0 | AV38: =VLOOKUP(E38,[1]生产部!$C:$I,7,0) -> 班组 | AW38: =VLOOKUP(E38,[1]生产部!$C:$I,6,0) -> 4号楼1&2车间
A39: 4号楼1&2车间 | B39: 寡核苷酸厂房1D级区域 | C39: 助工 | D39: 李贺 | E39: ABT0617 | F39: 45728 | G39: =(L39+H39+I39+J39-K39) -> 0 | H39: =SUMIF(积分汇总!$B:$B,D38,积分汇总!$E:$E) -> 0 | I39: =SUMIF(记录巡查问题条数汇总!$B:$B,D38,记录巡查问题条数汇总!$E:$E) -> 0 | K39: =SUMIF(安全质量事故!$B:$B,D38,安全质量事故!$G:$G) -> 0 | L39: =COUNTIF(M39:AQ39,标准数据!$A$2)*标准数据!$B$2+COUNTIF(M39:AQ39,标准数据!$A$3)*标准数据!$B$3+COUNTIF(M39:AQ39,标准数据!$A$4)*标准数据!$B$4 -> 0 | AV39: =VLOOKUP(E39,[1]生产部!$C:$I,7,0) -> 班组 | AW39: =VLOOKUP(E39,[1]生产部!$C:$I,6,0) -> 4号楼1&2车间
A40: 4号楼1&2车间 | B40: 寡核苷酸厂房1D级区域 | C40: 助工 | D40: 邢天宇 | E40: ABT0244 | F40: 41828 | G40: =(L40+H40+I40+J40-K40) -> 0 | H40: =SUMIF(积分汇总!$B:$B,D39,积分汇总!$E:$E) -> 0 | I40: =SUMIF(记录巡查问题条数汇总!$B:$B,D39,记录巡查问题条数汇总!$E:$E) -> 0 | K40: =SUMIF(安全质量事故!$B:$B,D39,安全质量事故!$G:$G) -> 0 | L40: =COUNTIF(M40:AQ40,标准数据!$A$2)*标准数据!$B$2+COUNTIF(M40:AQ40,标准数据!$A$3)*标准数据!$B$3+COUNTIF(M40:AQ40,标准数据!$A$4)*标准数据!$B$4 -> 0 | AV40: =VLOOKUP(E40,[1]生产部!$C:$I,7,0) -> 班组 | AW40: =VLOOKUP(E40,[1]生产部!$C:$I,6,0) -> 4号楼1&2车间
A41: 4号楼1&2车间 | B41: 寡核苷酸厂房1D级区域 | C41: 助工 | D41: 李玉修 | E41: ALS15337 | F41: 45980 | G41: =(L41+H41+I41+J41-K41) -> 0 | H41: =SUMIF(积分汇总!$B:$B,D40,积分汇总!$E:$E) -> 0 | I41: =SUMIF(记录巡查问题条数汇总!$B:$B,D40,记录巡查问题条数汇总!$E:$E) -> 0 | K41: =SUMIF(安全质量事故!$B:$B,D40,安全质量事故!$G:$G) -> 0 | L41: =COUNTIF(M41:AQ41,标准数据!$A$2)*标准数据!$B$2+COUNTIF(M41:AQ41,标准数据!$A$3)*标准数据!$B$3+COUNTIF(M41:AQ41,标准数据!$A$4)*标准数据!$B$4 -> 0 | AV41: =VLOOKUP(E41,[1]生产部!$C:$I,7,0) -> 班组 | AW41: =VLOOKUP(E41,[1]生产部!$C:$I,6,0) -> 4号楼1&2车间
A42: 4号楼1&2车间 | B42: 寡核苷酸厂房1D级区域 | C42: 助工 | D42: 戴显达 | E42: ALS15343 | F42: 45980 | G42: =(L42+H42+I42+J42-K42) -> 0 | H42: =SUMIF(积分汇总!$B:$B,D41,积分汇总!$E:$E) -> 0 | I42: =SUMIF(记录巡查问题条数汇总!$B:$B,D41,记录巡查问题条数汇总!$E:$E) -> 0 | K42: =SUMIF(安全质量事故!$B:$B,D41,安全质量事故!$G:$G) -> 0 | L42: =COUNTIF(M42:AQ42,标准数据!$A$2)*标准数据!$B$2+COUNTIF(M42:AQ42,标准数据!$A$3)*标准数据!$B$3+COUNTIF(M42:AQ42,标准数据!$A$4)*标准数据!$B$4 -> 0 | AV42: =VLOOKUP(E42,[1]生产部!$C:$I,7,0) -> 班组 | AW42: =VLOOKUP(E42,[1]生产部!$C:$I,6,0) -> 4号楼1&2车间
A43: 4号楼1&2车间 | B43: 寡核苷酸厂房1D级区域 | C43: 助工 | D43: 綦寿延 | E43: ALS15344 | F43: 45980 | G43: =(L43+H43+I43+J43-K43) -> 0 | H43: =SUMIF(积分汇总!$B:$B,D42,积分汇总!$E:$E) -> 0 | I43: =SUMIF(记录巡查问题条数汇总!$B:$B,D42,记录巡查问题条数汇总!$E:$E) -> 0 | K43: =SUMIF(安全质量事故!$B:$B,D42,安全质量事故!$G:$G) -> 0 | L43: =COUNTIF(M43:AQ43,标准数据!$A$2)*标准数据!$B$2+COUNTIF(M43:AQ43,标准数据!$A$3)*标准数据!$B$3+COUNTIF(M43:AQ43,标准数据!$A$4)*标准数据!$B$4 -> 0 | AV43: =VLOOKUP(E43,[1]生产部!$C:$I,7,0) -> 班组 | AW43: =VLOOKUP(E43,[1]生产部!$C:$I,6,0) -> 4号楼1&2车间
A44: 4号楼1&2车间 | B44: 寡核苷酸厂房1D级区域 | C44: 助工 | D44: 谭善文 | E44: ALS15674 | F44: 46006 | G44: =(L44+H44+I44+J44-K44) -> 0 | H44: =SUMIF(积分汇总!$B:$B,D43,积分汇总!$E:$E) -> 0 | I44: =SUMIF(记录巡查问题条数汇总!$B:$B,D43,记录巡查问题条数汇总!$E:$E) -> 0 | K44: =SUMIF(安全质量事故!$B:$B,D43,安全质量事故!$G:$G) -> 0 | L44: =COUNTIF(M44:AQ44,标准数据!$A$2)*标准数据!$B$2+COUNTIF(M44:AQ44,标准数据!$A$3)*标准数据!$B$3+COUNTIF(M44:AQ44,标准数据!$A$4)*标准数据!$B$4 -> 0 | AV44: =VLOOKUP(E44,[1]生产部!$C:$I,7,0) -> 班组 | AW44: =VLOOKUP(E44,[1]生产部!$C:$I,6,0) -> 4号楼1&2车间
A45: 4号楼1&2车间 | B45: 寡核苷酸厂房1D级区域 | C45: 助工 | D45: 袁浩 | E45: ALS16144 | F45: 46097 | G45: =(L45+H45+I45+J45-K45) -> 0 | H45: =SUMIF(积分汇总!$B:$B,D44,积分汇总!$E:$E) -> 0 | I45: =SUMIF(记录巡查问题条数汇总!$B:$B,D44,记录巡查问题条数汇总!$E:$E) -> 0 | K45: =SUMIF(安全质量事故!$B:$B,D44,安全质量事故!$G:$G) -> 0 | L45: =COUNTIF(M45:AQ45,标准数据!$A$2)*标准数据!$B$2+COUNTIF(M45:AQ45,标准数据!$A$3)*标准数据!$B$3+COUNTIF(M45:AQ45,标准数据!$A$4)*标准数据!$B$4 -> 0 | AV45: =VLOOKUP(E45,[1]生产部!$C:$I,7,0) -> 班组 | AW45: =VLOOKUP(E45,[1]生产部!$C:$I,6,0) -> 4号楼1&2车间
A46: 4号楼1&2车间 | B46: 寡核苷酸厂房1D级区域 | C46: 助工 | D46: 刘仁杰 | E46: ALS16309 | F46: 46120 | G46: =(L46+H46+I46+J46-K46) -> 0 | H46: =SUMIF(积分汇总!$B:$B,D45,积分汇总!$E:$E) -> 0 | I46: =SUMIF(记录巡查问题条数汇总!$B:$B,D45,记录巡查问题条数汇总!$E:$E) -> 0 | K46: =SUMIF(安全质量事故!$B:$B,D45,安全质量事故!$G:$G) -> 0 | L46: =COUNTIF(M46:AQ46,标准数据!$A$2)*标准数据!$B$2+COUNTIF(M46:AQ46,标准数据!$A$3)*标准数据!$B$3+COUNTIF(M46:AQ46,标准数据!$A$4)*标准数据!$B$4 -> 0 | AV46: =VLOOKUP(E46,[1]生产部!$C:$I,7,0) -> 常白 | AW46: =VLOOKUP(E46,[1]生产部!$C:$I,6,0) -> 4号楼1&2车间
A47: 4号楼1&2车间 | B47: 寡核苷酸厂房1D级区域 | C47: 助工 | D47: 王冰 | E47: ALS16318 | F47: 46120 | G47: =(L47+H47+I47+J47-K47) -> 0 | H47: =SUMIF(积分汇总!$B:$B,D46,积分汇总!$E:$E) -> 0 | I47: =SUMIF(记录巡查问题条数汇总!$B:$B,D46,记录巡查问题条数汇总!$E:$E) -> 0 | K47: =SUMIF(安全质量事故!$B:$B,D46,安全质量事故!$G:$G) -> 0 | L47: =COUNTIF(M47:AQ47,标准数据!$A$2)*标准数据!$B$2+COUNTIF(M47:AQ47,标准数据!$A$3)*标准数据!$B$3+COUNTIF(M47:AQ47,标准数据!$A$4)*标准数据!$B$4 -> 0 | AV47: =VLOOKUP(E47,[1]生产部!$C:$I,7,0) -> 班组 | AW47: =VLOOKUP(E47,[1]生产部!$C:$I,6,0) -> 4号楼1&2车间
A48: 4号楼1&2车间 | B48: 寡核苷酸厂房1D级区域 | C48: 助工 | D48: 罗泽泉 | E48: ALS16320 | F48: 46120 | G48: =(L48+H48+I48+J48-K48) -> 0 | H48: =SUMIF(积分汇总!$B:$B,D47,积分汇总!$E:$E) -> 0 | I48: =SUMIF(记录巡查问题条数汇总!$B:$B,D47,记录巡查问题条数汇总!$E:$E) -> 0 | K48: =SUMIF(安全质量事故!$B:$B,D47,安全质量事故!$G:$G) -> 0 | L48: =COUNTIF(M48:AQ48,标准数据!$A$2)*标准数据!$B$2+COUNTIF(M48:AQ48,标准数据!$A$3)*标准数据!$B$3+COUNTIF(M48:AQ48,标准数据!$A$4)*标准数据!$B$4 -> 0 | AV48: =VLOOKUP(E48,[1]生产部!$C:$I,7,0) -> 班组 | AW48: =VLOOKUP(E48,[1]生产部!$C:$I,6,0) -> 4号楼1&2车间
A49: 4号楼1&2车间 | B49: 寡核苷酸厂房1D级区域 | C49: 助工 | D49: 苏家和 | E49: ALS16316 | F49: 46120 | G49: =(L49+H49+I49+J49-K49) -> 0 | H49: =SUMIF(积分汇总!$B:$B,D48,积分汇总!$E:$E) -> 0 | I49: =SUMIF(记录巡查问题条数汇总!$B:$B,D48,记录巡查问题条数汇总!$E:$E) -> 0 | K49: =SUMIF(安全质量事故!$B:$B,D48,安全质量事故!$G:$G) -> 0 | L49: =COUNTIF(M49:AQ49,标准数据!$A$2)*标准数据!$B$2+COUNTIF(M49:AQ49,标准数据!$A$3)*标准数据!$B$3+COUNTIF(M49:AQ49,标准数据!$A$4)*标准数据!$B$4 -> 0 | AV49: =VLOOKUP(E49,[1]生产部!$C:$I,7,0) -> 常白 | AW49: =VLOOKUP(E49,[1]生产部!$C:$I,6,0) -> 4号楼1&2车间
A50: 4号楼1&2车间 | B50: 寡核苷酸厂房1D级区域 | C50: 助工 | D50: 李东红 | E50: ALS16386 | F50: 46125 | G50: =(L50+H50+I50+J50-K50) -> 0 | H50: =SUMIF(积分汇总!$B:$B,D49,积分汇总!$E:$E) -> 0 | I50: =SUMIF(记录巡查问题条数汇总!$B:$B,D49,记录巡查问题条数汇总!$E:$E) -> 0 | K50: =SUMIF(安全质量事故!$B:$B,D49,安全质量事故!$G:$G) -> 0 | L50: =COUNTIF(M50:AQ50,标准数据!$A$2)*标准数据!$B$2+COUNTIF(M50:AQ50,标准数据!$A$3)*标准数据!$B$3+COUNTIF(M50:AQ50,标准数据!$A$4)*标准数据!$B$4 -> 0 | AV50: =VLOOKUP(E50,[1]生产部!$C:$I,7,0) -> 班组 | AW50: =VLOOKUP(E50,[1]生产部!$C:$I,6,0) -> 4号楼1&2车间
... A56: 4号楼1&2车间 | B56: 寡核苷酸厂房1D级区域 | C56: 助工 | D56: 曹帆 | E56: ALS17618 | F56: 46197 | G56: =(L56+H56+I56+J56-K56) -> 0 | H56: =SUMIF(积分汇总!$B:$B,D55,积分汇总!$E:$E) -> 0 | I56: =SUMIF(记录巡查问题条数汇总!$B:$B,D55,记录巡查问题条数汇总!$E:$E) -> 0 | K56: =SUMIF(安全质量事故!$B:$B,D55,安全质量事故!$G:$G) -> 0 | L56: =COUNTIF(M56:AQ56,标准数据!$A$2)*标准数据!$B$2+COUNTIF(M56:AQ56,标准数据!$A$3)*标准数据!$B$3+COUNTIF(M56:AQ56,标准数据!$A$4)*标准数据!$B$4 -> 0 | AV56: =VLOOKUP(E56,[1]生产部!$C:$I,7,0) -> 常白 | AW56: =VLOOKUP(E56,[1]生产部!$C:$I,6,0) -> 4号楼1&2车间
A57: 4号楼1&2车间 | B57: 寡核苷酸厂房1D级区域 | C57: 助工 | D57: 曹健 | E57: ALS17758 | F57: 46204 | G57: =(L57+H57+I57+J57-K57) -> 0 | H57: =SUMIF(积分汇总!$B:$B,,积分汇总!$E:$E) -> 0 | I57: =SUMIF(记录巡查问题条数汇总!$B:$B,,记录巡查问题条数汇总!$E:$E) -> 0 | K57: =SUMIF(安全质量事故!$B:$B,,安全质量事故!$G:$G) -> 0 | L57: =COUNTIF(M57:AQ57,标准数据!$A$2)*标准数据!$B$2+COUNTIF(M57:AQ57,标准数据!$A$3)*标准数据!$B$3+COUNTIF(M57:AQ57,标准数据!$A$4)*标准数据!$B$4 -> 0 | AV57: =VLOOKUP(E57,[1]生产部!$C:$I,7,0) -> 常白 | AW57: =VLOOKUP(E57,[1]生产部!$C:$I,6,0) -> 4号楼1&2车间
A58: 4号楼1&2车间 | B58: 寡核苷酸厂房1D级区域 | C58: 助工 | D58: 张博 | E58: ALS17754 | F58: 46204 | G58: =(L58+H58+I58+J58-K58) -> 0 | H58: =SUMIF(积分汇总!$B:$B,D57,积分汇总!$E:$E) -> 0 | I58: =SUMIF(记录巡查问题条数汇总!$B:$B,D57,记录巡查问题条数汇总!$E:$E) -> 0 | K58: =SUMIF(安全质量事故!$B:$B,D57,安全质量事故!$G:$G) -> 0 | L58: =COUNTIF(M58:AQ58,标准数据!$A$2)*标准数据!$B$2+COUNTIF(M58:AQ58,标准数据!$A$3)*标准数据!$B$3+COUNTIF(M58:AQ58,标准数据!$A$4)*标准数据!$B$4 -> 0 | AV58: =VLOOKUP(E58,[1]生产部!$C:$I,7,0) -> 常白 | AW58: =VLOOKUP(E58,[1]生产部!$C:$I,6,0) -> 4号楼1&2车间
A59: 4号楼1&2车间 | B59: 寡核苷酸厂房1D级区域 | C59: 助工 | D59: 孟令航 | E59: ALS17753 | F59: 46204 | G59: =(L59+H59+I59+J59-K59) -> 0 | H59: =SUMIF(积分汇总!$B:$B,D58,积分汇总!$E:$E) -> 0 | I59: =SUMIF(记录巡查问题条数汇总!$B:$B,D58,记录巡查问题条数汇总!$E:$E) -> 0 | K59: =SUMIF(安全质量事故!$B:$B,D58,安全质量事故!$G:$G) -> 0 | L59: =COUNTIF(M59:AQ59,标准数据!$A$2)*标准数据!$B$2+COUNTIF(M59:AQ59,标准数据!$A$3)*标准数据!$B$3+COUNTIF(M59:AQ59,标准数据!$A$4)*标准数据!$B$4 -> 0 | AV59: =VLOOKUP(E59,[1]生产部!$C:$I,7,0) -> 常白 | AW59: =VLOOKUP(E59,[1]生产部!$C:$I,6,0) -> 4号楼1&2车间
A60: 4号楼1&2车间 | B60: 寡核苷酸厂房1CNC区域 | C60: 助工 | D60: 李军宝 | E60: ALS17425 | F60: 46215 | G60: =(L60+H60+I60+J60-K60) -> 0 | H60: =SUMIF(积分汇总!$B:$B,D59,积分汇总!$E:$E) -> 0 | I60: =SUMIF(记录巡查问题条数汇总!$B:$B,D59,记录巡查问题条数汇总!$E:$E) -> 0 | K60: =SUMIF(安全质量事故!$B:$B,D59,安全质量事故!$G:$G) -> 0 | L60: =COUNTIF(M60:AQ60,标准数据!$A$2)*标准数据!$B$2+COUNTIF(M60:AQ60,标准数据!$A$3)*标准数据!$B$3+COUNTIF(M60:AQ60,标准数据!$A$4)*标准数据!$B$4 -> 0 | AV60: =VLOOKUP(E60,[1]生产部!$C:$I,7,0) -> 常白 | AW60: =VLOOKUP(E60,[1]生产部!$C:$I,6,0) -> 12号楼（4号楼委培）
A61: 4号楼1&2车间 | B61: 寡核苷酸厂房1CNC区域 | C61: 助工 | D61: 闫津铭 | E61: ALS17438 | F61: 46215 | G61: =(L61+H61+I61+J61-K61) -> 0 | H61: =SUMIF(积分汇总!$B:$B,,积分汇总!$E:$E) -> 0 | I61: =SUMIF(记录巡查问题条数汇总!$B:$B,,记录巡查问题条数汇总!$E:$E) -> 0 | K61: =SUMIF(安全质量事故!$B:$B,,安全质量事故!$G:$G) -> 0 | L61: =COUNTIF(M61:AQ61,标准数据!$A$2)*标准数据!$B$2+COUNTIF(M61:AQ61,标准数据!$A$3)*标准数据!$B$3+COUNTIF(M61:AQ61,标准数据!$A$4)*标准数据!$B$4 -> 0 | AV61: =VLOOKUP(E61,[1]生产部!$C:$I,7,0) -> 常白 | AW61: =VLOOKUP(E61,[1]生产部!$C:$I,6,0) -> 12号楼（4号楼委培）
A62: 4号楼1&2车间 | B62: 寡核苷酸厂房1CNC区域 | C62: 助工 | D62: 朱义龙 | E62: ALS17421 | F62: 46215 | G62: =(L62+H62+I62+J62-K62) -> 0 | H62: =SUMIF(积分汇总!$B:$B,,积分汇总!$E:$E) -> 0 | I62: =SUMIF(记录巡查问题条数汇总!$B:$B,,记录巡查问题条数汇总!$E:$E) -> 0 | K62: =SUMIF(安全质量事故!$B:$B,,安全质量事故!$G:$G) -> 0 | L62: =COUNTIF(M62:AQ62,标准数据!$A$2)*标准数据!$B$2+COUNTIF(M62:AQ62,标准数据!$A$3)*标准数据!$B$3+COUNTIF(M62:AQ62,标准数据!$A$4)*标准数据!$B$4 -> 0 | AV62: =VLOOKUP(E62,[1]生产部!$C:$I,7,0) -> 常白 | AW62: =VLOOKUP(E62,[1]生产部!$C:$I,6,0) -> 12号楼（4号楼委培）
A63: 4号楼1&2车间 | B63: 寡核苷酸厂房1CNC区域 | C63: 助工 | D63: 陈志鸿 | E63: ALS17422 | F63: 46215 | G63: =(L63+H63+I63+J63-K63) -> 0 | H63: =SUMIF(积分汇总!$B:$B,D62,积分汇总!$E:$E) -> 0 | I63: =SUMIF(记录巡查问题条数汇总!$B:$B,D62,记录巡查问题条数汇总!$E:$E) -> 0 | K63: =SUMIF(安全质量事故!$B:$B,D62,安全质量事故!$G:$G) -> 0 | L63: =COUNTIF(M63:AQ63,标准数据!$A$2)*标准数据!$B$2+COUNTIF(M63:AQ63,标准数据!$A$3)*标准数据!$B$3+COUNTIF(M63:AQ63,标准数据!$A$4)*标准数据!$B$4 -> 0 | AV63: =VLOOKUP(E63,[1]生产部!$C:$I,7,0) -> 常白 | AW63: =VLOOKUP(E63,[1]生产部!$C:$I,6,0) -> 12号楼（4号楼委培）
A64: 4号楼1&2车间 | B64: 寡核苷酸厂房1CNC区域 | C64: 助工 | D64: 王云龙 | E64: ALS17435 | F64: 46215 | G64: =(L64+H64+I64+J64-K64) -> 0 | H64: =SUMIF(积分汇总!$B:$B,,积分汇总!$E:$E) -> 0 | I64: =SUMIF(记录巡查问题条数汇总!$B:$B,,记录巡查问题条数汇总!$E:$E) -> 0 | K64: =SUMIF(安全质量事故!$B:$B,,安全质量事故!$G:$G) -> 0 | L64: =COUNTIF(M64:AQ64,标准数据!$A$2)*标准数据!$B$2+COUNTIF(M64:AQ64,标准数据!$A$3)*标准数据!$B$3+COUNTIF(M64:AQ64,标准数据!$A$4)*标准数据!$B$4 -> 0 | AV64: =VLOOKUP(E64,[1]生产部!$C:$I,7,0) -> 常白 | AW64: =VLOOKUP(E64,[1]生产部!$C:$I,6,0) -> 12号楼（4号楼委培）
A65: 4号楼1&2车间 | B65: 寡核苷酸厂房1D级区域 | C65: 助工 | D65: 王朋 | E65: ALS17411 | F65: 46208 | G65: =(L65+H65+I65+J65-K65) -> 0 | H65: =SUMIF(积分汇总!$B:$B,D59,积分汇总!$E:$E) -> 0 | I65: =SUMIF(记录巡查问题条数汇总!$B:$B,D59,记录巡查问题条数汇总!$E:$E) -> 0 | K65: =SUMIF(安全质量事故!$B:$B,D59,安全质量事故!$G:$G) -> 0 | L65: =COUNTIF(M65:AQ65,标准数据!$A$2)*标准数据!$B$2+COUNTIF(M65:AQ65,标准数据!$A$3)*标准数据!$B$3+COUNTIF(M65:AQ65,标准数据!$A$4)*标准数据!$B$4 -> 0 | AV65: =VLOOKUP(E65,[1]生产部!$C:$I,7,0) -> 常白 | AW65: =VLOOKUP(E65,[1]生产部!$C:$I,6,0) -> 4号楼1&2车间
A66: 4号楼1&2车间 | B66: 寡核苷酸厂房1D级区域 | C66: 助工 | D66: 周斌 | E66: ALS17366 | F66: 46208 | G66: =(L66+H66+I66+J66-K66) -> 0 | H66: =SUMIF(积分汇总!$B:$B,D65,积分汇总!$E:$E) -> 0 | I66: =SUMIF(记录巡查问题条数汇总!$B:$B,D65,记录巡查问题条数汇总!$E:$E) -> 0 | K66: =SUMIF(安全质量事故!$B:$B,D65,安全质量事故!$G:$G) -> 0 | L66: =COUNTIF(M66:AQ66,标准数据!$A$2)*标准数据!$B$2+COUNTIF(M66:AQ66,标准数据!$A$3)*标准数据!$B$3+COUNTIF(M66:AQ66,标准数据!$A$4)*标准数据!$B$4 -> 0 | AV66: =VLOOKUP(E66,[1]生产部!$C:$I,7,0) -> 常白 | AW66: =VLOOKUP(E66,[1]生产部!$C:$I,6,0) -> 4号楼1&2车间
A67: 4号楼1&2车间 | B67: 寡核苷酸厂房1D级区域 | C67: 助工 | D67: 侯佳伟 | E67: ALS17394 | F67: 46215 | G67: =(L67+H67+I67+J67-K67) -> 0 | H67: =SUMIF(积分汇总!$B:$B,D66,积分汇总!$E:$E) -> 0 | I67: =SUMIF(记录巡查问题条数汇总!$B:$B,D66,记录巡查问题条数汇总!$E:$E) -> 0 | K67: =SUMIF(安全质量事故!$B:$B,D66,安全质量事故!$G:$G) -> 0 | L67: =COUNTIF(M67:AQ67,标准数据!$A$2)*标准数据!$B$2+COUNTIF(M67:AQ67,标准数据!$A$3)*标准数据!$B$3+COUNTIF(M67:AQ67,标准数据!$A$4)*标准数据!$B$4 -> 0 | AV67: =VLOOKUP(E67,[1]生产部!$C:$I,7,0) -> 常白 | AW67: =VLOOKUP(E67,[1]生产部!$C:$I,6,0) -> 4号楼1&2车间
A68: 4号楼1&2车间 | B68: 寡核苷酸厂房1D级区域 | C68: 助工 | D68: 段康平 | E68: ALS17389 | F68: 46215 | G68: =(L68+H68+I68+J68-K68) -> 0 | H68: =SUMIF(积分汇总!$B:$B,D67,积分汇总!$E:$E) -> 0 | I68: =SUMIF(记录巡查问题条数汇总!$B:$B,D67,记录巡查问题条数汇总!$E:$E) -> 0 | K68: =SUMIF(安全质量事故!$B:$B,D67,安全质量事故!$G:$G) -> 0 | L68: =COUNTIF(M68:AQ68,标准数据!$A$2)*标准数据!$B$2+COUNTIF(M68:AQ68,标准数据!$A$3)*标准数据!$B$3+COUNTIF(M68:AQ68,标准数据!$A$4)*标准数据!$B$4 -> 0 | AV68: =VLOOKUP(E68,[1]生产部!$C:$I,7,0) -> 常白 | AW68: =VLOOKUP(E68,[1]生产部!$C:$I,6,0) -> 4号楼1&2车间
A69: 4号楼1&2车间 | B69: 寡核苷酸厂房1D级区域 | C69: 助工 | D69: 蔡旭泰 | E69: ALS17387 | F69: 46215 | G69: =(L69+H69+I69+J69-K69) -> 0 | H69: =SUMIF(积分汇总!$B:$B,D68,积分汇总!$E:$E) -> 0 | I69: =SUMIF(记录巡查问题条数汇总!$B:$B,D68,记录巡查问题条数汇总!$E:$E) -> 0 | K69: =SUMIF(安全质量事故!$B:$B,D68,安全质量事故!$G:$G) -> 0 | L69: =COUNTIF(M69:AQ69,标准数据!$A$2)*标准数据!$B$2+COUNTIF(M69:AQ69,标准数据!$A$3)*标准数据!$B$3+COUNTIF(M69:AQ69,标准数据!$A$4)*标准数据!$B$4 -> 0 | AV69: =VLOOKUP(E69,[1]生产部!$C:$I,7,0) -> 常白 | AW69: =VLOOKUP(E69,[1]生产部!$C:$I,6,0) -> 4号楼1&2车间
A70: 4号楼1&2车间 | B70: 寡核苷酸厂房1D级区域 | C70: 助工 | D70: 付燚豪 | E70: ALS17392 | F70: 46215 | G70: =(L70+H70+I70+J70-K70) -> 0 | H70: =SUMIF(积分汇总!$B:$B,,积分汇总!$E:$E) -> 0 | I70: =SUMIF(记录巡查问题条数汇总!$B:$B,,记录巡查问题条数汇总!$E:$E) -> 0 | K70: =SUMIF(安全质量事故!$B:$B,,安全质量事故!$G:$G) -> 0 | L70: =COUNTIF(M70:AQ70,标准数据!$A$2)*标准数据!$B$2+COUNTIF(M70:AQ70,标准数据!$A$3)*标准数据!$B$3+COUNTIF(M70:AQ70,标准数据!$A$4)*标准数据!$B$4 -> 0 | AV70: =VLOOKUP(E70,[1]生产部!$C:$I,7,0) -> 常白 | AW70: =VLOOKUP(E70,[1]生产部!$C:$I,6,0) -> 4号楼1&2车间
A71: 4号楼1&2车间 | B71: 寡核苷酸厂房1D级区域 | C71: 助工 | D71: 姜喜博 | E71: ALS17395 | F71: 46215 | G71: =(L71+H71+I71+J71-K71) -> 0 | H71: =SUMIF(积分汇总!$B:$B,D70,积分汇总!$E:$E) -> 0 | I71: =SUMIF(记录巡查问题条数汇总!$B:$B,D70,记录巡查问题条数汇总!$E:$E) -> 0 | K71: =SUMIF(安全质量事故!$B:$B,D70,安全质量事故!$G:$G) -> 0 | L71: =COUNTIF(M71:AQ71,标准数据!$A$2)*标准数据!$B$2+COUNTIF(M71:AQ71,标准数据!$A$3)*标准数据!$B$3+COUNTIF(M71:AQ71,标准数据!$A$4)*标准数据!$B$4 -> 0 | AV71: =VLOOKUP(E71,[1]生产部!$C:$I,7,0) -> 常白 | AW71: =VLOOKUP(E71,[1]生产部!$C:$I,6,0) -> 4号楼1&2车间
A72: 4号楼1&2车间 | B72: 寡核苷酸厂房1CNC区域 | C72: 助工 | D72: 焦文刚 | E72: ALS16988 | F72: 46169 | G72: =(L72+H72+I72+J72-K72) -> 0 | H72: =SUMIF(积分汇总!$B:$B,D71,积分汇总!$E:$E) -> 0 | I72: =SUMIF(记录巡查问题条数汇总!$B:$B,D71,记录巡查问题条数汇总!$E:$E) -> 0 | K72: =SUMIF(安全质量事故!$B:$B,D71,安全质量事故!$G:$G) -> 0 | L72: =COUNTIF(M72:AQ72,标准数据!$A$2)*标准数据!$B$2+COUNTIF(M72:AQ72,标准数据!$A$3)*标准数据!$B$3+COUNTIF(M72:AQ72,标准数据!$A$4)*标准数据!$B$4 -> 0 | AV72: =VLOOKUP(E72,[1]生产部!$C:$I,7,0) -> 常白 | AW72: =VLOOKUP(E72,[1]生产部!$C:$I,6,0) -> 12号楼（4号楼委培）
A73: 4号楼1&2车间 | B73: 寡核苷酸厂房1CNC区域 | C73: 助工 | D73: 李成波 | E73: ALS17357 | F73: 46215 | G73: =(L73+H73+I73+J73-K73) -> 0 | H73: =SUMIF(积分汇总!$B:$B,D71,积分汇总!$E:$E) -> 0 | I73: =SUMIF(记录巡查问题条数汇总!$B:$B,D71,记录巡查问题条数汇总!$E:$E) -> 0 | K73: =SUMIF(安全质量事故!$B:$B,D71,安全质量事故!$G:$G) -> 0 | L73: =COUNTIF(M73:AQ73,标准数据!$A$2)*标准数据!$B$2+COUNTIF(M73:AQ73,标准数据!$A$3)*标准数据!$B$3+COUNTIF(M73:AQ73,标准数据!$A$4)*标准数据!$B$4 -> 0 | AV73: =VLOOKUP(E73,[1]生产部!$C:$I,7,0) -> 常白 | AW73: =VLOOKUP(E73,[1]生产部!$C:$I,6,0) -> 4号楼3&4车间
A74: 4号楼1&2车间 | B74: 寡核苷酸厂房1D级区域 | C74: 助工 | D74: 邵祥升 | E74: ALS17449 | F74: 46208 | G74: =(L74+H74+I74+J74-K74) -> 0 | H74: =SUMIF(积分汇总!$B:$B,D73,积分汇总!$E:$E) -> 0 | I74: =SUMIF(记录巡查问题条数汇总!$B:$B,D73,记录巡查问题条数汇总!$E:$E) -> 0 | K74: =SUMIF(安全质量事故!$B:$B,D73,安全质量事故!$G:$G) -> 0 | L74: =COUNTIF(M74:AQ74,标准数据!$A$2)*标准数据!$B$2+COUNTIF(M74:AQ74,标准数据!$A$3)*标准数据!$B$3+COUNTIF(M74:AQ74,标准数据!$A$4)*标准数据!$B$4 -> 0 | AV74: =VLOOKUP(E74,[1]生产部!$C:$I,7,0) -> 项目组 | AW74: =VLOOKUP(E74,[1]生产部!$C:$I,6,0) -> 4号楼1&2车间
A75: 4号楼1&2车间 | B75: 寡核苷酸厂房1D级区域 | C75: 助工 | D75: 王富星 | E75: ALS15894 | F75: 46027 | G75: =(L75+H75+I75+J75-K75) -> 0 | H75: =SUMIF(积分汇总!$B:$B,D73,积分汇总!$E:$E) -> 0 | I75: =SUMIF(记录巡查问题条数汇总!$B:$B,D73,记录巡查问题条数汇总!$E:$E) -> 0 | K75: =SUMIF(安全质量事故!$B:$B,D73,安全质量事故!$G:$G) -> 0 | L75: =COUNTIF(M75:AQ75,标准数据!$A$2)*标准数据!$B$2+COUNTIF(M75:AQ75,标准数据!$A$3)*标准数据!$B$3+COUNTIF(M75:AQ75,标准数据!$A$4)*标准数据!$B$4 -> 0 | AV75: =VLOOKUP(E75,[1]生产部!$C:$I,7,0) -> 退库 | AW75: =VLOOKUP(E75,[1]生产部!$C:$I,6,0) -> 4号楼1&2车间
A76: 4号楼1&2车间 | B76: 寡核苷酸厂房1D级区域 | C76: 操作工 | D76: 王佳琪 | E76: ALS11694 | F76: 44979 | G76: =(L76+H76+I76+J76-K76) -> 0 | H76: =SUMIF(积分汇总!$B:$B,D75,积分汇总!$E:$E) -> 0 | I76: =SUMIF(记录巡查问题条数汇总!$B:$B,D75,记录巡查问题条数汇总!$E:$E) -> 0 | K76: =SUMIF(安全质量事故!$B:$B,D75,安全质量事故!$G:$G) -> 0 | L76: =COUNTIF(M76:AQ76,标准数据!$A$2)*标准数据!$B$2+COUNTIF(M76:AQ76,标准数据!$A$3)*标准数据!$B$3+COUNTIF(M76:AQ76,标准数据!$A$4)*标准数据!$B$4 -> 0 | AV76: =VLOOKUP(E76,[1]生产部!$C:$I,7,0) -> 班组 | AW76: =VLOOKUP(E76,[1]生产部!$C:$I,6,0) -> 4号楼1&2车间
A77: 4号楼1&2车间 | B77: 寡核苷酸厂房1D级区域 | C77: 操作工 | D77: 王宁（ALS13623） | E77: ALS13623 | F77: 45609 | G77: =(L77+H77+I77+J77-K77) -> 0 | H77: =SUMIF(积分汇总!$B:$B,D76,积分汇总!$E:$E) -> 0 | I77: =SUMIF(记录巡查问题条数汇总!$B:$B,D76,记录巡查问题条数汇总!$E:$E) -> 0 | K77: =SUMIF(安全质量事故!$B:$B,D76,安全质量事故!$G:$G) -> 0 | L77: =COUNTIF(M77:AQ77,标准数据!$A$2)*标准数据!$B$2+COUNTIF(M77:AQ77,标准数据!$A$3)*标准数据!$B$3+COUNTIF(M77:AQ77,标准数据!$A$4)*标准数据!$B$4 -> 0 | AV77: =VLOOKUP(E77,[1]生产部!$C:$I,7,0) -> 班组 | AW77: =VLOOKUP(E77,[1]生产部!$C:$I,6,0) -> 4号楼1&2车间
A78: 4号楼1&2车间 | B78: 寡核苷酸厂房1D级区域 | C78: 操作工 | D78: 刘旭阳 | E78: ALS13861 | F78: 45742 | G78: =(L78+H78+I78+J78-K78) -> 0 | H78: =SUMIF(积分汇总!$B:$B,D77,积分汇总!$E:$E) -> 0 | I78: =SUMIF(记录巡查问题条数汇总!$B:$B,D77,记录巡查问题条数汇总!$E:$E) -> 0 | K78: =SUMIF(安全质量事故!$B:$B,D77,安全质量事故!$G:$G) -> 0 | L78: =COUNTIF(M78:AQ78,标准数据!$A$2)*标准数据!$B$2+COUNTIF(M78:AQ78,标准数据!$A$3)*标准数据!$B$3+COUNTIF(M78:AQ78,标准数据!$A$4)*标准数据!$B$4 -> 0 | AV78: =VLOOKUP(E78,[1]生产部!$C:$I,7,0) -> 包装 | AW78: =VLOOKUP(E78,[1]生产部!$C:$I,6,0) -> 4号楼1&2车间
A79: 4号楼1&2车间 | B79: 寡核苷酸厂房1D级区域 | C79: 操作工 | D79: 谢敬磊 | E79: ALS13897 | F79: 45756 | G79: =(L79+H79+I79+J79-K79) -> 0 | H79: =SUMIF(积分汇总!$B:$B,D78,积分汇总!$E:$E) -> 0 | I79: =SUMIF(记录巡查问题条数汇总!$B:$B,D78,记录巡查问题条数汇总!$E:$E) -> 0 | K79: =SUMIF(安全质量事故!$B:$B,D78,安全质量事故!$G:$G) -> 0 | L79: =COUNTIF(M79:AQ79,标准数据!$A$2)*标准数据!$B$2+COUNTIF(M79:AQ79,标准数据!$A$3)*标准数据!$B$3+COUNTIF(M79:AQ79,标准数据!$A$4)*标准数据!$B$4 -> 0 | AV79: =VLOOKUP(E79,[1]生产部!$C:$I,7,0) -> 班组 | AW79: =VLOOKUP(E79,[1]生产部!$C:$I,6,0) -> 4号楼1&2车间
A80: 4号楼1&2车间 | B80: 寡核苷酸厂房1D级区域 | C80: 操作工 | D80: 丁启明 | E80: ALS14058 | F80: 45798 | G80: =(L80+H80+I80+J80-K80) -> 0 | H80: =SUMIF(积分汇总!$B:$B,D79,积分汇总!$E:$E) -> 0 | I80: =SUMIF(记录巡查问题条数汇总!$B:$B,D79,记录巡查问题条数汇总!$E:$E) -> 0 | K80: =SUMIF(安全质量事故!$B:$B,D79,安全质量事故!$G:$G) -> 0 | L80: =COUNTIF(M80:AQ80,标准数据!$A$2)*标准数据!$B$2+COUNTIF(M80:AQ80,标准数据!$A$3)*标准数据!$B$3+COUNTIF(M80:AQ80,标准数据!$A$4)*标准数据!$B$4 -> 0 | AV80: =VLOOKUP(E80,[1]生产部!$C:$I,7,0) -> 班组 | AW80: =VLOOKUP(E80,[1]生产部!$C:$I,6,0) -> 4号楼1&2车间
A81: 4号楼1&2车间 | B81: 寡核苷酸厂房1D级区域 | C81: 操作工 | D81: 刘冬旭 | E81: ALS14326 | F81: 45854 | G81: =(L81+H81+I81+J81-K81) -> 0 | H81: =SUMIF(积分汇总!$B:$B,D80,积分汇总!$E:$E) -> 0 | I81: =SUMIF(记录巡查问题条数汇总!$B:$B,D80,记录巡查问题条数汇总!$E:$E) -> 0 | K81: =SUMIF(安全质量事故!$B:$B,D80,安全质量事故!$G:$G) -> 0 | L81: =COUNTIF(M81:AQ81,标准数据!$A$2)*标准数据!$B$2+COUNTIF(M81:AQ81,标准数据!$A$3)*标准数据!$B$3+COUNTIF(M81:AQ81,标准数据!$A$4)*标准数据!$B$4 -> 0 | AV81: =VLOOKUP(E81,[1]生产部!$C:$I,7,0) -> 班组 | AW81: =VLOOKUP(E81,[1]生产部!$C:$I,6,0) -> 4号楼1&2车间
A82: 4号楼1&2车间 | B82: 寡核苷酸厂房1D级区域 | C82: 操作工 | D82: 史慧轩 | E82: ALS14686 | F82: 45889 | G82: =(L82+H82+I82+J82-K82) -> 0 | H82: =SUMIF(积分汇总!$B:$B,D81,积分汇总!$E:$E) -> 0 | I82: =SUMIF(记录巡查问题条数汇总!$B:$B,D81,记录巡查问题条数汇总!$E:$E) -> 0 | K82: =SUMIF(安全质量事故!$B:$B,D81,安全质量事故!$G:$G) -> 0 | L82: =COUNTIF(M82:AQ82,标准数据!$A$2)*标准数据!$B$2+COUNTIF(M82:AQ82,标准数据!$A$3)*标准数据!$B$3+COUNTIF(M82:AQ82,标准数据!$A$4)*标准数据!$B$4 -> 0 | AV82: =VLOOKUP(E82,[1]生产部!$C:$I,7,0) -> 班组 | AW82: =VLOOKUP(E82,[1]生产部!$C:$I,6,0) -> 4号楼1&2车间
A83: 4号楼1&2车间 | B83: 寡核苷酸厂房1D级区域 | C83: 操作工 | D83: 黄天宇 | E83: ALS14629 | F83: 45882 | G83: =(L83+H83+I83+J83-K83) -> 0 | H83: =SUMIF(积分汇总!$B:$B,D82,积分汇总!$E:$E) -> 0 | I83: =SUMIF(记录巡查问题条数汇总!$B:$B,D82,记录巡查问题条数汇总!$E:$E) -> 0 | K83: =SUMIF(安全质量事故!$B:$B,D82,安全质量事故!$G:$G) -> 0 | L83: =COUNTIF(M83:AQ83,标准数据!$A$2)*标准数据!$B$2+COUNTIF(M83:AQ83,标准数据!$A$3)*标准数据!$B$3+COUNTIF(M83:AQ83,标准数据!$A$4)*标准数据!$B$4 -> 0 | AV83: =VLOOKUP(E83,[1]生产部!$C:$I,7,0) -> 班组 | AW83: =VLOOKUP(E83,[1]生产部!$C:$I,6,0) -> 4号楼1&2车间
A84: 4号楼1&2车间 | B84: 寡核苷酸厂房1D级区域 | C84: 操作工 | D84: 李静 | E84: ALS14792 | F84: 45910 | G84: =(L84+H84+I84+J84-K84) -> 0 | H84: =SUMIF(积分汇总!$B:$B,D83,积分汇总!$E:$E) -> 0 | I84: =SUMIF(记录巡查问题条数汇总!$B:$B,D83,记录巡查问题条数汇总!$E:$E) -> 0 | K84: =SUMIF(安全质量事故!$B:$B,D83,安全质量事故!$G:$G) -> 0 | L84: =COUNTIF(M84:AQ84,标准数据!$A$2)*标准数据!$B$2+COUNTIF(M84:AQ84,标准数据!$A$3)*标准数据!$B$3+COUNTIF(M84:AQ84,标准数据!$A$4)*标准数据!$B$4 -> 0 | AV84: =VLOOKUP(E84,[1]生产部!$C:$I,7,0) -> 班组 | AW84: =VLOOKUP(E84,[1]生产部!$C:$I,6,0) -> 4号楼1&2车间
A85: 4号楼1&2车间 | B85: 寡核苷酸厂房1D级区域 | C85: 操作工 | D85: 田硕 | E85: ALS14330 | F85: 45854 | G85: =(L85+H85+I85+J85-K85) -> 0 | H85: =SUMIF(积分汇总!$B:$B,D84,积分汇总!$E:$E) -> 0 | I85: =SUMIF(记录巡查问题条数汇总!$B:$B,D84,记录巡查问题条数汇总!$E:$E) -> 0 | K85: =SUMIF(安全质量事故!$B:$B,D84,安全质量事故!$G:$G) -> 0 | L85: =COUNTIF(M85:AQ85,标准数据!$A$2)*标准数据!$B$2+COUNTIF(M85:AQ85,标准数据!$A$3)*标准数据!$B$3+COUNTIF(M85:AQ85,标准数据!$A$4)*标准数据!$B$4 -> 0 | AV85: =VLOOKUP(E85,[1]生产部!$C:$I,7,0) -> 班组 | AW85: =VLOOKUP(E85,[1]生产部!$C:$I,6,0) -> 4号楼1&2车间
A86: 4号楼1&2车间 | B86: 寡核苷酸厂房1D级区域 | C86: 操作工 | D86: 刘天宇 | E86: ALS15298 | F86: 45973 | G86: =(L86+H86+I86+J86-K86) -> 0 | H86: =SUMIF(积分汇总!$B:$B,D85,积分汇总!$E:$E) -> 0 | I86: =SUMIF(记录巡查问题条数汇总!$B:$B,D85,记录巡查问题条数汇总!$E:$E) -> 0 | K86: =SUMIF(安全质量事故!$B:$B,D85,安全质量事故!$G:$G) -> 0 | L86: =COUNTIF(M86:AQ86,标准数据!$A$2)*标准数据!$B$2+COUNTIF(M86:AQ86,标准数据!$A$3)*标准数据!$B$3+COUNTIF(M86:AQ86,标准数据!$A$4)*标准数据!$B$4 -> 0 | AV86: =VLOOKUP(E86,[1]生产部!$C:$I,7,0) -> 常白 | AW86: =VLOOKUP(E86,[1]生产部!$C:$I,6,0) -> 4号楼1&2车间
A87: 4号楼1&2车间 | B87: 寡核苷酸厂房1D级区域 | C87: 操作工 | D87: 王宁（ALS16049） | E87: ALS16049 | F87: 46057 | G87: =(L87+H87+I87+J87-K87) -> 0 | H87: =SUMIF(积分汇总!$B:$B,D86,积分汇总!$E:$E) -> 0 | I87: =SUMIF(记录巡查问题条数汇总!$B:$B,D86,记录巡查问题条数汇总!$E:$E) -> 0 | K87: =SUMIF(安全质量事故!$B:$B,D86,安全质量事故!$G:$G) -> 0 | L87: =COUNTIF(M87:AQ87,标准数据!$A$2)*标准数据!$B$2+COUNTIF(M87:AQ87,标准数据!$A$3)*标准数据!$B$3+COUNTIF(M87:AQ87,标准数据!$A$4)*标准数据!$B$4 -> 0 | AV87: =VLOOKUP(E87,[1]生产部!$C:$I,7,0) -> 常白 | AW87: =VLOOKUP(E87,[1]生产部!$C:$I,6,0) -> 4号楼1&2车间
... A92: 4号楼1&2车间 | B92: 寡核苷酸厂房1D级区域 | C92: 操作工 | D92: 常文轩 | E92: ALS15398 | F92: 45980 | G92: =(L92+H92+I92+J92-K92) -> 0 | H92: =SUMIF(积分汇总!$B:$B,D91,积分汇总!$E:$E) -> 0 | I92: =SUMIF(记录巡查问题条数汇总!$B:$B,D91,记录巡查问题条数汇总!$E:$E) -> 0 | K92: =SUMIF(安全质量事故!$B:$B,D91,安全质量事故!$G:$G) -> 0 | L92: =COUNTIF(M92:AQ92,标准数据!$A$2)*标准数据!$B$2+COUNTIF(M92:AQ92,标准数据!$A$3)*标准数据!$B$3+COUNTIF(M92:AQ92,标准数据!$A$4)*标准数据!$B$4 -> 0 | AV92: =VLOOKUP(E92,[1]生产部!$C:$I,7,0) -> 班组 | AW92: =VLOOKUP(E92,[1]生产部!$C:$I,6,0) -> 4号楼1&2车间
A93: 4号楼3&4车间 | B93: 寡核苷酸厂房1CNC区域 | C93: 工程师 | D93: 穆双超 | E93: ADH5432 | F93: 44752 | G93: =(L93+H93+I93+J93-K93) -> 0 | H93: =SUMIF(积分汇总!$B:$B,D92,积分汇总!$E:$E) -> 0 | I93: =SUMIF(记录巡查问题条数汇总!$B:$B,D92,记录巡查问题条数汇总!$E:$E) -> 0 | K93: =SUMIF(安全质量事故!$B:$B,D92,安全质量事故!$G:$G) -> 0 | L93: =COUNTIF(M93:AQ93,标准数据!$A$2)*标准数据!$B$2+COUNTIF(M93:AQ93,标准数据!$A$3)*标准数据!$B$3+COUNTIF(M93:AQ93,标准数据!$A$4)*标准数据!$B$4 -> 0 | AS93: 4#楼3&4车间“a、b、c”分布情况 | AV93: =VLOOKUP(E93,[1]生产部!$C:$I,7,0) -> 项目组 | AW93: =VLOOKUP(E93,[1]生产部!$C:$I,6,0) -> 4号楼3&4车间
A94: 4号楼3&4车间 | B94: 寡核苷酸厂房1CNC区域 | C94: 工程师 | D94: 于清凡 | E94: ALS5619 | F94: 43677 | G94: =(L94+H94+I94+J94-K94) -> 0 | H94: =SUMIF(积分汇总!$B:$B,D93,积分汇总!$E:$E) -> 0 | I94: =SUMIF(记录巡查问题条数汇总!$B:$B,D93,记录巡查问题条数汇总!$E:$E) -> 0 | K94: =SUMIF(安全质量事故!$B:$B,D93,安全质量事故!$G:$G) -> 0 | L94: =COUNTIF(M94:AQ94,标准数据!$A$2)*标准数据!$B$2+COUNTIF(M94:AQ94,标准数据!$A$3)*标准数据!$B$3+COUNTIF(M94:AQ94,标准数据!$A$4)*标准数据!$B$4 -> 0 | AS94: “a”占比 | AT94: “b”占比 | AU94: “c”占比 | AV94: =VLOOKUP(E94,[1]生产部!$C:$I,7,0) -> 班组 | AW94: =VLOOKUP(E94,[1]生产部!$C:$I,6,0) -> 4号楼3&4车间
A95: 4号楼3&4车间 | B95: 寡核苷酸厂房1CNC区域 | C95: 工程师 | D95: 荣宪超 | E95: FX3085 | F95: 43977 | G95: =(L95+H95+I95+J95-K95) -> 0 | H95: =SUMIF(积分汇总!$B:$B,D94,积分汇总!$E:$E) -> 0 | I95: =SUMIF(记录巡查问题条数汇总!$B:$B,D94,记录巡查问题条数汇总!$E:$E) -> 0 | K95: =SUMIF(安全质量事故!$B:$B,D94,安全质量事故!$G:$G) -> 0 | L95: =COUNTIF(M95:AQ95,标准数据!$A$2)*标准数据!$B$2+COUNTIF(M95:AQ95,标准数据!$A$3)*标准数据!$B$3+COUNTIF(M95:AQ95,标准数据!$A$4)*标准数据!$B$4 -> 0 | AS95: =COUNTIF($M$93:$AQ$186,"a") -> 0 | AT95: =COUNTIF($M$93:$AQ$186,"b") -> 0 | AU95: =COUNTIF($M$93:$AQ$186,"c") -> 0 | AV95: =VLOOKUP(E95,[1]生产部!$C:$I,7,0) -> 常白 | AW95: =VLOOKUP(E95,[1]生产部!$C:$I,6,0) -> 4号楼3&4车间
A96: 4号楼3&4车间 | B96: 寡核苷酸厂房1CNC区域 | C96: 工程师 | D96: 支庆 | E96: LFX569 | F96: 44389 | G96: =(L96+H96+I96+J96-K96) -> 0 | H96: =SUMIF(积分汇总!$B:$B,D95,积分汇总!$E:$E) -> 0 | I96: =SUMIF(记录巡查问题条数汇总!$B:$B,D95,记录巡查问题条数汇总!$E:$E) -> 0 | K96: =SUMIF(安全质量事故!$B:$B,D95,安全质量事故!$G:$G) -> 0 | L96: =COUNTIF(M96:AQ96,标准数据!$A$2)*标准数据!$B$2+COUNTIF(M96:AQ96,标准数据!$A$3)*标准数据!$B$3+COUNTIF(M96:AQ96,标准数据!$A$4)*标准数据!$B$4 -> 0 | AS96: =AS95/($AS$95+$AT$95+$AU$95) -> #DIV/0! | AT96: =AT95/($AS$95+$AT$95+$AU$95) -> #DIV/0! | AU96: =AU95/($AS$95+$AT$95+$AU$95) -> #DIV/0! | AV96: =VLOOKUP(E96,[1]生产部!$C:$I,7,0) -> 项目组 | AW96: =VLOOKUP(E96,[1]生产部!$C:$I,6,0) -> 4号楼3&4车间
A97: 4号楼3&4车间 | B97: 寡核苷酸厂房1CNC区域 | C97: 工程师 | D97: 俞燕溪 | E97: ALS14328 | F97: 45847 | G97: =(L97+H97+I97+J97-K97) -> 0 | H97: =SUMIF(积分汇总!$B:$B,D96,积分汇总!$E:$E) -> 0 | I97: =SUMIF(记录巡查问题条数汇总!$B:$B,D96,记录巡查问题条数汇总!$E:$E) -> 0 | K97: =SUMIF(安全质量事故!$B:$B,D96,安全质量事故!$G:$G) -> 0 | L97: =COUNTIF(M97:AQ97,标准数据!$A$2)*标准数据!$B$2+COUNTIF(M97:AQ97,标准数据!$A$3)*标准数据!$B$3+COUNTIF(M97:AQ97,标准数据!$A$4)*标准数据!$B$4 -> 0 | AV97: =VLOOKUP(E97,[1]生产部!$C:$I,7,0) -> 项目组 | AW97: =VLOOKUP(E97,[1]生产部!$C:$I,6,0) -> 4号楼3&4车间
A98: 4号楼3&4车间 | B98: 寡核苷酸厂房1CNC区域 | C98: 工程师 | D98: 刘振 | E98: ALS16970 | F98: 46169 | G98: =(L98+H98+I98+J98-K98) -> 0 | H98: =SUMIF(积分汇总!$B:$B,D97,积分汇总!$E:$E) -> 0 | I98: =SUMIF(记录巡查问题条数汇总!$B:$B,D97,记录巡查问题条数汇总!$E:$E) -> 0 | K98: =SUMIF(安全质量事故!$B:$B,D97,安全质量事故!$G:$G) -> 0 | L98: =COUNTIF(M98:AQ98,标准数据!$A$2)*标准数据!$B$2+COUNTIF(M98:AQ98,标准数据!$A$3)*标准数据!$B$3+COUNTIF(M98:AQ98,标准数据!$A$4)*标准数据!$B$4 -> 0 | AV98: =VLOOKUP(E98,[1]生产部!$C:$I,7,0) -> 项目组 | AW98: =VLOOKUP(E98,[1]生产部!$C:$I,6,0) -> 4号楼3&4车间
A99: 4号楼3&4车间 | B99: 寡核苷酸厂房1D级区域 | C99: 工程师 | D99: 乔春汀 | E99: ALS18421 | F99: 46253 | G99: =(L99+H99+I99+J99-K99) -> 0 | H99: =SUMIF(积分汇总!$B:$B,D97,积分汇总!$E:$E) -> 0 | I99: =SUMIF(记录巡查问题条数汇总!$B:$B,D97,记录巡查问题条数汇总!$E:$E) -> 0 | K99: =SUMIF(安全质量事故!$B:$B,D97,安全质量事故!$G:$G) -> 0 | L99: =COUNTIF(M99:AQ99,标准数据!$A$2)*标准数据!$B$2+COUNTIF(M99:AQ99,标准数据!$A$3)*标准数据!$B$3+COUNTIF(M99:AQ99,标准数据!$A$4)*标准数据!$B$4 -> 0 | AV99: =VLOOKUP(E99,[1]生产部!$C:$I,7,0) -> 常白 | AW99: =VLOOKUP(E99,[1]生产部!$C:$I,6,0) -> 4号楼
A100: 4号楼3&4车间 | B100: 寡核苷酸厂房1D级区域 | C100: 工程师 | D100: 高雄 | E100: ALS18129 | F100: 46251 | G100: =(L100+H100+I100+J100-K100) -> 0 | H100: =SUMIF(积分汇总!$B:$B,D99,积分汇总!$E:$E) -> 0 | I100: =SUMIF(记录巡查问题条数汇总!$B:$B,D99,记录巡查问题条数汇总!$E:$E) -> 0 | K100: =SUMIF(安全质量事故!$B:$B,D99,安全质量事故!$G:$G) -> 0 | L100: =COUNTIF(M100:AQ100,标准数据!$A$2)*标准数据!$B$2+COUNTIF(M100:AQ100,标准数据!$A$3)*标准数据!$B$3+COUNTIF(M100:AQ100,标准数据!$A$4)*标准数据!$B$4 -> 0 | AV100: =VLOOKUP(E100,[1]生产部!$C:$I,7,0) -> 常白 | AW100: =VLOOKUP(E100,[1]生产部!$C:$I,6,0) -> 4号楼
A101: 4号楼3&4车间 | B101: 寡核苷酸厂房1CNC区域 | C101: 班长 | D101: 窦贤巩 | E101: ALS5807 | F101: 43817 | G101: =(L101+H101+I101+J101-K101) -> 0 | H101: =SUMIF(积分汇总!$B:$B,D100,积分汇总!$E:$E) -> 0 | I101: =SUMIF(记录巡查问题条数汇总!$B:$B,D100,记录巡查问题条数汇总!$E:$E) -> 0 | K101: =SUMIF(安全质量事故!$B:$B,D100,安全质量事故!$G:$G) -> 0 | L101: =COUNTIF(M101:AQ101,标准数据!$A$2)*标准数据!$B$2+COUNTIF(M101:AQ101,标准数据!$A$3)*标准数据!$B$3+COUNTIF(M101:AQ101,标准数据!$A$4)*标准数据!$B$4 -> 0 | AV101: =VLOOKUP(E101,[1]生产部!$C:$I,7,0) -> 常白 | AW101: =VLOOKUP(E101,[1]生产部!$C:$I,6,0) -> 4号楼3&4车间
A102: 4号楼3&4车间 | B102: 寡核苷酸厂房1CNC区域 | C102: 班长 | D102: 李董明 | E102: ALS10327 | F102: 44734 | G102: =(L102+H102+I102+J102-K102) -> 0 | H102: =SUMIF(积分汇总!$B:$B,D101,积分汇总!$E:$E) -> 0 | I102: =SUMIF(记录巡查问题条数汇总!$B:$B,D101,记录巡查问题条数汇总!$E:$E) -> 0 | K102: =SUMIF(安全质量事故!$B:$B,D101,安全质量事故!$G:$G) -> 0 | L102: =COUNTIF(M102:AQ102,标准数据!$A$2)*标准数据!$B$2+COUNTIF(M102:AQ102,标准数据!$A$3)*标准数据!$B$3+COUNTIF(M102:AQ102,标准数据!$A$4)*标准数据!$B$4 -> 0 | AV102: =VLOOKUP(E102,[1]生产部!$C:$I,7,0) -> 班组 | AW102: =VLOOKUP(E102,[1]生产部!$C:$I,6,0) -> 4号楼3&4车间
A103: 4号楼3&4车间 | B103: 寡核苷酸厂房1CNC区域 | C103: 班长 | D103: 王永乐 | E103: ALS10165 | F103: 44755 | G103: =(L103+H103+I103+J103-K103) -> 0 | H103: =SUMIF(积分汇总!$B:$B,D102,积分汇总!$E:$E) -> 0 | I103: =SUMIF(记录巡查问题条数汇总!$B:$B,D102,记录巡查问题条数汇总!$E:$E) -> 0 | K103: =SUMIF(安全质量事故!$B:$B,D102,安全质量事故!$G:$G) -> 0 | L103: =COUNTIF(M103:AQ103,标准数据!$A$2)*标准数据!$B$2+COUNTIF(M103:AQ103,标准数据!$A$3)*标准数据!$B$3+COUNTIF(M103:AQ103,标准数据!$A$4)*标准数据!$B$4 -> 0 | AV103: =VLOOKUP(E103,[1]生产部!$C:$I,7,0) -> 倒班 | AW103: =VLOOKUP(E103,[1]生产部!$C:$I,6,0) -> 4号楼3&4车间
A104: 4号楼3&4车间 | B104: 寡核苷酸厂房1CNC区域 | C104: 班长 | D104: 韩德玉 | E104: ALS11936 | F104: 45056 | G104: =(L104+H104+I104+J104-K104) -> 0 | H104: =SUMIF(积分汇总!$B:$B,D103,积分汇总!$E:$E) -> 0 | I104: =SUMIF(记录巡查问题条数汇总!$B:$B,D103,记录巡查问题条数汇总!$E:$E) -> 0 | K104: =SUMIF(安全质量事故!$B:$B,D103,安全质量事故!$G:$G) -> 0 | L104: =COUNTIF(M104:AQ104,标准数据!$A$2)*标准数据!$B$2+COUNTIF(M104:AQ104,标准数据!$A$3)*标准数据!$B$3+COUNTIF(M104:AQ104,标准数据!$A$4)*标准数据!$B$4 -> 0 | AV104: =VLOOKUP(E104,[1]生产部!$C:$I,7,0) -> 班组 | AW104: =VLOOKUP(E104,[1]生产部!$C:$I,6,0) -> 4号楼3&4车间
A105: 4号楼3&4车间 | B105: 寡核苷酸厂房1CNC区域 | C105: 班长 | D105: 赵鹏帅 | E105: ALS10175 | F105: 44755 | G105: =(L105+H105+I105+J105-K105) -> 0 | H105: =SUMIF(积分汇总!$B:$B,D104,积分汇总!$E:$E) -> 0 | I105: =SUMIF(记录巡查问题条数汇总!$B:$B,D104,记录巡查问题条数汇总!$E:$E) -> 0 | K105: =SUMIF(安全质量事故!$B:$B,D104,安全质量事故!$G:$G) -> 0 | L105: =COUNTIF(M105:AQ105,标准数据!$A$2)*标准数据!$B$2+COUNTIF(M105:AQ105,标准数据!$A$3)*标准数据!$B$3+COUNTIF(M105:AQ105,标准数据!$A$4)*标准数据!$B$4 -> 0 | AV105: =VLOOKUP(E105,[1]生产部!$C:$I,7,0) -> 班组 | AW105: =VLOOKUP(E105,[1]生产部!$C:$I,6,0) -> 4号楼3&4车间
A106: 4号楼3&4车间 | B106: 寡核苷酸厂房1CNC区域 | C106: 班长 | D106: 李孝辉 | E106: ALS8328 | F106: 44454 | G106: =(L106+H106+I106+J106-K106) -> 0 | H106: =SUMIF(积分汇总!$B:$B,D105,积分汇总!$E:$E) -> 0 | I106: =SUMIF(记录巡查问题条数汇总!$B:$B,D105,记录巡查问题条数汇总!$E:$E) -> 0 | K106: =SUMIF(安全质量事故!$B:$B,D105,安全质量事故!$G:$G) -> 0 | L106: =COUNTIF(M106:AQ106,标准数据!$A$2)*标准数据!$B$2+COUNTIF(M106:AQ106,标准数据!$A$3)*标准数据!$B$3+COUNTIF(M106:AQ106,标准数据!$A$4)*标准数据!$B$4 -> 0 | AV106: =VLOOKUP(E106,[1]生产部!$C:$I,7,0) -> 班组 | AW106: =VLOOKUP(E106,[1]生产部!$C:$I,6,0) -> 4号楼3&4车间
A107: 4号楼3&4车间 | B107: 寡核苷酸厂房1CNC区域 | C107: 助工 | D107: 王嘉伟 | E107: ALS11236 | F107: 44774 | G107: =(L107+H107+I107+J107-K107) -> 0 | H107: =SUMIF(积分汇总!$B:$B,D106,积分汇总!$E:$E) -> 0 | I107: =SUMIF(记录巡查问题条数汇总!$B:$B,D106,记录巡查问题条数汇总!$E:$E) -> 0 | K107: =SUMIF(安全质量事故!$B:$B,D106,安全质量事故!$G:$G) -> 0 | L107: =COUNTIF(M107:AQ107,标准数据!$A$2)*标准数据!$B$2+COUNTIF(M107:AQ107,标准数据!$A$3)*标准数据!$B$3+COUNTIF(M107:AQ107,标准数据!$A$4)*标准数据!$B$4 -> 0 | AV107: =VLOOKUP(E107,[1]生产部!$C:$I,7,0) -> 项目组 | AW107: =VLOOKUP(E107,[1]生产部!$C:$I,6,0) -> 4号楼3&4车间
A108: 4号楼3&4车间 | B108: 寡核苷酸厂房1CNC区域 | C108: 助工 | D108: 刘俊杰 | E108: ALS10335 | F108: 44734 | G108: =(L108+H108+I108+J108-K108) -> 0 | H108: =SUMIF(积分汇总!$B:$B,D107,积分汇总!$E:$E) -> 0 | I108: =SUMIF(记录巡查问题条数汇总!$B:$B,D107,记录巡查问题条数汇总!$E:$E) -> 0 | K108: =SUMIF(安全质量事故!$B:$B,D107,安全质量事故!$G:$G) -> 0 | L108: =COUNTIF(M108:AQ108,标准数据!$A$2)*标准数据!$B$2+COUNTIF(M108:AQ108,标准数据!$A$3)*标准数据!$B$3+COUNTIF(M108:AQ108,标准数据!$A$4)*标准数据!$B$4 -> 0 | AV108: =VLOOKUP(E108,[1]生产部!$C:$I,7,0) -> 班组 | AW108: =VLOOKUP(E108,[1]生产部!$C:$I,6,0) -> 4号楼3&4车间
A109: 4号楼3&4车间 | B109: 寡核苷酸厂房1CNC区域 | C109: 助工 | D109: 杨贺龙 | E109: ALS10317 | F109: 44734 | G109: =(L109+H109+I109+J109-K109) -> 0 | H109: =SUMIF(积分汇总!$B:$B,D108,积分汇总!$E:$E) -> 0 | I109: =SUMIF(记录巡查问题条数汇总!$B:$B,D108,记录巡查问题条数汇总!$E:$E) -> 0 | K109: =SUMIF(安全质量事故!$B:$B,D108,安全质量事故!$G:$G) -> 0 | L109: =COUNTIF(M109:AQ109,标准数据!$A$2)*标准数据!$B$2+COUNTIF(M109:AQ109,标准数据!$A$3)*标准数据!$B$3+COUNTIF(M109:AQ109,标准数据!$A$4)*标准数据!$B$4 -> 0 | AV109: =VLOOKUP(E109,[1]生产部!$C:$I,7,0) -> 班组 | AW109: =VLOOKUP(E109,[1]生产部!$C:$I,6,0) -> 4号楼3&4车间
A110: 4号楼3&4车间 | B110: 寡核苷酸厂房1CNC区域 | C110: 助工 | D110: 肖王宇 | E110: ALS10328 | F110: 44734 | G110: =(L110+H110+I110+J110-K110) -> 0 | H110: =SUMIF(积分汇总!$B:$B,D109,积分汇总!$E:$E) -> 0 | I110: =SUMIF(记录巡查问题条数汇总!$B:$B,D109,记录巡查问题条数汇总!$E:$E) -> 0 | K110: =SUMIF(安全质量事故!$B:$B,D109,安全质量事故!$G:$G) -> 0 | L110: =COUNTIF(M110:AQ110,标准数据!$A$2)*标准数据!$B$2+COUNTIF(M110:AQ110,标准数据!$A$3)*标准数据!$B$3+COUNTIF(M110:AQ110,标准数据!$A$4)*标准数据!$B$4 -> 0 | AV110: =VLOOKUP(E110,[1]生产部!$C:$I,7,0) -> 班组 | AW110: =VLOOKUP(E110,[1]生产部!$C:$I,6,0) -> 4号楼3&4车间
A111: 4号楼3&4车间 | B111: 寡核苷酸厂房1CNC区域 | C111: 助工 | D111: 卫森豪 | E111: ALS11226 | F111: 44774 | G111: =(L111+H111+I111+J111-K111) -> 0 | H111: =SUMIF(积分汇总!$B:$B,D110,积分汇总!$E:$E) -> 0 | I111: =SUMIF(记录巡查问题条数汇总!$B:$B,D110,记录巡查问题条数汇总!$E:$E) -> 0 | K111: =SUMIF(安全质量事故!$B:$B,D110,安全质量事故!$G:$G) -> 0 | L111: =COUNTIF(M111:AQ111,标准数据!$A$2)*标准数据!$B$2+COUNTIF(M111:AQ111,标准数据!$A$3)*标准数据!$B$3+COUNTIF(M111:AQ111,标准数据!$A$4)*标准数据!$B$4 -> 0 | AV111: =VLOOKUP(E111,[1]生产部!$C:$I,7,0) -> 项目组倒班 | AW111: =VLOOKUP(E111,[1]生产部!$C:$I,6,0) -> 4号楼3&4车间
... A134: 4号楼3&4车间 | B134: 寡核苷酸厂房1CNC区域 | C134: 助工 | D134: 宋春宏 | E134: ALS13931 | F134: 45770 | G134: =(L134+H134+I134+J134-K134) -> 0 | H134: =SUMIF(积分汇总!$B:$B,D133,积分汇总!$E:$E) -> 0 | I134: =SUMIF(记录巡查问题条数汇总!$B:$B,D133,记录巡查问题条数汇总!$E:$E) -> 0 | K134: =SUMIF(安全质量事故!$B:$B,D133,安全质量事故!$G:$G) -> 0 | L134: =COUNTIF(M134:AQ134,标准数据!$A$2)*标准数据!$B$2+COUNTIF(M134:AQ134,标准数据!$A$3)*标准数据!$B$3+COUNTIF(M134:AQ134,标准数据!$A$4)*标准数据!$B$4 -> 0 | AV134: =VLOOKUP(E134,[1]生产部!$C:$I,7,0) -> 班组 | AW134: =VLOOKUP(E134,[1]生产部!$C:$I,6,0) -> 4号楼3&4车间
A135: 4号楼3&4车间 | B135: 寡核苷酸厂房1CNC区域 | C135: 助工 | D135: 尉勇 | E135: LFX577 | F135: 44389 | G135: =(L135+H135+I135+J135-K135) -> 0 | H135: =SUMIF(积分汇总!$B:$B,,积分汇总!$E:$E) -> 0 | I135: =SUMIF(记录巡查问题条数汇总!$B:$B,,记录巡查问题条数汇总!$E:$E) -> 0 | K135: =SUMIF(安全质量事故!$B:$B,,安全质量事故!$G:$G) -> 0 | L135: =COUNTIF(M135:AQ135,标准数据!$A$2)*标准数据!$B$2+COUNTIF(M135:AQ135,标准数据!$A$3)*标准数据!$B$3+COUNTIF(M135:AQ135,标准数据!$A$4)*标准数据!$B$4 -> 0 | AV135: =VLOOKUP(E135,[1]生产部!$C:$I,7,0) -> 班组 | AW135: =VLOOKUP(E135,[1]生产部!$C:$I,6,0) -> 4号楼3&4车间
A136: 4号楼3&4车间 | B136: 寡核苷酸厂房1CNC区域 | C136: 助工 | D136: 金士新 | E136: LFX859 | F136: 44753 | G136: =(L136+H136+I136+J136-K136) -> 0 | H136: =SUMIF(积分汇总!$B:$B,D135,积分汇总!$E:$E) -> 0 | I136: =SUMIF(记录巡查问题条数汇总!$B:$B,D135,记录巡查问题条数汇总!$E:$E) -> 0 | K136: =SUMIF(安全质量事故!$B:$B,D135,安全质量事故!$G:$G) -> 0 | L136: =COUNTIF(M136:AQ136,标准数据!$A$2)*标准数据!$B$2+COUNTIF(M136:AQ136,标准数据!$A$3)*标准数据!$B$3+COUNTIF(M136:AQ136,标准数据!$A$4)*标准数据!$B$4 -> 0 | AV136: =VLOOKUP(E136,[1]生产部!$C:$I,7,0) -> 项目组 | AW136: =VLOOKUP(E136,[1]生产部!$C:$I,6,0) -> 4号楼3&4车间
A137: 4号楼3&4车间 | B137: 寡核苷酸厂房1CNC区域 | C137: 助工 | D137: 吕云亮 | E137: ALS14026 | F137: 45791 | G137: =(L137+H137+I137+J137-K137) -> 0 | H137: =SUMIF(积分汇总!$B:$B,D136,积分汇总!$E:$E) -> 0 | I137: =SUMIF(记录巡查问题条数汇总!$B:$B,D136,记录巡查问题条数汇总!$E:$E) -> 0 | K137: =SUMIF(安全质量事故!$B:$B,D136,安全质量事故!$G:$G) -> 0 | L137: =COUNTIF(M137:AQ137,标准数据!$A$2)*标准数据!$B$2+COUNTIF(M137:AQ137,标准数据!$A$3)*标准数据!$B$3+COUNTIF(M137:AQ137,标准数据!$A$4)*标准数据!$B$4 -> 0 | AV137: =VLOOKUP(E137,[1]生产部!$C:$I,7,0) -> 班组 | AW137: =VLOOKUP(E137,[1]生产部!$C:$I,6,0) -> 4号楼3&4车间
A138: 4号楼3&4车间 | B138: 寡核苷酸厂房1CNC区域 | C138: 助工 | D138: 鲁斌 | E138: ALS14129 | F138: 45819 | G138: =(L138+H138+I138+J138-K138) -> 0 | H138: =SUMIF(积分汇总!$B:$B,D137,积分汇总!$E:$E) -> 0 | I138: =SUMIF(记录巡查问题条数汇总!$B:$B,D137,记录巡查问题条数汇总!$E:$E) -> 0 | K138: =SUMIF(安全质量事故!$B:$B,D137,安全质量事故!$G:$G) -> 0 | L138: =COUNTIF(M138:AQ138,标准数据!$A$2)*标准数据!$B$2+COUNTIF(M138:AQ138,标准数据!$A$3)*标准数据!$B$3+COUNTIF(M138:AQ138,标准数据!$A$4)*标准数据!$B$4 -> 0 | AV138: =VLOOKUP(E138,[1]生产部!$C:$I,7,0) -> 班组 | AW138: =VLOOKUP(E138,[1]生产部!$C:$I,6,0) -> 4号楼3&4车间
A139: 4号楼3&4车间 | B139: 寡核苷酸厂房1CNC区域 | C139: 助工 | D139: 郭淼 | E139: ALS14154 | F139: 45826 | G139: =(L139+H139+I139+J139-K139) -> 0 | H139: =SUMIF(积分汇总!$B:$B,D138,积分汇总!$E:$E) -> 0 | I139: =SUMIF(记录巡查问题条数汇总!$B:$B,D138,记录巡查问题条数汇总!$E:$E) -> 0 | K139: =SUMIF(安全质量事故!$B:$B,D138,安全质量事故!$G:$G) -> 0 | L139: =COUNTIF(M139:AQ139,标准数据!$A$2)*标准数据!$B$2+COUNTIF(M139:AQ139,标准数据!$A$3)*标准数据!$B$3+COUNTIF(M139:AQ139,标准数据!$A$4)*标准数据!$B$4 -> 0 | AV139: =VLOOKUP(E139,[1]生产部!$C:$I,7,0) -> 班组 | AW139: =VLOOKUP(E139,[1]生产部!$C:$I,6,0) -> 4号楼3&4车间
...

Sheet 说明
A1: 数据提供人 | B1: 安全质量奖 | C1: 一线人员sheet | D1: 副主任sheet
B2: 4#楼1&2车间： | C2: 田志勇 | D2: 刘其琛
B3: 4#楼3&4车间： | C3: 刘磊
B4: 11#楼CNC车间： | C4: 门学友 | D4: 杜永宝
B5: 11#楼D级区： | C5: 梁光强
B6: 5号楼： | C6: 冯恩利 | D6: 魏鹏
B7: 12号楼： | C7: 代海鑫 | D7: 姜彬
B8: 验证组 / DCS / 电子设备维护 / 合规&培训 ： | C8: 刘亚南 | D8: 刘亚南
B9: 环保设备设施 ： | C9: 刘文龙
B10: 外围/罐区/泵房： | C10: 赵艳春
B11: 清洗组： | C11: 陈正兴
B12: 安全组 | D12: 李国清
A13: 汇总说明
A14: 1 | B14: 月末或者月初整理安全质量奖，一线人员sheet和副主任sheet人员用员工编号与月底的人员明细表核对，删除离职的，补充新入职的人员；将日期修改后，内容清空，发给对应提报人，提供评价
A15: 2 | B15: 副主任级别sheet，添加好后面的设备使用率及对应挡位，钉钉发给对应该管理人员，问挡位是否有调整
A16: 3 | B16: 调生产设备部的不用管，调实验室的备注，调TJ1的加到TJ1核算表中

Sheet 积分汇总
A1: 积分汇总
A2: 车间 | B2: 姓名 | C2: 违规 | D2: 奖励 | E2: 积分合计 | F2: 备注
E3: =C3+D3 -> 0
E4: =C4+D4 -> 0
E5: =C5+D5 -> 0
E6: =C6+D6 -> 0
E7: =C7+D7 -> 0
E8: =C8+D8 -> 0
E9: =C9+D9 -> 0
E10: =C10+D10 -> 0
E11: =C11+D11 -> 0
E12: =C12+D12 -> 0
E13: =C13+D13 -> 0
E14: =C14+D14 -> 0
... E48: =C48+D48 -> 0
C49: =SUM(C3:C48) -> 0 | D49: =SUM(D3:D48) -> 0 | E49: =C49+D49 -> 0

Sheet 安全质量事故
A1: 车间 | B1: 责任人 | C1: 来源类别 | D1: 编号 | E1: 事故描述 | F1: 奖惩结果 | G1: 奖金扣除

Sheet 记录巡查问题条数汇总
A1: 车间 | B1: 姓名 | C1: 巡查条数汇总 | D1: 积分 | E1: 安全质量奖扣款

Sheet 标准数据
A1: 档位 | B1: 标准奖金 | C1: 人员占比
A2: A | B2: 35 | C2: 0.2
A3: B | B3: 15 | C3: 0.6
A4: C | B4: -5 | C4: 0.2
A10: 有API项目生产时，进入API工作的人员安全质量奖额外增加200元.
A11: >> 仅限一线人员(助工).
