Workbook

Sheet 副主任&工艺组长及其他
A1: 车间 | B1: 职务 | C1: 姓名 | D1: 员工编号 | E1: 入职日期 | F1: 实际奖金合计 | G1: 日常巡查扣款 | H1: 记录巡查扣款 | I1: 定点摄影最佳区域和最差区域评比 | J1: 奖惩 | K1: 出勤率 | L1: 调整后奖金 | M1: 调整后档位 | N1: 基础挡位 | O1: 计件批次 （参考） | P1: 设备体积利用率 | Q1: 备注
A2: 4号楼1&2车间 | B2: 副主任 | C2: 刘震 | D2: ALS1988 | E2: 42073 | F2: =(L2*K2+G2+H2+I2-J2) -> 600 | G2: =SUMIF(积分汇总!$B:$B,'副主任&工艺组长及其他'!C2,积分汇总!$E:$E) -> 0 | H2: =SUMIF(记录巡查问题条数汇总!$B:$B,'副主任&工艺组长及其他'!C2,记录巡查问题条数汇总!$E:$E) -> 0 | J2: =SUMIF(安全质量事故!$B:$B,'副主任&工艺组长及其他'!C2,安全质量事故!$G:$G) -> 0 | K2: 1 | L2: =HLOOKUP(M2,$A$143:$H$144,2) -> 600 | M2: A | N2: B | O2: 187.77 | P2: 0.471 | R2: =VLOOKUP(D2,[1]生产部!$C:$C,1,0) -> ALS1988
A3: 4号楼1&2车间 | B3: 副主任 | C3: 王鑫（ALS8215） | D3: ALS8215 | E3: 44431 | F3: =(L3*K3+G3+H3+I3-J3) -> 600 | G3: =SUMIF(积分汇总!$B:$B,'副主任&工艺组长及其他'!C3,积分汇总!$E:$E) -> 0 | H3: =SUMIF(记录巡查问题条数汇总!$B:$B,'副主任&工艺组长及其他'!C3,记录巡查问题条数汇总!$E:$E) -> 0 | J3: =SUMIF(安全质量事故!$B:$B,'副主任&工艺组长及其他'!C3,安全质量事故!$G:$G) -> 0 | K3: 1 | L3: =HLOOKUP(M3,$A$143:$H$144,2) -> 600 | M3: A | R3: =VLOOKUP(D3,[1]生产部!$C:$C,1,0) -> ALS8215
A4: 4号楼1&2车间 | B4: 工艺组长 | C4: 白春江 | D4: FX2679 | E4: 42933 | F4: =(L4*K4+G4+H4+I4-J4) -> 600 | G4: =SUMIF(积分汇总!$B:$B,'副主任&工艺组长及其他'!C4,积分汇总!$E:$E) -> 0 | H4: =SUMIF(记录巡查问题条数汇总!$B:$B,'副主任&工艺组长及其他'!C4,记录巡查问题条数汇总!$E:$E) -> 0 | J4: =SUMIF(安全质量事故!$B:$B,'副主任&工艺组长及其他'!C4,安全质量事故!$G:$G) -> 0 | K4: 1 | L4: =HLOOKUP(M4,$A$143:$H$144,2) -> 600 | M4: A | R4: =VLOOKUP(D4,[1]生产部!$C:$C,1,0) -> FX2679
A5: 4号楼1&2车间 | B5: 工艺组长 | C5: 罗林 | D5: ADH5191 | E5: 44677 | F5: =(L5*K5+G5+H5+I5-J5) -> 600 | G5: =SUMIF(积分汇总!$B:$B,'副主任&工艺组长及其他'!C5,积分汇总!$E:$E) -> 0 | H5: =SUMIF(记录巡查问题条数汇总!$B:$B,'副主任&工艺组长及其他'!C5,记录巡查问题条数汇总!$E:$E) -> 0 | J5: =SUMIF(安全质量事故!$B:$B,'副主任&工艺组长及其他'!C5,安全质量事故!$G:$G) -> 0 | K5: 1 | L5: =HLOOKUP(M5,$A$143:$H$144,2) -> 600 | M5: A | R5: =VLOOKUP(D5,[1]生产部!$C:$C,1,0) -> ADH5191
A6: 4号楼1&2车间 | B6: 工艺组长 | C6: 韩智慧 | D6: ALS10146 | E6: 44755 | F6: =(L6*K6+G6+H6+I6-J6) -> 400 | G6: =SUMIF(积分汇总!$B:$B,'副主任&工艺组长及其他'!C6,积分汇总!$E:$E) -> 0 | H6: =SUMIF(记录巡查问题条数汇总!$B:$B,'副主任&工艺组长及其他'!C6,记录巡查问题条数汇总!$E:$E) -> 0 | J6: =SUMIF(安全质量事故!$B:$B,'副主任&工艺组长及其他'!C6,安全质量事故!$G:$G) -> 0 | K6: 1 | L6: =HLOOKUP(M6,$A$143:$H$144,2) -> 400 | M6: B | R6: =VLOOKUP(D6,[1]生产部!$C:$C,1,0) -> ALS10146
A7: 4号楼1&2车间 | B7: 工艺组长 | C7: 陈雍 | D7: BDH0641 | E7: 44732 | F7: =(L7*K7+G7+H7+I7-J7) -> 400 | G7: =SUMIF(积分汇总!$B:$B,'副主任&工艺组长及其他'!C7,积分汇总!$E:$E) -> 0 | H7: =SUMIF(记录巡查问题条数汇总!$B:$B,'副主任&工艺组长及其他'!C7,记录巡查问题条数汇总!$E:$E) -> 0 | J7: =SUMIF(安全质量事故!$B:$B,'副主任&工艺组长及其他'!C7,安全质量事故!$G:$G) -> 0 | K7: 1 | L7: =HLOOKUP(M7,$A$143:$H$144,2) -> 400 | M7: B | R7: =VLOOKUP(D7,[1]生产部!$C:$C,1,0) -> BDH0641
A8: 4号楼1&2车间 | B8: 工艺组长 | C8: 孙福林 | D8: ALS16047 | E8: 46057 | F8: =(L8*K8+G8+H8+I8-J8) -> 400 | G8: =SUMIF(积分汇总!$B:$B,'副主任&工艺组长及其他'!C8,积分汇总!$E:$E) -> 0 | H8: =SUMIF(记录巡查问题条数汇总!$B:$B,'副主任&工艺组长及其他'!C8,记录巡查问题条数汇总!$E:$E) -> 0 | J8: =SUMIF(安全质量事故!$B:$B,'副主任&工艺组长及其他'!C8,安全质量事故!$G:$G) -> 0 | K8: 1 | L8: =HLOOKUP(M8,$A$143:$H$144,2) -> 400 | M8: B | R8: =VLOOKUP(D8,[1]生产部!$C:$C,1,0) -> ALS16047
A9: 4号楼1&2车间 | B9: 工程师 | C9: 张兴海 | D9: ALS12958 | E9: 45448 | F9: =(L9*K9+G9+H9+I9-J9) -> 400 | G9: =SUMIF(积分汇总!$B:$B,'副主任&工艺组长及其他'!C9,积分汇总!$E:$E) -> 0 | H9: =SUMIF(记录巡查问题条数汇总!$B:$B,'副主任&工艺组长及其他'!C9,记录巡查问题条数汇总!$E:$E) -> 0 | J9: =SUMIF(安全质量事故!$B:$B,'副主任&工艺组长及其他'!C9,安全质量事故!$G:$G) -> 0 | K9: 1 | L9: =HLOOKUP(M9,$A$143:$H$144,2) -> 400 | M9: B | R9: =VLOOKUP(D9,[1]生产部!$C:$C,1,0) -> ALS12958
A10: 4号楼1&2车间 | B10: 工程师 | C10: 刘太安 | D10: FX2743 | E10: 43237 | F10: =(L10*K10+G10+H10+I10-J10) -> 400 | G10: =SUMIF(积分汇总!$B:$B,'副主任&工艺组长及其他'!C10,积分汇总!$E:$E) -> 0 | H10: =SUMIF(记录巡查问题条数汇总!$B:$B,'副主任&工艺组长及其他'!C10,记录巡查问题条数汇总!$E:$E) -> 0 | J10: =SUMIF(安全质量事故!$B:$B,'副主任&工艺组长及其他'!C10,安全质量事故!$G:$G) -> 0 | K10: 1 | L10: =HLOOKUP(M10,$A$143:$H$144,2) -> 400 | M10: B | Q10: 2026/04/10借调TJ4 | R10: =VLOOKUP(D10,[1]生产部!$C:$C,1,0) -> FX2743
A11: 4号楼1&2车间 | B11: 工程师 | C11: 翟鹏飞 | D11: ALS17021 | E11: 46176 | F11: =(L11*K11+G11+H11+I11-J11) -> 400 | G11: =SUMIF(积分汇总!$B:$B,'副主任&工艺组长及其他'!C11,积分汇总!$E:$E) -> 0 | H11: =SUMIF(记录巡查问题条数汇总!$B:$B,'副主任&工艺组长及其他'!C11,记录巡查问题条数汇总!$E:$E) -> 0 | J11: =SUMIF(安全质量事故!$B:$B,'副主任&工艺组长及其他'!C11,安全质量事故!$G:$G) -> 0 | K11: 1 | L11: =HLOOKUP(M11,$A$143:$H$144,2) -> 400 | M11: B | Q11: 2026/04/10借调TJ4 | R11: =VLOOKUP(D11,[1]生产部!$C:$C,1,0) -> ALS17021
A12: 4号楼1&2车间 | B12: 助理工程师 | C12: 赵凯 | D12: ALS11919 | E12: 45042 | F12: =(L12*K12+G12+H12+I12-J12) -> 400 | G12: =SUMIF(积分汇总!$B:$B,'副主任&工艺组长及其他'!C12,积分汇总!$E:$E) -> 0 | H12: =SUMIF(记录巡查问题条数汇总!$B:$B,'副主任&工艺组长及其他'!C12,记录巡查问题条数汇总!$E:$E) -> 0 | J12: =SUMIF(安全质量事故!$B:$B,'副主任&工艺组长及其他'!C12,安全质量事故!$G:$G) -> 0 | K12: 1 | L12: =HLOOKUP(M12,$A$143:$H$144,2) -> 400 | M12: B | R12: =VLOOKUP(D12,[1]生产部!$C:$C,1,0) -> ALS11919
A13: 4号楼1&2车间 | B13: 助理工程师 | C13: 刘简 | D13: ALS17018 | E13: 46176 | F13: =(L13*K13+G13+H13+I13-J13) -> 400 | G13: =SUMIF(积分汇总!$B:$B,'副主任&工艺组长及其他'!C13,积分汇总!$E:$E) -> 0 | H13: =SUMIF(记录巡查问题条数汇总!$B:$B,'副主任&工艺组长及其他'!C13,记录巡查问题条数汇总!$E:$E) -> 0 | J13: =SUMIF(安全质量事故!$B:$B,'副主任&工艺组长及其他'!C13,安全质量事故!$G:$G) -> 0 | K13: 1 | L13: =HLOOKUP(M13,$A$143:$H$144,2) -> 400 | M13: B | R13: =VLOOKUP(D13,[1]生产部!$C:$C,1,0) -> ALS17018
A14: 4号楼1&2车间 | B14: 助理工程师 | C14: 宋京硕 | D14: ALS17114 | E14: 46183 | F14: =(L14*K14+G14+H14+I14-J14)/30*20 -> 266.66667 | G14: =SUMIF(积分汇总!$B:$B,'副主任&工艺组长及其他'!C14,积分汇总!$E:$E) -> 0 | H14: =SUMIF(记录巡查问题条数汇总!$B:$B,'副主任&工艺组长及其他'!C14,记录巡查问题条数汇总!$E:$E) -> 0 | J14: =SUMIF(安全质量事故!$B:$B,'副主任&工艺组长及其他'!C14,安全质量事故!$G:$G) -> 0 | K14: 1 | L14: =HLOOKUP(M14,$A$143:$H$144,2) -> 400 | M14: B | R14: =VLOOKUP(D14,[1]生产部!$C:$C,1,0) -> ALS17114
A15: 4号楼1&2车间 | B15: 助理工程师 | C15: 王富星 | D15: ALS15894 | E15: 46027 | F15: =(L15*K15+G15+H15+I15-J15) -> 400 | G15: =SUMIF(积分汇总!$B:$B,'副主任&工艺组长及其他'!C15,积分汇总!$E:$E) -> 0 | H15: =SUMIF(记录巡查问题条数汇总!$B:$B,'副主任&工艺组长及其他'!C15,记录巡查问题条数汇总!$E:$E) -> 0 | J15: =SUMIF(安全质量事故!$B:$B,'副主任&工艺组长及其他'!C15,安全质量事故!$G:$G) -> 0 | K15: 1 | L15: =HLOOKUP(M15,$A$143:$H$144,2) -> 400 | M15: B | Q15: 师傅 陈玉慧；调实验室学习制备 | R15: =VLOOKUP(D15,[1]生产部!$C:$C,1,0) -> ALS15894
A16: 4号楼1&2车间 | B16: 助理工程师 | C16: 王嘉俊 | D16: ALS15896 | E16: 46027 | F16: =(L16*K16+G16+H16+I16-J16) -> 400 | G16: =SUMIF(积分汇总!$B:$B,'副主任&工艺组长及其他'!C16,积分汇总!$E:$E) -> 0 | H16: =SUMIF(记录巡查问题条数汇总!$B:$B,'副主任&工艺组长及其他'!C16,记录巡查问题条数汇总!$E:$E) -> 0 | J16: =SUMIF(安全质量事故!$B:$B,'副主任&工艺组长及其他'!C16,安全质量事故!$G:$G) -> 0 | K16: 1 | L16: =HLOOKUP(M16,$A$143:$H$144,2) -> 400 | M16: B | Q16: 2026/06/30离职 | R16: =VLOOKUP(D16,[1]生产部!$C:$C,1,0) -> ALS15896
A17: 4号楼1&2车间 | B17: 助理工程师 | C17: 杨博硕 | D17: ALS15895 | E17: 46027 | F17: =(L17*K17+G17+H17+I17-J17) -> 400 | G17: =SUMIF(积分汇总!$B:$B,'副主任&工艺组长及其他'!C17,积分汇总!$E:$E) -> 0 | H17: =SUMIF(记录巡查问题条数汇总!$B:$B,'副主任&工艺组长及其他'!C17,记录巡查问题条数汇总!$E:$E) -> 0 | J17: =SUMIF(安全质量事故!$B:$B,'副主任&工艺组长及其他'!C17,安全质量事故!$G:$G) -> 0 | K17: 1 | L17: =HLOOKUP(M17,$A$143:$H$144,2) -> 400 | M17: B | Q17: 师傅 陈玉慧；调实验室学习制备 | R17: =VLOOKUP(D17,[1]生产部!$C:$C,1,0) -> ALS15895
A18: 4号楼1&2车间 | B18: 助理工程师 | C18: 白子洋 | D18: ALS15897 | E18: 46027 | F18: =(L18*K18+G18+H18+I18-J18) -> 400 | G18: =SUMIF(积分汇总!$B:$B,'副主任&工艺组长及其他'!C18,积分汇总!$E:$E) -> 0 | H18: =SUMIF(记录巡查问题条数汇总!$B:$B,'副主任&工艺组长及其他'!C18,记录巡查问题条数汇总!$E:$E) -> 0 | J18: =SUMIF(安全质量事故!$B:$B,'副主任&工艺组长及其他'!C18,安全质量事故!$G:$G) -> 0 | K18: 1 | L18: =HLOOKUP(M18,$A$143:$H$144,2) -> 400 | M18: B | Q18: 师傅 陈玉慧；调实验室学习制备 | R18: =VLOOKUP(D18,[1]生产部!$C:$C,1,0) -> ALS15897
A19: 4号楼1&2车间 | B19: 操作工 | C19: 赵申澳 | D19: ALS14195 | E19: 45833 | F19: =(L19*K19+G19+H19+I19-J19) -> 400 | G19: =SUMIF(积分汇总!$B:$B,'副主任&工艺组长及其他'!C19,积分汇总!$E:$E) -> 0 | H19: =SUMIF(记录巡查问题条数汇总!$B:$B,'副主任&工艺组长及其他'!C19,记录巡查问题条数汇总!$E:$E) -> 0 | J19: =SUMIF(安全质量事故!$B:$B,'副主任&工艺组长及其他'!C19,安全质量事故!$G:$G) -> 0 | K19: 1 | L19: =HLOOKUP(M19,$A$143:$H$144,2) -> 400 | M19: B | R19: =VLOOKUP(D19,[1]生产部!$C:$C,1,0) -> ALS14195
A20: 4号楼1&2车间 | B20: 操作工 | C20: 张家园 | D20: ALS15823 | E20: 46029 | F20: =(L20*K20+G20+H20+I20-J20) -> 400 | G20: =SUMIF(积分汇总!$B:$B,'副主任&工艺组长及其他'!C20,积分汇总!$E:$E) -> 0 | H20: =SUMIF(记录巡查问题条数汇总!$B:$B,'副主任&工艺组长及其他'!C20,记录巡查问题条数汇总!$E:$E) -> 0 | J20: =SUMIF(安全质量事故!$B:$B,'副主任&工艺组长及其他'!C20,安全质量事故!$G:$G) -> 0 | K20: 1 | L20: =HLOOKUP(M20,$A$143:$H$144,2) -> 400 | M20: B | R20: =VLOOKUP(D20,[1]生产部!$C:$C,1,0) -> ALS15823
A21: 4号楼3&4车间 | B21: 副主任 | C21: 王家伟 | D21: ACT2027 | E21: 44125 | F21: =(L21*K21+G21+H21+I21-J21) -> 600 | G21: =SUMIF(积分汇总!$B:$B,'副主任&工艺组长及其他'!C21,积分汇总!$E:$E) -> 0 | H21: =SUMIF(记录巡查问题条数汇总!$B:$B,'副主任&工艺组长及其他'!C21,记录巡查问题条数汇总!$E:$E) -> 0 | J21: =SUMIF(安全质量事故!$B:$B,'副主任&工艺组长及其他'!C21,安全质量事故!$G:$G) -> 0 | K21: 1 | L21: =HLOOKUP(M21,$A$143:$H$144,2) -> 600 | M21: A | R21: =VLOOKUP(D21,[1]生产部!$C:$C,1,0) -> ACT2027
A22: 4号楼3&4车间 | B22: 副主任 | C22: 杨欢（ALS7213） | D22: ALS7213 | E22: 44272 | F22: =(L22*K22+G22+H22+I22-J22) -> 400 | G22: =SUMIF(积分汇总!$B:$B,'副主任&工艺组长及其他'!C22,积分汇总!$E:$E) -> 0 | H22: =SUMIF(记录巡查问题条数汇总!$B:$B,'副主任&工艺组长及其他'!C22,记录巡查问题条数汇总!$E:$E) -> 0 | J22: =SUMIF(安全质量事故!$B:$B,'副主任&工艺组长及其他'!C22,安全质量事故!$G:$G) -> 0 | K22: 1 | L22: =HLOOKUP(M22,$A$143:$H$144,2) -> 400 | M22: B | R22: =VLOOKUP(D22,[1]生产部!$C:$C,1,0) -> ALS7213
A23: 4号楼3&4车间 | B23: 副主任 | C23: 李国强 | D23: ALS6830 | E23: 44139 | F23: =(L23*K23+G23+H23+I23-J23) -> 600 | G23: =SUMIF(积分汇总!$B:$B,'副主任&工艺组长及其他'!C23,积分汇总!$E:$E) -> 0 | H23: =SUMIF(记录巡查问题条数汇总!$B:$B,'副主任&工艺组长及其他'!C23,记录巡查问题条数汇总!$E:$E) -> 0 | J23: =SUMIF(安全质量事故!$B:$B,'副主任&工艺组长及其他'!C23,安全质量事故!$G:$G) -> 0 | K23: 1 | L23: =HLOOKUP(M23,$A$143:$H$144,2) -> 600 | M23: A | R23: =VLOOKUP(D23,[1]生产部!$C:$C,1,0) -> ALS6830
A24: 4号楼3&4车间 | B24: 工艺组长 | C24: 朱晔 | D24: ALS3598 | E24: 42926 | F24: =(L24*K24+G24+H24+I24-J24) -> 400 | G24: =SUMIF(积分汇总!$B:$B,'副主任&工艺组长及其他'!C24,积分汇总!$E:$E) -> 0 | H24: =SUMIF(记录巡查问题条数汇总!$B:$B,'副主任&工艺组长及其他'!C24,记录巡查问题条数汇总!$E:$E) -> 0 | J24: =SUMIF(安全质量事故!$B:$B,'副主任&工艺组长及其他'!C24,安全质量事故!$G:$G) -> 0 | K24: 1 | L24: =HLOOKUP(M24,$A$143:$H$144,2) -> 400 | M24: B | R24: =VLOOKUP(D24,[1]生产部!$C:$C,1,0) -> ALS3598
A25: 4号楼3&4车间 | B25: 工艺组长 | C25: 郭纹建 | D25: FX2691 | E25: 42972 | F25: =(L25*K25+G25+H25+I25-J25) -> 400 | G25: =SUMIF(积分汇总!$B:$B,'副主任&工艺组长及其他'!C25,积分汇总!$E:$E) -> 0 | H25: =SUMIF(记录巡查问题条数汇总!$B:$B,'副主任&工艺组长及其他'!C25,记录巡查问题条数汇总!$E:$E) -> 0 | J25: =SUMIF(安全质量事故!$B:$B,'副主任&工艺组长及其他'!C25,安全质量事故!$G:$G) -> 0 | K25: 1 | L25: =HLOOKUP(M25,$A$143:$H$144,2) -> 400 | M25: B | R25: =VLOOKUP(D25,[1]生产部!$C:$C,1,0) -> FX2691
A26: 4号楼3&4车间 | B26: 工艺组长 | C26: 刘旺 | D26: ALS10155 | E26: 44755 | F26: =(L26*K26+G26+H26+I26-J26) -> 400 | G26: =SUMIF(积分汇总!$B:$B,'副主任&工艺组长及其他'!C26,积分汇总!$E:$E) -> 0 | H26: =SUMIF(记录巡查问题条数汇总!$B:$B,'副主任&工艺组长及其他'!C26,记录巡查问题条数汇总!$E:$E) -> 0 | J26: =SUMIF(安全质量事故!$B:$B,'副主任&工艺组长及其他'!C26,安全质量事故!$G:$G) -> 0 | K26: 1 | L26: =HLOOKUP(M26,$A$143:$H$144,2) -> 400 | M26: B | R26: =VLOOKUP(D26,[1]生产部!$C:$C,1,0) -> ALS10155
A27: 4号楼3&4车间 | B27: 工艺组长 | C27: 晏和聪 | D27: ALS10332 | E27: 44734 | F27: =(L27*K27+G27+H27+I27-J27) -> 400 | G27: =SUMIF(积分汇总!$B:$B,'副主任&工艺组长及其他'!C27,积分汇总!$E:$E) -> 0 | H27: =SUMIF(记录巡查问题条数汇总!$B:$B,'副主任&工艺组长及其他'!C27,记录巡查问题条数汇总!$E:$E) -> 0 | J27: =SUMIF(安全质量事故!$B:$B,'副主任&工艺组长及其他'!C27,安全质量事故!$G:$G) -> 0 | K27: 1 | L27: =HLOOKUP(M27,$A$143:$H$144,2) -> 400 | M27: B | R27: =VLOOKUP(D27,[1]生产部!$C:$C,1,0) -> ALS10332
A28: 4号楼3&4车间 | B28: 工艺组长 | C28: 李天宇 | D28: ALS10153 | E28: 44755 | F28: =(L28*K28+G28+H28+I28-J28) -> 600 | G28: =SUMIF(积分汇总!$B:$B,'副主任&工艺组长及其他'!C28,积分汇总!$E:$E) -> 0 | H28: =SUMIF(记录巡查问题条数汇总!$B:$B,'副主任&工艺组长及其他'!C28,记录巡查问题条数汇总!$E:$E) -> 0 | J28: =SUMIF(安全质量事故!$B:$B,'副主任&工艺组长及其他'!C28,安全质量事故!$G:$G) -> 0 | K28: 1 | L28: =HLOOKUP(M28,$A$143:$H$144,2) -> 600 | M28: A | R28: =VLOOKUP(D28,[1]生产部!$C:$C,1,0) -> ALS10153
A29: 4号楼3&4车间 | B29: 工艺组长 | C29: 陈博文 | D29: ALS7875 | E29: 44389 | F29: =(L29*K29+G29+H29+I29-J29) -> 400 | G29: =SUMIF(积分汇总!$B:$B,'副主任&工艺组长及其他'!C29,积分汇总!$E:$E) -> 0 | H29: =SUMIF(记录巡查问题条数汇总!$B:$B,'副主任&工艺组长及其他'!C29,记录巡查问题条数汇总!$E:$E) -> 0 | J29: =SUMIF(安全质量事故!$B:$B,'副主任&工艺组长及其他'!C29,安全质量事故!$G:$G) -> 0 | K29: 1 | L29: =HLOOKUP(M29,$A$143:$H$144,2) -> 400 | M29: B | R29: =VLOOKUP(D29,[1]生产部!$C:$C,1,0) -> ALS7875
A30: 4号楼3&4车间 | B30: 工艺组长 | C30: 谢文忠 | D30: ALS8245 | E30: 44433 | F30: =(L30*K30+G30+H30+I30-J30) -> 400 | G30: =SUMIF(积分汇总!$B:$B,'副主任&工艺组长及其他'!C30,积分汇总!$E:$E) -> 0 | H30: =SUMIF(记录巡查问题条数汇总!$B:$B,'副主任&工艺组长及其他'!C30,记录巡查问题条数汇总!$E:$E) -> 0 | J30: =SUMIF(安全质量事故!$B:$B,'副主任&工艺组长及其他'!C30,安全质量事故!$G:$G) -> 0 | K30: 1 | L30: =HLOOKUP(M30,$A$143:$H$144,2) -> 400 | M30: B | R30: =VLOOKUP(D30,[1]生产部!$C:$C,1,0) -> ALS8245
... A34: 4号楼3&4车间 | B34: 工程师 | C34: 刘振 | D34: ALS16970 | E34: 46169 | F34: =(L34*K34+G34+H34+I34-J34) -> 400 | G34: =SUMIF(积分汇总!$B:$B,'副主任&工艺组长及其他'!C34,积分汇总!$E:$E) -> 0 | H34: =SUMIF(记录巡查问题条数汇总!$B:$B,'副主任&工艺组长及其他'!C34,记录巡查问题条数汇总!$E:$E) -> 0 | J34: =SUMIF(安全质量事故!$B:$B,'副主任&工艺组长及其他'!C34,安全质量事故!$G:$G) -> 0 | K34: 1 | L34: =HLOOKUP(M34,$A$143:$H$144,2) -> 400 | M34: B | R34: =VLOOKUP(D34,[1]生产部!$C:$C,1,0) -> ALS16970
A35: 4号楼3&4车间 | B35: 助理工程师 | C35: 王凯 | D35: LFX573 | E35: 44389 | F35: =(L35*K35+G35+H35+I35-J35) -> 400 | G35: =SUMIF(积分汇总!$B:$B,'副主任&工艺组长及其他'!C35,积分汇总!$E:$E) -> 0 | H35: =SUMIF(记录巡查问题条数汇总!$B:$B,'副主任&工艺组长及其他'!C35,记录巡查问题条数汇总!$E:$E) -> 0 | J35: =SUMIF(安全质量事故!$B:$B,'副主任&工艺组长及其他'!C35,安全质量事故!$G:$G) -> 0 | K35: 1 | L35: =HLOOKUP(M35,$A$143:$H$144,2) -> 400 | M35: B | Q35: 2026/04/10借调TJ4 | R35: =VLOOKUP(D35,[1]生产部!$C:$C,1,0) -> LFX573
A36: 4号楼3&4车间 | B36: 助理工程师 | C36: 阴策 | D36: ALS16847 | E36: 46160 | F36: =(L36*K36+G36+H36+I36-J36) -> 400 | G36: =SUMIF(积分汇总!$B:$B,'副主任&工艺组长及其他'!C36,积分汇总!$E:$E) -> 0 | H36: =SUMIF(记录巡查问题条数汇总!$B:$B,'副主任&工艺组长及其他'!C36,记录巡查问题条数汇总!$E:$E) -> 0 | J36: =SUMIF(安全质量事故!$B:$B,'副主任&工艺组长及其他'!C36,安全质量事故!$G:$G) -> 0 | K36: 1 | L36: =HLOOKUP(M36,$A$143:$H$144,2) -> 400 | M36: B | R36: =VLOOKUP(D36,[1]生产部!$C:$C,1,0) -> ALS16847
A37: 4号楼3&4车间 | B37: 助理工程师 | C37: 宋景耀 | D37: ALS16005 | E37: 46043 | F37: =(L37*K37+G37+H37+I37-J37) -> 400 | G37: =SUMIF(积分汇总!$B:$B,'副主任&工艺组长及其他'!C37,积分汇总!$E:$E) -> 0 | H37: =SUMIF(记录巡查问题条数汇总!$B:$B,'副主任&工艺组长及其他'!C37,记录巡查问题条数汇总!$E:$E) -> 0 | J37: =SUMIF(安全质量事故!$B:$B,'副主任&工艺组长及其他'!C37,安全质量事故!$G:$G) -> 0 | K37: 1 | L37: =HLOOKUP(M37,$A$143:$H$144,2) -> 400 | M37: B | Q37: 师傅 皮轶杰；调实验室学习制备 | R37: =VLOOKUP(D37,[1]生产部!$C:$C,1,0) -> ALS16005
A38: 4号楼3&4车间 | B38: 助理工程师 | C38: 张佳佳 | D38: ALS15926 | E38: 46106 | F38: =(L38*K38+G38+H38+I38-J38) -> 400 | G38: =SUMIF(积分汇总!$B:$B,'副主任&工艺组长及其他'!C38,积分汇总!$E:$E) -> 0 | H38: =SUMIF(记录巡查问题条数汇总!$B:$B,'副主任&工艺组长及其他'!C38,记录巡查问题条数汇总!$E:$E) -> 0 | J38: =SUMIF(安全质量事故!$B:$B,'副主任&工艺组长及其他'!C38,安全质量事故!$G:$G) -> 0 | K38: 1 | L38: =HLOOKUP(M38,$A$143:$H$144,2) -> 400 | M38: B | Q38: 师傅 皮轶杰；调实验室学习制备 | R38: =VLOOKUP(D38,[1]生产部!$C:$C,1,0) -> ALS15926
A39: 4号楼3&4车间 | B39: 助理工程师 | C39: 柳至阳 | D39: ALS15911 | E39: 46029 | F39: =(L39*K39+G39+H39+I39-J39) -> 400 | G39: =SUMIF(积分汇总!$B:$B,'副主任&工艺组长及其他'!C39,积分汇总!$E:$E) -> 0 | H39: =SUMIF(记录巡查问题条数汇总!$B:$B,'副主任&工艺组长及其他'!C39,记录巡查问题条数汇总!$E:$E) -> 0 | J39: =SUMIF(安全质量事故!$B:$B,'副主任&工艺组长及其他'!C39,安全质量事故!$G:$G) -> 0 | K39: 1 | L39: =HLOOKUP(M39,$A$143:$H$144,2) -> 400 | M39: B | Q39: 师傅 王城；调实验室学习制备 | R39: =VLOOKUP(D39,[1]生产部!$C:$C,1,0) -> ALS15911
A40: 4号楼3&4车间 | B40: 助理工程师 | C40: 唐凯 | D40: ALS15913 | E40: 46029 | F40: =(L40*K40+G40+H40+I40-J40) -> 200 | G40: =SUMIF(积分汇总!$B:$B,'副主任&工艺组长及其他'!C40,积分汇总!$E:$E) -> 0 | H40: =SUMIF(记录巡查问题条数汇总!$B:$B,'副主任&工艺组长及其他'!C40,记录巡查问题条数汇总!$E:$E) -> 0 | J40: =SUMIF(安全质量事故!$B:$B,'副主任&工艺组长及其他'!C40,安全质量事故!$G:$G) -> 0 | K40: 1 | L40: =HLOOKUP(M40,$A$143:$H$144,2) -> 200 | M40: C | Q40: 2026/06/30离职 | R40: =VLOOKUP(D40,[1]生产部!$C:$C,1,0) -> ALS15913
A41: 4号楼3&4车间 | B41: 助理工程师 | C41: 罗江邻 | D41: ALS15910 | E41: 46029 | F41: =(L41*K41+G41+H41+I41-J41) -> 400 | G41: =SUMIF(积分汇总!$B:$B,'副主任&工艺组长及其他'!C41,积分汇总!$E:$E) -> 0 | H41: =SUMIF(记录巡查问题条数汇总!$B:$B,'副主任&工艺组长及其他'!C41,记录巡查问题条数汇总!$E:$E) -> 0 | J41: =SUMIF(安全质量事故!$B:$B,'副主任&工艺组长及其他'!C41,安全质量事故!$G:$G) -> 0 | K41: 1 | L41: =HLOOKUP(M41,$A$143:$H$144,2) -> 400 | M41: B | Q41: 师傅 宁海龙；调实验室学习制备 | R41: =VLOOKUP(D41,[1]生产部!$C:$C,1,0) -> ALS15910
A42: 4号楼3&4车间 | B42: 助理工程师 | C42: 杨博皓 | D42: ALS15912 | E42: 46029 | F42: =(L42*K42+G42+H42+I42-J42) -> 400 | G42: =SUMIF(积分汇总!$B:$B,'副主任&工艺组长及其他'!C42,积分汇总!$E:$E) -> 0 | H42: =SUMIF(记录巡查问题条数汇总!$B:$B,'副主任&工艺组长及其他'!C42,记录巡查问题条数汇总!$E:$E) -> 0 | J42: =SUMIF(安全质量事故!$B:$B,'副主任&工艺组长及其他'!C42,安全质量事故!$G:$G) -> 0 | K42: 1 | L42: =HLOOKUP(M42,$A$143:$H$144,2) -> 400 | M42: B | Q42: 师傅 张鹏飞；调实验室学习制备 | R42: =VLOOKUP(D42,[1]生产部!$C:$C,1,0) -> ALS15912
A43: 4号楼3&4车间 | B43: 助理工程师 | C43: 吴凯 | D43: ALS16007 | E43: 46043 | F43: =(L43*K43+G43+H43+I43-J43) -> 400 | G43: =SUMIF(积分汇总!$B:$B,'副主任&工艺组长及其他'!C43,积分汇总!$E:$E) -> 0 | H43: =SUMIF(记录巡查问题条数汇总!$B:$B,'副主任&工艺组长及其他'!C43,记录巡查问题条数汇总!$E:$E) -> 0 | J43: =SUMIF(安全质量事故!$B:$B,'副主任&工艺组长及其他'!C43,安全质量事故!$G:$G) -> 0 | K43: 1 | L43: =HLOOKUP(M43,$A$143:$H$144,2) -> 400 | M43: B | Q43: 师傅 皮轶杰；调实验室学习制备 | R43: =VLOOKUP(D43,[1]生产部!$C:$C,1,0) -> ALS16007
A44: 11号楼车间CNC区域 | B44: 副主任 | C44: 安林波 | D44: ACT844 | E44: 38803 | F44: =(L44*K44+G44+H44+I44-J44) -> 600 | G44: =SUMIF(积分汇总!$B:$B,'副主任&工艺组长及其他'!C44,积分汇总!$E:$E) -> 0 | H44: =SUMIF(记录巡查问题条数汇总!$B:$B,'副主任&工艺组长及其他'!C44,记录巡查问题条数汇总!$E:$E) -> 0 | J44: =SUMIF(安全质量事故!$B:$B,'副主任&工艺组长及其他'!C44,安全质量事故!$G:$G) -> 0 | K44: 1 | L44: =HLOOKUP(M44,$A$143:$H$144,2) -> 600 | M44: A | N44: C | O44: 74.53 | P44: 0.393 | R44: =VLOOKUP(D44,[1]生产部!$C:$C,1,0) -> ACT844
A45: 11号楼车间CNC区域 | B45: 副主任 | C45: 张少东 | D45: ALS13806 | E45: 45707 | F45: =(L45*K45+G45+H45+I45-J45) -> 600 | G45: =SUMIF(积分汇总!$B:$B,'副主任&工艺组长及其他'!C45,积分汇总!$E:$E) -> 0 | H45: =SUMIF(记录巡查问题条数汇总!$B:$B,'副主任&工艺组长及其他'!C45,记录巡查问题条数汇总!$E:$E) -> 0 | J45: =SUMIF(安全质量事故!$B:$B,'副主任&工艺组长及其他'!C45,安全质量事故!$G:$G) -> 0 | K45: 1 | L45: =HLOOKUP(M45,$A$143:$H$144,2) -> 600 | M45: A | R45: =VLOOKUP(D45,[1]生产部!$C:$C,1,0) -> ALS13806
A46: 11号楼车间CNC区域 | B46: 副主任 | C46: 郑时权 | D46: ALS17004 | E46: 46174 | F46: =(L46*K46+G46+H46+I46-J46) -> 200 | G46: =SUMIF(积分汇总!$B:$B,'副主任&工艺组长及其他'!C46,积分汇总!$E:$E) -> 0 | H46: =SUMIF(记录巡查问题条数汇总!$B:$B,'副主任&工艺组长及其他'!C46,记录巡查问题条数汇总!$E:$E) -> 0 | J46: =SUMIF(安全质量事故!$B:$B,'副主任&工艺组长及其他'!C46,安全质量事故!$G:$G) -> 0 | K46: 1 | L46: =HLOOKUP(M46,$A$143:$H$144,2) -> 200 | M46: C | R46: =VLOOKUP(D46,[1]生产部!$C:$C,1,0) -> ALS17004
A47: 11号楼车间CNC区域 | B47: 副主任 | C47: 姜良衢 | D47: ALS12705 | E47: 45217 | F47: =(L47*K47+G47+H47+I47-J47) -> 600 | G47: =SUMIF(积分汇总!$B:$B,'副主任&工艺组长及其他'!C47,积分汇总!$E:$E) -> 0 | H47: =SUMIF(记录巡查问题条数汇总!$B:$B,'副主任&工艺组长及其他'!C47,记录巡查问题条数汇总!$E:$E) -> 0 | J47: =SUMIF(安全质量事故!$B:$B,'副主任&工艺组长及其他'!C47,安全质量事故!$G:$G) -> 0 | K47: 1 | L47: =HLOOKUP(M47,$A$143:$H$144,2) -> 600 | M47: A | R47: =VLOOKUP(D47,[1]生产部!$C:$C,1,0) -> ALS12705
A48: 11号楼车间CNC区域 | B48: 副主任 | C48: 刘波 | D48: ALS12763 | E48: 45238 | F48: =(L48*K48+G48+H48+I48-J48) -> 600 | G48: =SUMIF(积分汇总!$B:$B,'副主任&工艺组长及其他'!C48,积分汇总!$E:$E) -> 0 | H48: =SUMIF(记录巡查问题条数汇总!$B:$B,'副主任&工艺组长及其他'!C48,记录巡查问题条数汇总!$E:$E) -> 0 | J48: =SUMIF(安全质量事故!$B:$B,'副主任&工艺组长及其他'!C48,安全质量事故!$G:$G) -> 0 | K48: 1 | L48: =HLOOKUP(M48,$A$143:$H$144,2) -> 600 | M48: A | R48: =VLOOKUP(D48,[1]生产部!$C:$C,1,0) -> ALS12763
A49: 11号楼车间CNC区域 | B49: 工艺组长 | C49: 付闯闯 | D49: ALS11094 | E49: 44774 | F49: =(L49*K49+G49+H49+I49-J49) -> 200 | G49: =SUMIF(积分汇总!$B:$B,'副主任&工艺组长及其他'!C49,积分汇总!$E:$E) -> 0 | H49: =SUMIF(记录巡查问题条数汇总!$B:$B,'副主任&工艺组长及其他'!C49,记录巡查问题条数汇总!$E:$E) -> 0 | J49: =SUMIF(安全质量事故!$B:$B,'副主任&工艺组长及其他'!C49,安全质量事故!$G:$G) -> 0 | K49: 1 | L49: =HLOOKUP(M49,$A$143:$H$144,2) -> 200 | M49: C | R49: =VLOOKUP(D49,[1]生产部!$C:$C,1,0) -> ALS11094
A50: 11号楼车间CNC区域 | B50: 工程师 | C50: 王泽 | D50: FX2809 | E50: 43530 | F50: =(L50*K50+G50+H50+I50-J50) -> 200 | G50: =SUMIF(积分汇总!$B:$B,'副主任&工艺组长及其他'!C50,积分汇总!$E:$E) -> 0 | H50: =SUMIF(记录巡查问题条数汇总!$B:$B,'副主任&工艺组长及其他'!C50,记录巡查问题条数汇总!$E:$E) -> 0 | J50: =SUMIF(安全质量事故!$B:$B,'副主任&工艺组长及其他'!C50,安全质量事故!$G:$G) -> 0 | K50: 1 | L50: =HLOOKUP(M50,$A$143:$H$144,2) -> 200 | M50: C | Q50: 2026/04/10借调TJ4 | R50: =VLOOKUP(D50,[1]生产部!$C:$C,1,0) -> FX2809
A51: 11号楼车间CNC区域 | B51: 工程师 | C51: 张旺旺 | D51: ALS15761 | E51: 46015 | F51: =(L51*K51+G51+H51+I51-J51) -> 200 | G51: =SUMIF(积分汇总!$B:$B,'副主任&工艺组长及其他'!C51,积分汇总!$E:$E) -> 0 | H51: =SUMIF(记录巡查问题条数汇总!$B:$B,'副主任&工艺组长及其他'!C51,记录巡查问题条数汇总!$E:$E) -> 0 | J51: =SUMIF(安全质量事故!$B:$B,'副主任&工艺组长及其他'!C51,安全质量事故!$G:$G) -> 0 | K51: 1 | L51: =HLOOKUP(M51,$A$143:$H$144,2) -> 200 | M51: C | R51: =VLOOKUP(D51,[1]生产部!$C:$C,1,0) -> ALS15761
A52: 11号楼车间CNC区域 | B52: 工程师 | C52: 马健豪 | D52: ALS16999 | E52: 46176 | F52: =(L52*K52+G52+H52+I52-J52) -> 200 | G52: =SUMIF(积分汇总!$B:$B,'副主任&工艺组长及其他'!C52,积分汇总!$E:$E) -> 0 | H52: =SUMIF(记录巡查问题条数汇总!$B:$B,'副主任&工艺组长及其他'!C52,记录巡查问题条数汇总!$E:$E) -> 0 | J52: =SUMIF(安全质量事故!$B:$B,'副主任&工艺组长及其他'!C52,安全质量事故!$G:$G) -> 0 | K52: 1 | L52: =HLOOKUP(M52,$A$143:$H$144,2) -> 200 | M52: C | R52: =VLOOKUP(D52,[1]生产部!$C:$C,1,0) -> ALS16999
A53: 11号楼车间D级区域 | B53: 副主任 | C53: 柯圣涛 | D53: ALS15385 | E53: 45980 | F53: =(L53*K53+G53+H53+I53-J53) -> 200 | G53: =SUMIF(积分汇总!$B:$B,'副主任&工艺组长及其他'!C53,积分汇总!$E:$E) -> 0 | H53: =SUMIF(记录巡查问题条数汇总!$B:$B,'副主任&工艺组长及其他'!C53,记录巡查问题条数汇总!$E:$E) -> 0 | J53: =SUMIF(安全质量事故!$B:$B,'副主任&工艺组长及其他'!C53,安全质量事故!$G:$G) -> 0 | K53: 1 | L53: =HLOOKUP(M53,$A$143:$H$144,2) -> 200 | M53: C | R53: =VLOOKUP(D53,[1]生产部!$C:$C,1,0) -> ALS15385
A54: 11号楼车间D级区域 | B54: 副主任 | C54: 林志广 | D54: ALS15602 | E54: 46001 | F54: =(L54*K54+G54+H54+I54-J54) -> 200 | G54: =SUMIF(积分汇总!$B:$B,'副主任&工艺组长及其他'!C54,积分汇总!$E:$E) -> 0 | H54: =SUMIF(记录巡查问题条数汇总!$B:$B,'副主任&工艺组长及其他'!C54,记录巡查问题条数汇总!$E:$E) -> 0 | J54: =SUMIF(安全质量事故!$B:$B,'副主任&工艺组长及其他'!C54,安全质量事故!$G:$G) -> 0 | K54: 1 | L54: =HLOOKUP(M54,$A$143:$H$144,2) -> 200 | M54: C | R54: =VLOOKUP(D54,[1]生产部!$C:$C,1,0) -> ALS15602
A55: 11号楼车间D级区域 | B55: 副主任 | C55: 崔涛 | D55: ALS16861 | E55: 46162 | F55: =(L55*K55+G55+H55+I55-J55) -> 400 | G55: =SUMIF(积分汇总!$B:$B,'副主任&工艺组长及其他'!C55,积分汇总!$E:$E) -> 0 | H55: =SUMIF(记录巡查问题条数汇总!$B:$B,'副主任&工艺组长及其他'!C55,记录巡查问题条数汇总!$E:$E) -> 0 | J55: =SUMIF(安全质量事故!$B:$B,'副主任&工艺组长及其他'!C55,安全质量事故!$G:$G) -> 0 | K55: 1 | L55: =HLOOKUP(M55,$A$143:$H$144,2) -> 400 | M55: B | R55: =VLOOKUP(D55,[1]生产部!$C:$C,1,0) -> ALS16861
A56: 11号楼车间D级区域 | B56: 工艺组长 | C56: 梁佳明 | D56: ALS12954 | E56: 45446 | F56: =(L56*K56+G56+H56+I56-J56) -> 0 | G56: =SUMIF(积分汇总!$B:$B,'副主任&工艺组长及其他'!C56,积分汇总!$E:$E) -> 0 | H56: =SUMIF(记录巡查问题条数汇总!$B:$B,'副主任&工艺组长及其他'!C56,记录巡查问题条数汇总!$E:$E) -> 0 | J56: =SUMIF(安全质量事故!$B:$B,'副主任&工艺组长及其他'!C56,安全质量事故!$G:$G) -> 0 | K56: 1 | L56: =HLOOKUP(M56,$A$143:$H$144,2) -> 0 | M56: D | R56: =VLOOKUP(D56,[1]生产部!$C:$C,1,0) -> ALS12954
A57: 11号楼车间D级区域 | B57: 工艺组长 | C57: 王小乾 | D57: ALS14885 | E57: 45922 | F57: =(L57*K57+G57+H57+I57-J57) -> 400 | G57: =SUMIF(积分汇总!$B:$B,'副主任&工艺组长及其他'!C57,积分汇总!$E:$E) -> 0 | H57: =SUMIF(记录巡查问题条数汇总!$B:$B,'副主任&工艺组长及其他'!C57,记录巡查问题条数汇总!$E:$E) -> 0 | J57: =SUMIF(安全质量事故!$B:$B,'副主任&工艺组长及其他'!C57,安全质量事故!$G:$G) -> 0 | K57: 1 | L57: =HLOOKUP(M57,$A$143:$H$144,2) -> 400 | M57: B | R57: =VLOOKUP(D57,[1]生产部!$C:$C,1,0) -> ALS14885
A58: 11号楼车间D级区域 | B58: 工程师 | C58: 袁辰宇 | D58: ALS16194 | E58: 46106 | F58: =(L58*K58+G58+H58+I58-J58) -> 200 | G58: =SUMIF(积分汇总!$B:$B,'副主任&工艺组长及其他'!C58,积分汇总!$E:$E) -> 0 | H58: =SUMIF(记录巡查问题条数汇总!$B:$B,'副主任&工艺组长及其他'!C58,记录巡查问题条数汇总!$E:$E) -> 0 | J58: =SUMIF(安全质量事故!$B:$B,'副主任&工艺组长及其他'!C58,安全质量事故!$G:$G) -> 0 | K58: 1 | L58: =HLOOKUP(M58,$A$143:$H$144,2) -> 200 | M58: C | R58: =VLOOKUP(D58,[1]生产部!$C:$C,1,0) -> ALS16194
A59: 11号楼车间D级区域 | B59: 工程师 | C59: 刘贵祥 | D59: ALS15494 | E59: 45992 | F59: =(L59*K59+G59+H59+I59-J59) -> 400 | G59: =SUMIF(积分汇总!$B:$B,'副主任&工艺组长及其他'!C59,积分汇总!$E:$E) -> 0 | H59: =SUMIF(记录巡查问题条数汇总!$B:$B,'副主任&工艺组长及其他'!C59,记录巡查问题条数汇总!$E:$E) -> 0 | J59: =SUMIF(安全质量事故!$B:$B,'副主任&工艺组长及其他'!C59,安全质量事故!$G:$G) -> 0 | K59: 1 | L59: =HLOOKUP(M59,$A$143:$H$144,2) -> 400 | M59: B | R59: =VLOOKUP(D59,[1]生产部!$C:$C,1,0) -> ALS15494
A60: 11号楼车间D级区域 | B60: 工程师 | C60: 张浩锋 | D60: ALS13003 | E60: 45469 | F60: =(L60*K60+G60+H60+I60-J60) -> 200 | G60: =SUMIF(积分汇总!$B:$B,'副主任&工艺组长及其他'!C60,积分汇总!$E:$E) -> 0 | H60: =SUMIF(记录巡查问题条数汇总!$B:$B,'副主任&工艺组长及其他'!C60,记录巡查问题条数汇总!$E:$E) -> 0 | J60: =SUMIF(安全质量事故!$B:$B,'副主任&工艺组长及其他'!C60,安全质量事故!$G:$G) -> 0 | K60: 1 | L60: =HLOOKUP(M60,$A$143:$H$144,2) -> 200 | M60: C | R60: =VLOOKUP(D60,[1]生产部!$C:$C,1,0) -> ALS13003
A61: 11号楼车间D级区域 | B61: 助理工程师 | C61: 郭佳祥 | D61: ALS13034 | E61: 45469 | F61: =(L61*K61+G61+H61+I61-J61) -> 200 | G61: =SUMIF(积分汇总!$B:$B,'副主任&工艺组长及其他'!C61,积分汇总!$E:$E) -> 0 | H61: =SUMIF(记录巡查问题条数汇总!$B:$B,'副主任&工艺组长及其他'!C61,记录巡查问题条数汇总!$E:$E) -> 0 | J61: =SUMIF(安全质量事故!$B:$B,'副主任&工艺组长及其他'!C61,安全质量事故!$G:$G) -> 0 | K61: 1 | L61: =HLOOKUP(M61,$A$143:$H$144,2) -> 200 | M61: C | Q61: 2025/10/27调实验室学习制备 | R61: =VLOOKUP(D61,[1]生产部!$C:$C,1,0) -> ALS13034
A62: 11号楼车间D级区域 | B62: 助理工程师 | C62: 郭硕 | D62: ALS16547 | E62: 46134 | F62: =(L62*K62+G62+H62+I62-J62) -> 200 | G62: =SUMIF(积分汇总!$B:$B,'副主任&工艺组长及其他'!C62,积分汇总!$E:$E) -> 0 | H62: =SUMIF(记录巡查问题条数汇总!$B:$B,'副主任&工艺组长及其他'!C62,记录巡查问题条数汇总!$E:$E) -> 0 | J62: =SUMIF(安全质量事故!$B:$B,'副主任&工艺组长及其他'!C62,安全质量事故!$G:$G) -> 0 | K62: 1 | L62: =HLOOKUP(M62,$A$143:$H$144,2) -> 200 | M62: C | Q62: 师傅 杨欢；2026/05/06调实验室学习制备 | R62: =VLOOKUP(D62,[1]生产部!$C:$C,1,0) -> ALS16547
A63: 11号楼车间D级区域 | B63: 助理工程师 | C63: 屈文强 | D63: ALS16552 | E63: 46134 | F63: =(L63*K63+G63+H63+I63-J63) -> 200 | G63: =SUMIF(积分汇总!$B:$B,'副主任&工艺组长及其他'!C63,积分汇总!$E:$E) -> 0 | H63: =SUMIF(记录巡查问题条数汇总!$B:$B,'副主任&工艺组长及其他'!C63,记录巡查问题条数汇总!$E:$E) -> 0 | J63: =SUMIF(安全质量事故!$B:$B,'副主任&工艺组长及其他'!C63,安全质量事故!$G:$G) -> 0 | K63: 1 | L63: =HLOOKUP(M63,$A$143:$H$144,2) -> 200 | M63: C | Q63: 师傅 吴秉泽；2026/05/06调实验室学习制备 | R63: =VLOOKUP(D63,[1]生产部!$C:$C,1,0) -> ALS16552
A64: 5号楼 | B64: 副主任 | C64: 雷晓琦 | D64: AMM0574 | E64: 43985 | F64: =(L64*K64+G64+H64+I64-J64) -> 200 | G64: =SUMIF(积分汇总!$B:$B,'副主任&工艺组长及其他'!C64,积分汇总!$E:$E) -> 0 | H64: =SUMIF(记录巡查问题条数汇总!$B:$B,'副主任&工艺组长及其他'!C64,记录巡查问题条数汇总!$E:$E) -> 0 | J64: =SUMIF(安全质量事故!$B:$B,'副主任&工艺组长及其他'!C64,安全质量事故!$G:$G) -> 0 | K64: 1 | L64: =HLOOKUP(M64,$A$143:$H$144,2) -> 200 | M64: C | N64: C | O64: 20.76 | P64: 0.396 | R64: =VLOOKUP(D64,[1]生产部!$C:$C,1,0) -> AMM0574
A65: 5号楼 | B65: 副主任 | C65: 陈万义 | D65: ALS15392 | E65: 45980 | F65: =(L65*K65+G65+H65+I65-J65) -> 200 | G65: =SUMIF(积分汇总!$B:$B,'副主任&工艺组长及其他'!C65,积分汇总!$E:$E) -> 0 | H65: =SUMIF(记录巡查问题条数汇总!$B:$B,'副主任&工艺组长及其他'!C65,记录巡查问题条数汇总!$E:$E) -> 0 | J65: =SUMIF(安全质量事故!$B:$B,'副主任&工艺组长及其他'!C65,安全质量事故!$G:$G) -> 0 | K65: 1 | L65: =HLOOKUP(M65,$A$143:$H$144,2) -> 200 | M65: C | R65: =VLOOKUP(D65,[1]生产部!$C:$C,1,0) -> ALS15392
A66: 5号楼 | B66: 工艺组长 | C66: 韩喜平 | D66: ALS11773 | E66: 44998 | F66: =(L66*K66+G66+H66+I66-J66) -> 200 | G66: =SUMIF(积分汇总!$B:$B,'副主任&工艺组长及其他'!C66,积分汇总!$E:$E) -> 0 | H66: =SUMIF(记录巡查问题条数汇总!$B:$B,'副主任&工艺组长及其他'!C66,记录巡查问题条数汇总!$E:$E) -> 0 | J66: =SUMIF(安全质量事故!$B:$B,'副主任&工艺组长及其他'!C66,安全质量事故!$G:$G) -> 0 | K66: 1 | L66: =HLOOKUP(M66,$A$143:$H$144,2) -> 200 | M66: C | R66: =VLOOKUP(D66,[1]生产部!$C:$C,1,0) -> ALS11773
A67: 5号楼 | B67: 工程师 | C67: 田申 | D67: ALS14192 | E67: 45833 | F67: =(L67*K67+G67+H67+I67-J67) -> 200 | G67: =SUMIF(积分汇总!$B:$B,'副主任&工艺组长及其他'!C67,积分汇总!$E:$E) -> 0 | H67: =SUMIF(记录巡查问题条数汇总!$B:$B,'副主任&工艺组长及其他'!C67,记录巡查问题条数汇总!$E:$E) -> 0 | J67: =SUMIF(安全质量事故!$B:$B,'副主任&工艺组长及其他'!C67,安全质量事故!$G:$G) -> 0 | K67: 1 | L67: =HLOOKUP(M67,$A$143:$H$144,2) -> 200 | M67: C | Q67: 2025/09/16调TJ1，2026/06/12回TJ4 | R67: =VLOOKUP(D67,[1]生产部!$C:$C,1,0) -> ALS14192
A68: 12号楼 | B68: 副主任 | C68: 王国志 | D68: ALS14214 | E68: 45840 | F68: =(L68*K68+G68+H68+I68-J68) -> 400 | G68: =SUMIF(积分汇总!$B:$B,'副主任&工艺组长及其他'!C68,积分汇总!$E:$E) -> 0 | H68: =SUMIF(记录巡查问题条数汇总!$B:$B,'副主任&工艺组长及其他'!C68,记录巡查问题条数汇总!$E:$E) -> 0 | J68: =SUMIF(安全质量事故!$B:$B,'副主任&工艺组长及其他'!C68,安全质量事故!$G:$G) -> 0 | K68: 1 | L68: =HLOOKUP(M68,$A$143:$H$144,2) -> 400 | M68: B | N68: B | O68: 36.62 | P68: 0.55 | R68: =VLOOKUP(D68,[1]生产部!$C:$C,1,0) -> ALS14214
A69: 12号楼 | B69: 副主任 | C69: 陈宁 | D69: ALS14568 | E69: 45875 | F69: =(L69*K69+G69+H69+I69-J69) -> 400 | G69: =SUMIF(积分汇总!$B:$B,'副主任&工艺组长及其他'!C69,积分汇总!$E:$E) -> 0 | H69: =SUMIF(记录巡查问题条数汇总!$B:$B,'副主任&工艺组长及其他'!C69,记录巡查问题条数汇总!$E:$E) -> 0 | J69: =SUMIF(安全质量事故!$B:$B,'副主任&工艺组长及其他'!C69,安全质量事故!$G:$G) -> 0 | K69: 1 | L69: =HLOOKUP(M69,$A$143:$H$144,2) -> 400 | M69: B | R69: =VLOOKUP(D69,[1]生产部!$C:$C,1,0) -> ALS14568
A70: 12号楼 | B70: 副主任 | C70: 宋鹏 | D70: ALS14774 | E70: 45903 | F70: =(L70*K70+G70+H70+I70-J70) -> 400 | G70: =SUMIF(积分汇总!$B:$B,'副主任&工艺组长及其他'!C70,积分汇总!$E:$E) -> 0 | H70: =SUMIF(记录巡查问题条数汇总!$B:$B,'副主任&工艺组长及其他'!C70,记录巡查问题条数汇总!$E:$E) -> 0 | J70: =SUMIF(安全质量事故!$B:$B,'副主任&工艺组长及其他'!C70,安全质量事故!$G:$G) -> 0 | K70: 1 | L70: =HLOOKUP(M70,$A$143:$H$144,2) -> 400 | M70: B | R70: =VLOOKUP(D70,[1]生产部!$C:$C,1,0) -> ALS14774
A71: 12号楼 | B71: 副主任 | C71: 杜新飞 | D71: ALS15022 | E71: 45945 | F71: =(L71*K71+G71+H71+I71-J71) -> 400 | G71: =SUMIF(积分汇总!$B:$B,'副主任&工艺组长及其他'!C71,积分汇总!$E:$E) -> 0 | H71: =SUMIF(记录巡查问题条数汇总!$B:$B,'副主任&工艺组长及其他'!C71,记录巡查问题条数汇总!$E:$E) -> 0 | J71: =SUMIF(安全质量事故!$B:$B,'副主任&工艺组长及其他'!C71,安全质量事故!$G:$G) -> 0 | K71: 1 | L71: =HLOOKUP(M71,$A$143:$H$144,2) -> 400 | M71: B | R71: =VLOOKUP(D71,[1]生产部!$C:$C,1,0) -> ALS15022
A72: 12号楼 | B72: 副主任 | C72: 庞同庆 | D72: ALS15021 | E72: 45945 | F72: =(L72*K72+G72+H72+I72-J72) -> 400 | G72: =SUMIF(积分汇总!$B:$B,'副主任&工艺组长及其他'!C72,积分汇总!$E:$E) -> 0 | H72: =SUMIF(记录巡查问题条数汇总!$B:$B,'副主任&工艺组长及其他'!C72,记录巡查问题条数汇总!$E:$E) -> 0 | J72: =SUMIF(安全质量事故!$B:$B,'副主任&工艺组长及其他'!C72,安全质量事故!$G:$G) -> 0 | K72: 1 | L72: =HLOOKUP(M72,$A$143:$H$144,2) -> 400 | M72: B | R72: =VLOOKUP(D72,[1]生产部!$C:$C,1,0) -> ALS15021
A73: 12号楼 | B73: 副主任 | C73: 王新龙 | D73: ALS15044 | E73: 45950 | F73: =(L73*K73+G73+H73+I73-J73) -> 400 | G73: =SUMIF(积分汇总!$B:$B,'副主任&工艺组长及其他'!C73,积分汇总!$E:$E) -> 0 | H73: =SUMIF(记录巡查问题条数汇总!$B:$B,'副主任&工艺组长及其他'!C73,记录巡查问题条数汇总!$E:$E) -> 0 | J73: =SUMIF(安全质量事故!$B:$B,'副主任&工艺组长及其他'!C73,安全质量事故!$G:$G) -> 0 | K73: 1 | L73: =HLOOKUP(M73,$A$143:$H$144,2) -> 400 | M73: B | R73: =VLOOKUP(D73,[1]生产部!$C:$C,1,0) -> ALS15044
A74: 12号楼 | B74: 副主任 | C74: 薛运达 | D74: ALS15096 | E74: 45957 | F74: =(L74*K74+G74+H74+I74-J74) -> 400 | G74: =SUMIF(积分汇总!$B:$B,'副主任&工艺组长及其他'!C74,积分汇总!$E:$E) -> 0 | H74: =SUMIF(记录巡查问题条数汇总!$B:$B,'副主任&工艺组长及其他'!C74,记录巡查问题条数汇总!$E:$E) -> 0 | J74: =SUMIF(安全质量事故!$B:$B,'副主任&工艺组长及其他'!C74,安全质量事故!$G:$G) -> 0 | K74: 1 | L74: =HLOOKUP(M74,$A$143:$H$144,2) -> 400 | M74: B | R74: =VLOOKUP(D74,[1]生产部!$C:$C,1,0) -> ALS15096
A75: 12号楼 | B75: 副主任 | C75: 张建涛 | D75: ALS14824 | E75: 45910 | F75: =(L75*K75+G75+H75+I75-J75) -> 600 | G75: =SUMIF(积分汇总!$B:$B,'副主任&工艺组长及其他'!C75,积分汇总!$E:$E) -> 0 | H75: =SUMIF(记录巡查问题条数汇总!$B:$B,'副主任&工艺组长及其他'!C75,记录巡查问题条数汇总!$E:$E) -> 0 | J75: =SUMIF(安全质量事故!$B:$B,'副主任&工艺组长及其他'!C75,安全质量事故!$G:$G) -> 0 | K75: 1 | L75: =HLOOKUP(M75,$A$143:$H$144,2) -> 600 | M75: A | R75: =VLOOKUP(D75,[1]生产部!$C:$C,1,0) -> ALS14824
A76: 12号楼 | B76: 工艺组长 | C76: 张灿 | D76: ALS4845 | E76: 44493 | F76: =(L76*K76+G76+H76+I76-J76) -> 400 | G76: =SUMIF(积分汇总!$B:$B,'副主任&工艺组长及其他'!C76,积分汇总!$E:$E) -> 0 | H76: =SUMIF(记录巡查问题条数汇总!$B:$B,'副主任&工艺组长及其他'!C76,记录巡查问题条数汇总!$E:$E) -> 0 | J76: =SUMIF(安全质量事故!$B:$B,'副主任&工艺组长及其他'!C76,安全质量事故!$G:$G) -> 0 | K76: 1 | L76: =HLOOKUP(M76,$A$143:$H$144,2) -> 400 | M76: B | R76: =VLOOKUP(D76,[1]生产部!$C:$C,1,0) -> ALS4845
A77: 12号楼 | B77: 工艺组长 | C77: 王聪 | D77: ALS6536 | E77: 44025 | F77: =(L77*K77+G77+H77+I77-J77) -> 400 | G77: =SUMIF(积分汇总!$B:$B,'副主任&工艺组长及其他'!C77,积分汇总!$E:$E) -> 0 | H77: =SUMIF(记录巡查问题条数汇总!$B:$B,'副主任&工艺组长及其他'!C77,记录巡查问题条数汇总!$E:$E) -> 0 | J77: =SUMIF(安全质量事故!$B:$B,'副主任&工艺组长及其他'!C77,安全质量事故!$G:$G) -> 0 | K77: 1 | L77: =HLOOKUP(M77,$A$143:$H$144,2) -> 400 | M77: B | R77: =VLOOKUP(D77,[1]生产部!$C:$C,1,0) -> ALS6536
A78: 12号楼 | B78: 工艺组长 | C78: 徐海波 | D78: AMM4392 | E78: 0901调任 | F78: =(L78*K78+G78+H78+I78-J78) -> 400 | G78: =SUMIF(积分汇总!$B:$B,'副主任&工艺组长及其他'!C78,积分汇总!$E:$E) -> 0 | H78: =SUMIF(记录巡查问题条数汇总!$B:$B,'副主任&工艺组长及其他'!C78,记录巡查问题条数汇总!$E:$E) -> 0 | J78: =SUMIF(安全质量事故!$B:$B,'副主任&工艺组长及其他'!C78,安全质量事故!$G:$G) -> 0 | K78: 1 | L78: =HLOOKUP(M78,$A$143:$H$144,2) -> 400 | M78: B | R78: =VLOOKUP(D78,[1]生产部!$C:$C,1,0) -> AMM4392
A79: 12号楼 | B79: 工艺组长 | C79: 丁智 | D79: ALS6119 | E79: 43963 | F79: =(L79*K79+G79+H79+I79-J79) -> 400 | G79: =SUMIF(积分汇总!$B:$B,'副主任&工艺组长及其他'!C79,积分汇总!$E:$E) -> 0 | H79: =SUMIF(记录巡查问题条数汇总!$B:$B,'副主任&工艺组长及其他'!C79,记录巡查问题条数汇总!$E:$E) -> 0 | J79: =SUMIF(安全质量事故!$B:$B,'副主任&工艺组长及其他'!C79,安全质量事故!$G:$G) -> 0 | K79: 1 | L79: =HLOOKUP(M79,$A$143:$H$144,2) -> 400 | M79: B | R79: =VLOOKUP(D79,[1]生产部!$C:$C,1,0) -> ALS6119
A80: 12号楼 | B80: 工艺组长 | C80: 崔宇 | D80: LFX126 | E80: 43661 | F80: =(L80*K80+G80+H80+I80-J80) -> 400 | G80: =SUMIF(积分汇总!$B:$B,'副主任&工艺组长及其他'!C80,积分汇总!$E:$E) -> 0 | H80: =SUMIF(记录巡查问题条数汇总!$B:$B,'副主任&工艺组长及其他'!C80,记录巡查问题条数汇总!$E:$E) -> 0 | J80: =SUMIF(安全质量事故!$B:$B,'副主任&工艺组长及其他'!C80,安全质量事故!$G:$G) -> 0 | K80: 1 | L80: =HLOOKUP(M80,$A$143:$H$144,2) -> 400 | M80: B | R80: =VLOOKUP(D80,[1]生产部!$C:$C,1,0) -> LFX126
A81: 12号楼 | B81: 工艺组长 | C81: 林宇航 | D81: ALS13220 | E81: 45525 | F81: =(L81*K81+G81+H81+I81-J81) -> 400 | G81: =SUMIF(积分汇总!$B:$B,'副主任&工艺组长及其他'!C81,积分汇总!$E:$E) -> 0 | H81: =SUMIF(记录巡查问题条数汇总!$B:$B,'副主任&工艺组长及其他'!C81,记录巡查问题条数汇总!$E:$E) -> 0 | J81: =SUMIF(安全质量事故!$B:$B,'副主任&工艺组长及其他'!C81,安全质量事故!$G:$G) -> 0 | K81: 1 | L81: =HLOOKUP(M81,$A$143:$H$144,2) -> 400 | M81: B | R81: =VLOOKUP(D81,[1]生产部!$C:$C,1,0) -> ALS13220
A82: 12号楼 | B82: 工艺组长 | C82: 宋春源 | D82: AMM3426 | E82: 45138 | F82: =(L82*K82+G82+H82+I82-J82) -> 400 | G82: =SUMIF(积分汇总!$B:$B,'副主任&工艺组长及其他'!C82,积分汇总!$E:$E) -> 0 | H82: =SUMIF(记录巡查问题条数汇总!$B:$B,'副主任&工艺组长及其他'!C82,记录巡查问题条数汇总!$E:$E) -> 0 | J82: =SUMIF(安全质量事故!$B:$B,'副主任&工艺组长及其他'!C82,安全质量事故!$G:$G) -> 0 | K82: 1 | L82: =HLOOKUP(M82,$A$143:$H$144,2) -> 400 | M82: B | R82: =VLOOKUP(D82,[1]生产部!$C:$C,1,0) -> AMM3426
A83: 12号楼 | B83: 工艺组长 | C83: 于磊 | D83: ALS8427 | E83: 44467 | F83: =(L83*K83+G83+H83+I83-J83) -> 400 | G83: =SUMIF(积分汇总!$B:$B,'副主任&工艺组长及其他'!C83,积分汇总!$E:$E) -> 0 | H83: =SUMIF(记录巡查问题条数汇总!$B:$B,'副主任&工艺组长及其他'!C83,记录巡查问题条数汇总!$E:$E) -> 0 | J83: =SUMIF(安全质量事故!$B:$B,'副主任&工艺组长及其他'!C83,安全质量事故!$G:$G) -> 0 | K83: 1 | L83: =HLOOKUP(M83,$A$143:$H$144,2) -> 400 | M83: B | R83: =VLOOKUP(D83,[1]生产部!$C:$C,1,0) -> ALS8427
A84: 12号楼 | B84: 工艺组长 | C84: 付童童 | D84: ALS16859 | E84: 46160 | F84: =(L84*K84+G84+H84+I84-J84) -> 200 | G84: =SUMIF(积分汇总!$B:$B,'副主任&工艺组长及其他'!C84,积分汇总!$E:$E) -> 0 | H84: =SUMIF(记录巡查问题条数汇总!$B:$B,'副主任&工艺组长及其他'!C84,记录巡查问题条数汇总!$E:$E) -> 0 | J84: =SUMIF(安全质量事故!$B:$B,'副主任&工艺组长及其他'!C84,安全质量事故!$G:$G) -> 0 | K84: 1 | L84: =HLOOKUP(M84,$A$143:$H$144,2) -> 200 | M84: C | R84: =VLOOKUP(D84,[1]生产部!$C:$C,1,0) -> ALS16859
A85: 12号楼 | B85: 助理工程师 | C85: 张文胜 | D85: ALS16211 | E85: 46111 | F85: =(L85*K85+G85+H85+I85-J85) -> 400 | G85: =SUMIF(积分汇总!$B:$B,'副主任&工艺组长及其他'!C85,积分汇总!$E:$E) -> 0 | H85: =SUMIF(记录巡查问题条数汇总!$B:$B,'副主任&工艺组长及其他'!C85,记录巡查问题条数汇总!$E:$E) -> 0 | J85: =SUMIF(安全质量事故!$B:$B,'副主任&工艺组长及其他'!C85,安全质量事故!$G:$G) -> 0 | K85: 1 | L85: =HLOOKUP(M85,$A$143:$H$144,2) -> 400 | M85: B | R85: =VLOOKUP(D85,[1]生产部!$C:$C,1,0) -> ALS16211
A86: 12号楼 | B86: 助理工程师 | C86: 徐文博 | D86: ALS16557 | E86: 46134 | F86: =(L86*K86+G86+H86+I86-J86) -> 200 | G86: =SUMIF(积分汇总!$B:$B,'副主任&工艺组长及其他'!C86,积分汇总!$E:$E) -> 0 | H86: =SUMIF(记录巡查问题条数汇总!$B:$B,'副主任&工艺组长及其他'!C86,记录巡查问题条数汇总!$E:$E) -> 0 | J86: =SUMIF(安全质量事故!$B:$B,'副主任&工艺组长及其他'!C86,安全质量事故!$G:$G) -> 0 | K86: 1 | L86: =HLOOKUP(M86,$A$143:$H$144,2) -> 200 | M86: C | Q86: 师傅 胡春鹏；2026/05/06调实验室学习制备；13号楼（12号楼委培） | R86: =VLOOKUP(D86,[1]生产部!$C:$C,1,0) -> ALS16557
A87: 12号楼 | B87: 助理工程师 | C87: 刘兆杰 | D87: ALS15286 | E87: 45973 | F87: =(L87*K87+G87+H87+I87-J87) -> 400 | G87: =SUMIF(积分汇总!$B:$B,'副主任&工艺组长及其他'!C87,积分汇总!$E:$E) -> 0 | H87: =SUMIF(记录巡查问题条数汇总!$B:$B,'副主任&工艺组长及其他'!C87,记录巡查问题条数汇总!$E:$E) -> 0 | J87: =SUMIF(安全质量事故!$B:$B,'副主任&工艺组长及其他'!C87,安全质量事故!$G:$G) -> 0 | K87: 1 | L87: =HLOOKUP(M87,$A$143:$H$144,2) -> 400 | M87: B | Q87: 2026/03/31借调工程投资部 | R87: =VLOOKUP(D87,[1]生产部!$C:$C,1,0) -> ALS15286
A88: 13号楼 | B88: 车间副主任 | C88: 陈懿 | D88: ALS16528 | E88: 46134 | F88: =(L88*K88+G88+H88+I88-J88) -> 400 | G88: =SUMIF(积分汇总!$B:$B,'副主任&工艺组长及其他'!C88,积分汇总!$E:$E) -> 0 | H88: =SUMIF(记录巡查问题条数汇总!$B:$B,'副主任&工艺组长及其他'!C88,记录巡查问题条数汇总!$E:$E) -> 0 | J88: =SUMIF(安全质量事故!$B:$B,'副主任&工艺组长及其他'!C88,安全质量事故!$G:$G) -> 0 | K88: 1 | L88: =HLOOKUP(M88,$A$143:$H$144,2) -> 400 | M88: B | R88: =VLOOKUP(D88,[1]生产部!$C:$C,1,0) -> ALS16528
A89: 13号楼 | B89: 车间副主任 | C89: 金腾飞 | D89: ALS16653 | E89: 46148 | F89: =(L89*K89+G89+H89+I89-J89) -> 200 | G89: =SUMIF(积分汇总!$B:$B,'副主任&工艺组长及其他'!C89,积分汇总!$E:$E) -> 0 | H89: =SUMIF(记录巡查问题条数汇总!$B:$B,'副主任&工艺组长及其他'!C89,记录巡查问题条数汇总!$E:$E) -> 0 | J89: =SUMIF(安全质量事故!$B:$B,'副主任&工艺组长及其他'!C89,安全质量事故!$G:$G) -> 0 | K89: 1 | L89: =HLOOKUP(M89,$A$143:$H$144,2) -> 200 | M89: C | R89: =VLOOKUP(D89,[1]生产部!$C:$C,1,0) -> ALS16653
A90: 13号楼 | B90: 工程师 | C90: 龙偕 | D90: ALS17025 | E90: 46176 | F90: =(L90*K90+G90+H90+I90-J90) -> 400 | G90: =SUMIF(积分汇总!$B:$B,'副主任&工艺组长及其他'!C90,积分汇总!$E:$E) -> 0 | H90: =SUMIF(记录巡查问题条数汇总!$B:$B,'副主任&工艺组长及其他'!C90,记录巡查问题条数汇总!$E:$E) -> 0 | J90: =SUMIF(安全质量事故!$B:$B,'副主任&工艺组长及其他'!C90,安全质量事故!$G:$G) -> 0 | K90: 1 | L90: =HLOOKUP(M90,$A$143:$H$144,2) -> 400 | M90: B | R90: =VLOOKUP(D90,[1]生产部!$C:$C,1,0) -> ALS17025
A91: 13号楼 | B91: 助理工程师 | C91: 王富东 | D91: ALS16738 | E91: 46155 | F91: =(L91*K91+G91+H91+I91-J91) -> 200 | G91: =SUMIF(积分汇总!$B:$B,'副主任&工艺组长及其他'!C91,积分汇总!$E:$E) -> 0 | H91: =SUMIF(记录巡查问题条数汇总!$B:$B,'副主任&工艺组长及其他'!C91,记录巡查问题条数汇总!$E:$E) -> 0 | J91: =SUMIF(安全质量事故!$B:$B,'副主任&工艺组长及其他'!C91,安全质量事故!$G:$G) -> 0 | K91: 1 | L91: =HLOOKUP(M91,$A$143:$H$144,2) -> 200 | M91: C | R91: =VLOOKUP(D91,[1]生产部!$C:$C,1,0) -> ALS16738
A92: 13号楼 | B92: 班长 | C92: 刘同斌 | D92: ALS16993 | E92: 46169 | F92: =(L92*K92+G92+H92+I92-J92) -> 400 | G92: =SUMIF(积分汇总!$B:$B,'副主任&工艺组长及其他'!C92,积分汇总!$E:$E) -> 0 | H92: =SUMIF(记录巡查问题条数汇总!$B:$B,'副主任&工艺组长及其他'!C92,记录巡查问题条数汇总!$E:$E) -> 0 | J92: =SUMIF(安全质量事故!$B:$B,'副主任&工艺组长及其他'!C92,安全质量事故!$G:$G) -> 0 | K92: 1 | L92: =HLOOKUP(M92,$A$143:$H$144,2) -> 400 | M92: B | R92: =VLOOKUP(D92,[1]生产部!$C:$C,1,0) -> ALS16993
A93: 13号楼 | B93: 班长 | C93: 徐柏钰 | D93: ALS17002 | E93: 46174 | F93: =(L93*K93+G93+H93+I93-J93) -> 200 | G93: =SUMIF(积分汇总!$B:$B,'副主任&工艺组长及其他'!C93,积分汇总!$E:$E) -> 0 | H93: =SUMIF(记录巡查问题条数汇总!$B:$B,'副主任&工艺组长及其他'!C93,记录巡查问题条数汇总!$E:$E) -> 0 | J93: =SUMIF(安全质量事故!$B:$B,'副主任&工艺组长及其他'!C93,安全质量事故!$G:$G) -> 0 | K93: 1 | L93: =HLOOKUP(M93,$A$143:$H$144,2) -> 200 | M93: C | R93: =VLOOKUP(D93,[1]生产部!$C:$C,1,0) -> ALS17002
A94: 13号楼 | B94: 助理工程师 | C94: 庞宇浩 | D94: ALS16838 | E94: 46155 | F94: =(L94*K94+G94+H94+I94-J94) -> 200 | G94: =SUMIF(积分汇总!$B:$B,'副主任&工艺组长及其他'!C94,积分汇总!$E:$E) -> 0 | H94: =SUMIF(记录巡查问题条数汇总!$B:$B,'副主任&工艺组长及其他'!C94,记录巡查问题条数汇总!$E:$E) -> 0 | J94: =SUMIF(安全质量事故!$B:$B,'副主任&工艺组长及其他'!C94,安全质量事故!$G:$G) -> 0 | K94: 1 | L94: =HLOOKUP(M94,$A$143:$H$144,2) -> 200 | M94: C | R94: =VLOOKUP(D94,[1]生产部!$C:$C,1,0) -> ALS16838
A95: 13号楼 | B95: 助理工程师 | C95: 李承东 | D95: ALS16818 | E95: 46155 | F95: =(L95*K95+G95+H95+I95-J95) -> 200 | G95: =SUMIF(积分汇总!$B:$B,'副主任&工艺组长及其他'!C95,积分汇总!$E:$E) -> 0 | H95: =SUMIF(记录巡查问题条数汇总!$B:$B,'副主任&工艺组长及其他'!C95,记录巡查问题条数汇总!$E:$E) -> 0 | J95: =SUMIF(安全质量事故!$B:$B,'副主任&工艺组长及其他'!C95,安全质量事故!$G:$G) -> 0 | K95: 1 | L95: =HLOOKUP(M95,$A$143:$H$144,2) -> 200 | M95: C | R95: =VLOOKUP(D95,[1]生产部!$C:$C,1,0) -> ALS16818
A96: 13号楼 | B96: 操作工 | C96: 张一 | D96: ALS16824 | E96: 46155 | F96: =(L96*K96+G96+H96+I96-J96) -> 200 | G96: =SUMIF(积分汇总!$B:$B,'副主任&工艺组长及其他'!C96,积分汇总!$E:$E) -> 0 | H96: =SUMIF(记录巡查问题条数汇总!$B:$B,'副主任&工艺组长及其他'!C96,记录巡查问题条数汇总!$E:$E) -> 0 | J96: =SUMIF(安全质量事故!$B:$B,'副主任&工艺组长及其他'!C96,安全质量事故!$G:$G) -> 0 | K96: 1 | L96: =HLOOKUP(M96,$A$143:$H$144,2) -> 200 | M96: C | R96: =VLOOKUP(D96,[1]生产部!$C:$C,1,0) -> ALS16824
A97: 13号楼 | B97: 助理工程师 | C97: 朱建辉 | D97: ALS17093 | E97: 46181 | F97: =(L97*K97+G97+H97+I97-J97)/30*22 -> 146.66667 | G97: =SUMIF(积分汇总!$B:$B,'副主任&工艺组长及其他'!C97,积分汇总!$E:$E) -> 0 | H97: =SUMIF(记录巡查问题条数汇总!$B:$B,'副主任&工艺组长及其他'!C97,记录巡查问题条数汇总!$E:$E) -> 0 | J97: =SUMIF(安全质量事故!$B:$B,'副主任&工艺组长及其他'!C97,安全质量事故!$G:$G) -> 0 | K97: 1 | L97: =HLOOKUP(M97,$A$143:$H$144,2) -> 200 | M97: C | R97: =VLOOKUP(D97,[1]生产部!$C:$C,1,0) -> ALS17093
A98: 13号楼 | B98: 助理工程师 | C98: 侯浩坤 | D98: ALS17112 | E98: 46183 | F98: =(L98*K98+G98+H98+I98-J98)/30*20 -> 133.33333 | G98: =SUMIF(积分汇总!$B:$B,'副主任&工艺组长及其他'!C98,积分汇总!$E:$E) -> 0 | H98: =SUMIF(记录巡查问题条数汇总!$B:$B,'副主任&工艺组长及其他'!C98,记录巡查问题条数汇总!$E:$E) -> 0 | J98: =SUMIF(安全质量事故!$B:$B,'副主任&工艺组长及其他'!C98,安全质量事故!$G:$G) -> 0 | K98: 1 | L98: =HLOOKUP(M98,$A$143:$H$144,2) -> 200 | M98: C | R98: =VLOOKUP(D98,[1]生产部!$C:$C,1,0) -> ALS17112
A99: 13号楼 | B99: 助理工程师 | C99: 柏文科 | D99: ALS17115 | E99: 46183 | F99: =(L99*K99+G99+H99+I99-J99)/30*20 -> 133.33333 | G99: =SUMIF(积分汇总!$B:$B,'副主任&工艺组长及其他'!C99,积分汇总!$E:$E) -> 0 | H99: =SUMIF(记录巡查问题条数汇总!$B:$B,'副主任&工艺组长及其他'!C99,记录巡查问题条数汇总!$E:$E) -> 0 | J99: =SUMIF(安全质量事故!$B:$B,'副主任&工艺组长及其他'!C99,安全质量事故!$G:$G) -> 0 | K99: 1 | L99: =HLOOKUP(M99,$A$143:$H$144,2) -> 200 | M99: C | R99: =VLOOKUP(D99,[1]生产部!$C:$C,1,0) -> ALS17115
A100: 13号楼 | B100: 助理工程师 | C100: 张启浩 | D100: ALS17117 | E100: 46183 | F100: =(L100*K100+G100+H100+I100-J100)/30*20 -> 133.33333 | G100: =SUMIF(积分汇总!$B:$B,'副主任&工艺组长及其他'!C100,积分汇总!$E:$E) -> 0 | H100: =SUMIF(记录巡查问题条数汇总!$B:$B,'副主任&工艺组长及其他'!C100,记录巡查问题条数汇总!$E:$E) -> 0 | J100: =SUMIF(安全质量事故!$B:$B,'副主任&工艺组长及其他'!C100,安全质量事故!$G:$G) -> 0 | K100: 1 | L100: =HLOOKUP(M100,$A$143:$H$144,2) -> 200 | M100: C | R100: =VLOOKUP(D100,[1]生产部!$C:$C,1,0) -> ALS17117
A101: 13号楼 | B101: 助理工程师 | C101: 刘恩铄 | D101: ALS16563 | E101: 46134 | F101: =(L101*K101+G101+H101+I101-J101) -> 200 | G101: =SUMIF(积分汇总!$B:$B,'副主任&工艺组长及其他'!C101,积分汇总!$E:$E) -> 0 | H101: =SUMIF(记录巡查问题条数汇总!$B:$B,'副主任&工艺组长及其他'!C101,记录巡查问题条数汇总!$E:$E) -> 0 | J101: =SUMIF(安全质量事故!$B:$B,'副主任&工艺组长及其他'!C101,安全质量事故!$G:$G) -> 0 | K101: 1 | L101: =HLOOKUP(M101,$A$143:$H$144,2) -> 200 | M101: C | Q101: 师傅 代海鑫；2026/05/06调实验室学习制备 | R101: =VLOOKUP(D101,[1]生产部!$C:$C,1,0) -> ALS16563
A102: 13号楼 | B102: 助理工程师 | C102: 谭龙 | D102: ALS16567 | E102: 46134 | F102: =(L102*K102+G102+H102+I102-J102) -> 200 | G102: =SUMIF(积分汇总!$B:$B,'副主任&工艺组长及其他'!C102,积分汇总!$E:$E) -> 0 | H102: =SUMIF(记录巡查问题条数汇总!$B:$B,'副主任&工艺组长及其他'!C102,记录巡查问题条数汇总!$E:$E) -> 0 | J102: =SUMIF(安全质量事故!$B:$B,'副主任&工艺组长及其他'!C102,安全质量事故!$G:$G) -> 0 | K102: 1 | L102: =HLOOKUP(M102,$A$143:$H$144,2) -> 200 | M102: C | Q102: 师傅 胡建勋；2026/05/06调实验室学习制备 | R102: =VLOOKUP(D102,[1]生产部!$C:$C,1,0) -> ALS16567
A103: 13号楼 | B103: 助理工程师 | C103: 张超 | D103: ALS16950 | E103: 46167 | F103: =(L103*K103+G103+H103+I103-J103) -> 200 | G103: =SUMIF(积分汇总!$B:$B,'副主任&工艺组长及其他'!C103,积分汇总!$E:$E) -> 0 | H103: =SUMIF(记录巡查问题条数汇总!$B:$B,'副主任&工艺组长及其他'!C103,记录巡查问题条数汇总!$E:$E) -> 0 | J103: =SUMIF(安全质量事故!$B:$B,'副主任&工艺组长及其他'!C103,安全质量事故!$G:$G) -> 0 | K103: 1 | L103: =HLOOKUP(M103,$A$143:$H$144,2) -> 200 | M103: C | Q103: 师傅 窦惠鹏；调实验室学习制备 | R103: =VLOOKUP(D103,[1]生产部!$C:$C,1,0) -> ALS16950
...

Sheet 一线人员
A1: 车间 | B1: 职务 | C1: 姓名 | D1: 员工编号 | E1: 入职日期 | F1: 实际奖金合计 | G1: 日常巡查扣款 | H1: 记录巡查扣款 | I1: 定点摄影最佳区域和最差区域评比 | J1: 安全事故扣款 | K1: 5S日检奖金合计 | L1: 07月 | AQ1: 4#楼1&2车间“a、b、c”分布情况
L2: 46204 | M2: 46205 | N2: 46206 | O2: 46207 | P2: 46208 | Q2: 46209 | R2: 46210 | S2: 46211 | T2: 46212 | U2: 46213 | V2: 46214 | W2: 46215 | X2: 46216 | Y2: 46217 | Z2: 46218 | AA2: 46219 | AB2: 46220 | AC2: 46221 | AD2: 46222 | AE2: 46223 | AF2: 46224 | AG2: 46225 | AH2: 46226 | AI2: 46227 | AJ2: 46228 | AK2: 46229 | AL2: 46230 | AM2: 46231 | AN2: 46232 | AO2: 46233 | AP2: 46234 | AQ2: “a”占比 | AR2: “b”占比 | AS2: “c”占比 | AT2: 核对1 | AU2: 核对2
A3: 4号楼1&2车间 | B3: 工程师 | C3: 陈玉慧 | D3: ALS12990 | E3: 45462 | F3: =(K3+G3+H3+I3-J3) -> 0 | G3: =SUMIF(积分汇总!$B:$B,C3,积分汇总!$E:$E) -> 0 | H3: =SUMIF(记录巡查问题条数汇总!$B:$B,C3,记录巡查问题条数汇总!$E:$E) -> 0 | J3: =SUMIF(安全质量事故!$B:$B,C3,安全质量事故!$G:$G) -> 0 | K3: =COUNTIF(L3:AP3,标准数据!$A$2)*标准数据!$B$2+COUNTIF(L3:AP3,标准数据!$A$3)*标准数据!$B$3+COUNTIF(L3:AP3,标准数据!$A$4)*标准数据!$B$4 -> 0 | AQ3: =COUNTIF($L$3:$AP$73,"a") -> 0 | AR3: =COUNTIF($L$3:$AP$73,"b") -> 0 | AS3: =COUNTIF($L$3:$AP$73,"c") -> 0 | AT3: ALS12990 | AU3: 4号楼
B4: 工程师 | C4: 王宇亭 | D4: ALS14235 | E4: 45840 | F4: =(K4+G4+H4+I4-J4) -> 0 | G4: =SUMIF(积分汇总!$B:$B,C4,积分汇总!$E:$E) -> 0 | H4: =SUMIF(记录巡查问题条数汇总!$B:$B,C4,记录巡查问题条数汇总!$E:$E) -> 0 | J4: =SUMIF(安全质量事故!$B:$B,C4,安全质量事故!$G:$G) -> 0 | K4: =COUNTIF(L4:AP4,标准数据!$A$2)*标准数据!$B$2+COUNTIF(L4:AP4,标准数据!$A$3)*标准数据!$B$3+COUNTIF(L4:AP4,标准数据!$A$4)*标准数据!$B$4 -> 0 | AQ4: =AQ3/($AQ$3+$AR$3+$AS$3) -> #DIV/0! | AR4: =AR3/($AQ$3+$AR$3+$AS$3) -> #DIV/0! | AS4: =AS3/($AQ$3+$AR$3+$AS$3) -> #DIV/0! | AT4: ALS14235 | AU4: 4号楼1&2车间
B5: 工程师 | C5: 张政 | D5: ALS15334 | E5: 45980 | F5: =(K5+G5+H5+I5-J5) -> 0 | G5: =SUMIF(积分汇总!$B:$B,C5,积分汇总!$E:$E) -> 0 | H5: =SUMIF(记录巡查问题条数汇总!$B:$B,C5,记录巡查问题条数汇总!$E:$E) -> 0 | J5: =SUMIF(安全质量事故!$B:$B,C5,安全质量事故!$G:$G) -> 0 | K5: =COUNTIF(L5:AP5,标准数据!$A$2)*标准数据!$B$2+COUNTIF(L5:AP5,标准数据!$A$3)*标准数据!$B$3+COUNTIF(L5:AP5,标准数据!$A$4)*标准数据!$B$4 -> 0 | AT5: ALS15334 | AU5: 4号楼1&2车间
B6: 工程师 | C6: 杨晨 | D6: ALS15954 | E6: 46050 | F6: =(K6+G6+H6+I6-J6) -> 0 | G6: =SUMIF(积分汇总!$B:$B,C6,积分汇总!$E:$E) -> 0 | H6: =SUMIF(记录巡查问题条数汇总!$B:$B,C6,记录巡查问题条数汇总!$E:$E) -> 0 | J6: =SUMIF(安全质量事故!$B:$B,C6,安全质量事故!$G:$G) -> 0 | K6: =COUNTIF(L6:AP6,标准数据!$A$2)*标准数据!$B$2+COUNTIF(L6:AP6,标准数据!$A$3)*标准数据!$B$3+COUNTIF(L6:AP6,标准数据!$A$4)*标准数据!$B$4 -> 0 | AT6: ALS15954 | AU6: 4号楼1&2车间
B7: 工程师 | C7: 邵英强 | D7: ALS16808 | E7: 46153 | F7: =(K7+G7+H7+I7-J7) -> 0 | G7: =SUMIF(积分汇总!$B:$B,C7,积分汇总!$E:$E) -> 0 | H7: =SUMIF(记录巡查问题条数汇总!$B:$B,C7,记录巡查问题条数汇总!$E:$E) -> 0 | J7: =SUMIF(安全质量事故!$B:$B,C7,安全质量事故!$G:$G) -> 0 | K7: =COUNTIF(L7:AP7,标准数据!$A$2)*标准数据!$B$2+COUNTIF(L7:AP7,标准数据!$A$3)*标准数据!$B$3+COUNTIF(L7:AP7,标准数据!$A$4)*标准数据!$B$4 -> 0 | AT7: ALS16808 | AU7: 4号楼1&2车间
B8: 工程师 | C8: 郑昊 | D8: ALS11847 | E8: 45019 | F8: =(K8+G8+H8+I8-J8) -> 0 | G8: =SUMIF(积分汇总!$B:$B,C8,积分汇总!$E:$E) -> 0 | H8: =SUMIF(记录巡查问题条数汇总!$B:$B,C8,记录巡查问题条数汇总!$E:$E) -> 0 | J8: =SUMIF(安全质量事故!$B:$B,C8,安全质量事故!$G:$G) -> 0 | K8: =COUNTIF(L8:AP8,标准数据!$A$2)*标准数据!$B$2+COUNTIF(L8:AP8,标准数据!$A$3)*标准数据!$B$3+COUNTIF(L8:AP8,标准数据!$A$4)*标准数据!$B$4 -> 0 | AT8: ALS11847 | AU8: 4号楼1&2车间
B9: 班长 | C9: 苏谊 | D9: BDH0640 | E9: 44732 | F9: =(K9+G9+H9+I9-J9) -> 0 | G9: =SUMIF(积分汇总!$B:$B,C9,积分汇总!$E:$E) -> 0 | H9: =SUMIF(记录巡查问题条数汇总!$B:$B,C9,记录巡查问题条数汇总!$E:$E) -> 0 | J9: =SUMIF(安全质量事故!$B:$B,C9,安全质量事故!$G:$G) -> 0 | K9: =COUNTIF(L9:AP9,标准数据!$A$2)*标准数据!$B$2+COUNTIF(L9:AP9,标准数据!$A$3)*标准数据!$B$3+COUNTIF(L9:AP9,标准数据!$A$4)*标准数据!$B$4 -> 0 | AT9: BDH0640 | AU9: 4号楼1&2车间
B10: 班长 | C10: 胡强 | D10: ALS10148 | E10: 44755 | F10: =(K10+G10+H10+I10-J10) -> 0 | G10: =SUMIF(积分汇总!$B:$B,C10,积分汇总!$E:$E) -> 0 | H10: =SUMIF(记录巡查问题条数汇总!$B:$B,C10,记录巡查问题条数汇总!$E:$E) -> 0 | J10: =SUMIF(安全质量事故!$B:$B,C10,安全质量事故!$G:$G) -> 0 | K10: =COUNTIF(L10:AP10,标准数据!$A$2)*标准数据!$B$2+COUNTIF(L10:AP10,标准数据!$A$3)*标准数据!$B$3+COUNTIF(L10:AP10,标准数据!$A$4)*标准数据!$B$4 -> 0 | AT10: ALS10148 | AU10: 4号楼1&2车间
B11: 班长 | C11: 周玉凯 | D11: ALS11232 | E11: 44774 | F11: =(K11+G11+H11+I11-J11) -> 0 | G11: =SUMIF(积分汇总!$B:$B,C11,积分汇总!$E:$E) -> 0 | H11: =SUMIF(记录巡查问题条数汇总!$B:$B,C11,记录巡查问题条数汇总!$E:$E) -> 0 | J11: =SUMIF(安全质量事故!$B:$B,C11,安全质量事故!$G:$G) -> 0 | K11: =COUNTIF(L11:AP11,标准数据!$A$2)*标准数据!$B$2+COUNTIF(L11:AP11,标准数据!$A$3)*标准数据!$B$3+COUNTIF(L11:AP11,标准数据!$A$4)*标准数据!$B$4 -> 0 | AT11: ALS11232 | AU11: 4号楼1&2车间
B12: 助工 | C12: 刘栋 | D12: ALS11215 | E12: 44774 | F12: =(K12+G12+H12+I12-J12) -> 0 | G12: =SUMIF(积分汇总!$B:$B,C12,积分汇总!$E:$E) -> 0 | H12: =SUMIF(记录巡查问题条数汇总!$B:$B,C12,记录巡查问题条数汇总!$E:$E) -> 0 | J12: =SUMIF(安全质量事故!$B:$B,C12,安全质量事故!$G:$G) -> 0 | K12: =COUNTIF(L12:AP12,标准数据!$A$2)*标准数据!$B$2+COUNTIF(L12:AP12,标准数据!$A$3)*标准数据!$B$3+COUNTIF(L12:AP12,标准数据!$A$4)*标准数据!$B$4 -> 0 | AT12: ALS11215 | AU12: 4号楼1&2车间
B13: 助工 | C13: 张昊（ALS11789） | D13: ALS11789 | E13: 44998 | F13: =(K13+G13+H13+I13-J13) -> 0 | G13: =SUMIF(积分汇总!$B:$B,C13,积分汇总!$E:$E) -> 0 | H13: =SUMIF(记录巡查问题条数汇总!$B:$B,C13,记录巡查问题条数汇总!$E:$E) -> 0 | J13: =SUMIF(安全质量事故!$B:$B,C13,安全质量事故!$G:$G) -> 0 | K13: =COUNTIF(L13:AP13,标准数据!$A$2)*标准数据!$B$2+COUNTIF(L13:AP13,标准数据!$A$3)*标准数据!$B$3+COUNTIF(L13:AP13,标准数据!$A$4)*标准数据!$B$4 -> 0 | AT13: ALS11789 | AU13: 4号楼1&2车间
B14: 助工 | C14: 张鹏飞 | D14: ALS11846 | E14: 45019 | F14: =(K14+G14+H14+I14-J14) -> 0 | G14: =SUMIF(积分汇总!$B:$B,C14,积分汇总!$E:$E) -> 0 | H14: =SUMIF(记录巡查问题条数汇总!$B:$B,C14,记录巡查问题条数汇总!$E:$E) -> 0 | J14: =SUMIF(安全质量事故!$B:$B,C14,安全质量事故!$G:$G) -> 0 | K14: =COUNTIF(L14:AP14,标准数据!$A$2)*标准数据!$B$2+COUNTIF(L14:AP14,标准数据!$A$3)*标准数据!$B$3+COUNTIF(L14:AP14,标准数据!$A$4)*标准数据!$B$4 -> 0 | AT14: ALS11846 | AU14: 4号楼1&2车间
B15: 助工 | C15: 范锺铭 | D15: ALS12311 | E15: 45138 | F15: =(K15+G15+H15+I15-J15) -> 0 | G15: =SUMIF(积分汇总!$B:$B,C15,积分汇总!$E:$E) -> 0 | H15: =SUMIF(记录巡查问题条数汇总!$B:$B,C15,记录巡查问题条数汇总!$E:$E) -> 0 | J15: =SUMIF(安全质量事故!$B:$B,C15,安全质量事故!$G:$G) -> 0 | K15: =COUNTIF(L15:AP15,标准数据!$A$2)*标准数据!$B$2+COUNTIF(L15:AP15,标准数据!$A$3)*标准数据!$B$3+COUNTIF(L15:AP15,标准数据!$A$4)*标准数据!$B$4 -> 0 | AT15: ALS12311 | AU15: 4号楼1&2车间
B16: 助工 | C16: 朱永祺 | D16: ALS11786 | E16: 44998 | F16: =(K16+G16+H16+I16-J16) -> 0 | G16: =SUMIF(积分汇总!$B:$B,C16,积分汇总!$E:$E) -> 0 | H16: =SUMIF(记录巡查问题条数汇总!$B:$B,C16,记录巡查问题条数汇总!$E:$E) -> 0 | J16: =SUMIF(安全质量事故!$B:$B,C16,安全质量事故!$G:$G) -> 0 | K16: =COUNTIF(L16:AP16,标准数据!$A$2)*标准数据!$B$2+COUNTIF(L16:AP16,标准数据!$A$3)*标准数据!$B$3+COUNTIF(L16:AP16,标准数据!$A$4)*标准数据!$B$4 -> 0 | AT16: ALS11786 | AU16: 4号楼1&2车间
... B73: 操作工 | C73: 常文轩 | D73: ALS15398 | E73: 45980 | F73: =(K73+G73+H73+I73-J73) -> 0 | G73: =SUMIF(积分汇总!$B:$B,C73,积分汇总!$E:$E) -> 0 | H73: =SUMIF(记录巡查问题条数汇总!$B:$B,C73,记录巡查问题条数汇总!$E:$E) -> 0 | J73: =SUMIF(安全质量事故!$B:$B,C73,安全质量事故!$G:$G) -> 0 | K73: =COUNTIF(L73:AP73,标准数据!$A$2)*标准数据!$B$2+COUNTIF(L73:AP73,标准数据!$A$3)*标准数据!$B$3+COUNTIF(L73:AP73,标准数据!$A$4)*标准数据!$B$4 -> 0 | AT73: ALS15398 | AU73: 4号楼1&2车间
A74: 4号楼3&4车间 | B74: 工程师 | C74: 穆双超 | D74: ADH5432 | E74: 44752 | F74: =(K74+G74+H74+I74-J74) -> 0 | G74: =SUMIF(积分汇总!$B:$B,C74,积分汇总!$E:$E) -> 0 | H74: =SUMIF(记录巡查问题条数汇总!$B:$B,C74,记录巡查问题条数汇总!$E:$E) -> 0 | J74: =SUMIF(安全质量事故!$B:$B,C74,安全质量事故!$G:$G) -> 0 | K74: =COUNTIF(L74:AP74,标准数据!$A$2)*标准数据!$B$2+COUNTIF(L74:AP74,标准数据!$A$3)*标准数据!$B$3+COUNTIF(L74:AP74,标准数据!$A$4)*标准数据!$B$4 -> 0 | AQ74: 4#楼3&4车间“a、b、c”分布情况 | AT74: ADH5432 | AU74: 4号楼3&4车间
B75: 工程师 | C75: 于清凡 | D75: ALS5619 | E75: 43677 | F75: =(K75+G75+H75+I75-J75) -> 0 | G75: =SUMIF(积分汇总!$B:$B,C75,积分汇总!$E:$E) -> 0 | H75: =SUMIF(记录巡查问题条数汇总!$B:$B,C75,记录巡查问题条数汇总!$E:$E) -> 0 | J75: =SUMIF(安全质量事故!$B:$B,C75,安全质量事故!$G:$G) -> 0 | K75: =COUNTIF(L75:AP75,标准数据!$A$2)*标准数据!$B$2+COUNTIF(L75:AP75,标准数据!$A$3)*标准数据!$B$3+COUNTIF(L75:AP75,标准数据!$A$4)*标准数据!$B$4 -> 0 | AQ75: “a”占比 | AR75: “b”占比 | AS75: “c”占比 | AT75: ALS5619 | AU75: 4号楼3&4车间
B76: 工程师 | C76: 荣宪超 | D76: FX3085 | E76: 43977 | F76: =(K76+G76+H76+I76-J76) -> 0 | G76: =SUMIF(积分汇总!$B:$B,C76,积分汇总!$E:$E) -> 0 | H76: =SUMIF(记录巡查问题条数汇总!$B:$B,C76,记录巡查问题条数汇总!$E:$E) -> 0 | J76: =SUMIF(安全质量事故!$B:$B,C76,安全质量事故!$G:$G) -> 0 | K76: =COUNTIF(L76:AP76,标准数据!$A$2)*标准数据!$B$2+COUNTIF(L76:AP76,标准数据!$A$3)*标准数据!$B$3+COUNTIF(L76:AP76,标准数据!$A$4)*标准数据!$B$4 -> 0 | AQ76: =COUNTIF($L$74:$AP$164,"a") -> 0 | AR76: =COUNTIF($L$74:$AP$164,"b") -> 0 | AS76: =COUNTIF($L$74:$AP$164,"c") -> 0 | AT76: FX3085 | AU76: 4号楼3&4车间
B77: 工程师 | C77: 支庆 | D77: LFX569 | E77: 44389 | F77: =(K77+G77+H77+I77-J77) -> 0 | G77: =SUMIF(积分汇总!$B:$B,C77,积分汇总!$E:$E) -> 0 | H77: =SUMIF(记录巡查问题条数汇总!$B:$B,C77,记录巡查问题条数汇总!$E:$E) -> 0 | J77: =SUMIF(安全质量事故!$B:$B,C77,安全质量事故!$G:$G) -> 0 | K77: =COUNTIF(L77:AP77,标准数据!$A$2)*标准数据!$B$2+COUNTIF(L77:AP77,标准数据!$A$3)*标准数据!$B$3+COUNTIF(L77:AP77,标准数据!$A$4)*标准数据!$B$4 -> 0 | AQ77: =AQ76/($AQ$76+$AR$76+$AS$76) -> #DIV/0! | AR77: =AR76/($AQ$76+$AR$76+$AS$76) -> #DIV/0! | AS77: =AS76/($AQ$76+$AR$76+$AS$76) -> #DIV/0! | AT77: LFX569 | AU77: 4号楼3&4车间
B78: 工程师 | C78: 俞燕溪 | D78: ALS14328 | E78: 45847 | F78: =(K78+G78+H78+I78-J78) -> 0 | G78: =SUMIF(积分汇总!$B:$B,C78,积分汇总!$E:$E) -> 0 | H78: =SUMIF(记录巡查问题条数汇总!$B:$B,C78,记录巡查问题条数汇总!$E:$E) -> 0 | J78: =SUMIF(安全质量事故!$B:$B,C78,安全质量事故!$G:$G) -> 0 | K78: =COUNTIF(L78:AP78,标准数据!$A$2)*标准数据!$B$2+COUNTIF(L78:AP78,标准数据!$A$3)*标准数据!$B$3+COUNTIF(L78:AP78,标准数据!$A$4)*标准数据!$B$4 -> 0 | AT78: ALS14328 | AU78: 4号楼3&4车间
B79: 班长 | C79: 窦贤巩 | D79: ALS5807 | E79: 43817 | F79: =(K79+G79+H79+I79-J79) -> 0 | G79: =SUMIF(积分汇总!$B:$B,C79,积分汇总!$E:$E) -> 0 | H79: =SUMIF(记录巡查问题条数汇总!$B:$B,C79,记录巡查问题条数汇总!$E:$E) -> 0 | J79: =SUMIF(安全质量事故!$B:$B,C79,安全质量事故!$G:$G) -> 0 | K79: =COUNTIF(L79:AP79,标准数据!$A$2)*标准数据!$B$2+COUNTIF(L79:AP79,标准数据!$A$3)*标准数据!$B$3+COUNTIF(L79:AP79,标准数据!$A$4)*标准数据!$B$4 -> 0 | AT79: ALS5807 | AU79: 4号楼3&4车间
B80: 班长 | C80: 李董明 | D80: ALS10327 | E80: 44734 | F80: =(K80+G80+H80+I80-J80) -> 0 | G80: =SUMIF(积分汇总!$B:$B,C80,积分汇总!$E:$E) -> 0 | H80: =SUMIF(记录巡查问题条数汇总!$B:$B,C80,记录巡查问题条数汇总!$E:$E) -> 0 | J80: =SUMIF(安全质量事故!$B:$B,C80,安全质量事故!$G:$G) -> 0 | K80: =COUNTIF(L80:AP80,标准数据!$A$2)*标准数据!$B$2+COUNTIF(L80:AP80,标准数据!$A$3)*标准数据!$B$3+COUNTIF(L80:AP80,标准数据!$A$4)*标准数据!$B$4 -> 0 | AT80: ALS10327 | AU80: 4号楼3&4车间
B81: 班长 | C81: 王永乐 | D81: ALS10165 | E81: 44755 | F81: =(K81+G81+H81+I81-J81) -> 0 | G81: =SUMIF(积分汇总!$B:$B,C81,积分汇总!$E:$E) -> 0 | H81: =SUMIF(记录巡查问题条数汇总!$B:$B,C81,记录巡查问题条数汇总!$E:$E) -> 0 | J81: =SUMIF(安全质量事故!$B:$B,C81,安全质量事故!$G:$G) -> 0 | K81: =COUNTIF(L81:AP81,标准数据!$A$2)*标准数据!$B$2+COUNTIF(L81:AP81,标准数据!$A$3)*标准数据!$B$3+COUNTIF(L81:AP81,标准数据!$A$4)*标准数据!$B$4 -> 0 | AT81: ALS10165 | AU81: 4号楼3&4车间
B82: 班长 | C82: 韩德玉 | D82: ALS11936 | E82: 45056 | F82: =(K82+G82+H82+I82-J82) -> 0 | G82: =SUMIF(积分汇总!$B:$B,C82,积分汇总!$E:$E) -> 0 | H82: =SUMIF(记录巡查问题条数汇总!$B:$B,C82,记录巡查问题条数汇总!$E:$E) -> 0 | J82: =SUMIF(安全质量事故!$B:$B,C82,安全质量事故!$G:$G) -> 0 | K82: =COUNTIF(L82:AP82,标准数据!$A$2)*标准数据!$B$2+COUNTIF(L82:AP82,标准数据!$A$3)*标准数据!$B$3+COUNTIF(L82:AP82,标准数据!$A$4)*标准数据!$B$4 -> 0 | AT82: ALS11936 | AU82: 4号楼3&4车间
B83: 班长 | C83: 赵鹏帅 | D83: ALS10175 | E83: 44755 | F83: =(K83+G83+H83+I83-J83) -> 0 | G83: =SUMIF(积分汇总!$B:$B,C83,积分汇总!$E:$E) -> 0 | H83: =SUMIF(记录巡查问题条数汇总!$B:$B,C83,记录巡查问题条数汇总!$E:$E) -> 0 | J83: =SUMIF(安全质量事故!$B:$B,C83,安全质量事故!$G:$G) -> 0 | K83: =COUNTIF(L83:AP83,标准数据!$A$2)*标准数据!$B$2+COUNTIF(L83:AP83,标准数据!$A$3)*标准数据!$B$3+COUNTIF(L83:AP83,标准数据!$A$4)*标准数据!$B$4 -> 0 | AT83: ALS10175 | AU83: 4号楼3&4车间
B84: 班长 | C84: 李孝辉 | D84: ALS8328 | E84: 44454 | F84: =(K84+G84+H84+I84-J84) -> 0 | G84: =SUMIF(积分汇总!$B:$B,C84,积分汇总!$E:$E) -> 0 | H84: =SUMIF(记录巡查问题条数汇总!$B:$B,C84,记录巡查问题条数汇总!$E:$E) -> 0 | J84: =SUMIF(安全质量事故!$B:$B,C84,安全质量事故!$G:$G) -> 0 | K84: =COUNTIF(L84:AP84,标准数据!$A$2)*标准数据!$B$2+COUNTIF(L84:AP84,标准数据!$A$3)*标准数据!$B$3+COUNTIF(L84:AP84,标准数据!$A$4)*标准数据!$B$4 -> 0 | AT84: ALS8328 | AU84: 4号楼3&4车间
B85: 助工 | C85: 王嘉伟 | D85: ALS11236 | E85: 44774 | F85: =(K85+G85+H85+I85-J85) -> 0 | G85: =SUMIF(积分汇总!$B:$B,C85,积分汇总!$E:$E) -> 0 | H85: =SUMIF(记录巡查问题条数汇总!$B:$B,C85,记录巡查问题条数汇总!$E:$E) -> 0 | J85: =SUMIF(安全质量事故!$B:$B,C85,安全质量事故!$G:$G) -> 0 | K85: =COUNTIF(L85:AP85,标准数据!$A$2)*标准数据!$B$2+COUNTIF(L85:AP85,标准数据!$A$3)*标准数据!$B$3+COUNTIF(L85:AP85,标准数据!$A$4)*标准数据!$B$4 -> 0 | AT85: ALS11236 | AU85: 4号楼3&4车间
B86: 助工 | C86: 刘俊杰 | D86: ALS10335 | E86: 44734 | F86: =(K86+G86+H86+I86-J86) -> 0 | G86: =SUMIF(积分汇总!$B:$B,C86,积分汇总!$E:$E) -> 0 | H86: =SUMIF(记录巡查问题条数汇总!$B:$B,C86,记录巡查问题条数汇总!$E:$E) -> 0 | J86: =SUMIF(安全质量事故!$B:$B,C86,安全质量事故!$G:$G) -> 0 | K86: =COUNTIF(L86:AP86,标准数据!$A$2)*标准数据!$B$2+COUNTIF(L86:AP86,标准数据!$A$3)*标准数据!$B$3+COUNTIF(L86:AP86,标准数据!$A$4)*标准数据!$B$4 -> 0 | AT86: ALS10335 | AU86: 4号楼3&4车间
B87: 助工 | C87: 杨贺龙 | D87: ALS10317 | E87: 44734 | F87: =(K87+G87+H87+I87-J87) -> 0 | G87: =SUMIF(积分汇总!$B:$B,C87,积分汇总!$E:$E) -> 0 | H87: =SUMIF(记录巡查问题条数汇总!$B:$B,C87,记录巡查问题条数汇总!$E:$E) -> 0 | J87: =SUMIF(安全质量事故!$B:$B,C87,安全质量事故!$G:$G) -> 0 | K87: =COUNTIF(L87:AP87,标准数据!$A$2)*标准数据!$B$2+COUNTIF(L87:AP87,标准数据!$A$3)*标准数据!$B$3+COUNTIF(L87:AP87,标准数据!$A$4)*标准数据!$B$4 -> 0 | AT87: ALS10317 | AU87: 4号楼3&4车间
B88: 助工 | C88: 肖王宇 | D88: ALS10328 | E88: 44734 | F88: =(K88+G88+H88+I88-J88) -> 0 | G88: =SUMIF(积分汇总!$B:$B,C88,积分汇总!$E:$E) -> 0 | H88: =SUMIF(记录巡查问题条数汇总!$B:$B,C88,记录巡查问题条数汇总!$E:$E) -> 0 | J88: =SUMIF(安全质量事故!$B:$B,C88,安全质量事故!$G:$G) -> 0 | K88: =COUNTIF(L88:AP88,标准数据!$A$2)*标准数据!$B$2+COUNTIF(L88:AP88,标准数据!$A$3)*标准数据!$B$3+COUNTIF(L88:AP88,标准数据!$A$4)*标准数据!$B$4 -> 0 | AT88: ALS10328 | AU88: 4号楼3&4车间
B89: 助工 | C89: 卫森豪 | D89: ALS11226 | E89: 44774 | F89: =(K89+G89+H89+I89-J89) -> 0 | G89: =SUMIF(积分汇总!$B:$B,C89,积分汇总!$E:$E) -> 0 | H89: =SUMIF(记录巡查问题条数汇总!$B:$B,C89,记录巡查问题条数汇总!$E:$E) -> 0 | J89: =SUMIF(安全质量事故!$B:$B,C89,安全质量事故!$G:$G) -> 0 | K89: =COUNTIF(L89:AP89,标准数据!$A$2)*标准数据!$B$2+COUNTIF(L89:AP89,标准数据!$A$3)*标准数据!$B$3+COUNTIF(L89:AP89,标准数据!$A$4)*标准数据!$B$4 -> 0 | AT89: ALS11226 | AU89: 4号楼3&4车间
... B164: 操作工 | C164: 石教炀 | D164: ALS15575 | E164: 45994 | F164: =(K164+G164+H164+I164-J164) -> 0 | G164: =SUMIF(积分汇总!$B:$B,C164,积分汇总!$E:$E) -> 0 | H164: =SUMIF(记录巡查问题条数汇总!$B:$B,C164,记录巡查问题条数汇总!$E:$E) -> 0 | J164: =SUMIF(安全质量事故!$B:$B,C164,安全质量事故!$G:$G) -> 0 | K164: =COUNTIF(L164:AP164,标准数据!$A$2)*标准数据!$B$2+COUNTIF(L164:AP164,标准数据!$A$3)*标准数据!$B$3+COUNTIF(L164:AP164,标准数据!$A$4)*标准数据!$B$4 -> 0 | AT164: ALS15575 | AU164: 4号楼3&4车间
A165: 11号楼CNC车间 | B165: 工程师 | C165: 李文笑 | D165: ALS12304 | E165: 45138 | F165: =(K165+G165+H165+I165-J165) -> 0 | G165: =SUMIF(积分汇总!$B:$B,C165,积分汇总!$E:$E) -> 0 | H165: =SUMIF(记录巡查问题条数汇总!$B:$B,C165,记录巡查问题条数汇总!$E:$E) -> 0 | J165: =SUMIF(安全质量事故!$B:$B,C165,安全质量事故!$G:$G) -> 0 | K165: =COUNTIF(L165:AP165,标准数据!$A$2)*标准数据!$B$2+COUNTIF(L165:AP165,标准数据!$A$3)*标准数据!$B$3+COUNTIF(L165:AP165,标准数据!$A$4)*标准数据!$B$4 -> 0 | AQ165: 11号楼CNC车间“a、b、c”分布情况 | AT165: ALS12304 | AU165: 11号楼CNC区域
B166: 工程师 | C166: 王继鹏 | D166: ALS14314 | E166: 45847 | F166: =(K166+G166+H166+I166-J166) -> 0 | G166: =SUMIF(积分汇总!$B:$B,C166,积分汇总!$E:$E) -> 0 | H166: =SUMIF(记录巡查问题条数汇总!$B:$B,C166,记录巡查问题条数汇总!$E:$E) -> 0 | J166: =SUMIF(安全质量事故!$B:$B,C166,安全质量事故!$G:$G) -> 0 | K166: =COUNTIF(L166:AP166,标准数据!$A$2)*标准数据!$B$2+COUNTIF(L166:AP166,标准数据!$A$3)*标准数据!$B$3+COUNTIF(L166:AP166,标准数据!$A$4)*标准数据!$B$4 -> 0 | AQ166: “a”占比 | AR166: “b”占比 | AS166: “c”占比 | AT166: ALS14314 | AU166: 11号楼CNC区域
B167: 助工 | C167: 赵柯达 | D167: ALS13177 | E167: 45490 | F167: =(K167+G167+H167+I167-J167) -> 0 | G167: =SUMIF(积分汇总!$B:$B,C167,积分汇总!$E:$E) -> 0 | H167: =SUMIF(记录巡查问题条数汇总!$B:$B,C167,记录巡查问题条数汇总!$E:$E) -> 0 | J167: =SUMIF(安全质量事故!$B:$B,C167,安全质量事故!$G:$G) -> 0 | K167: =COUNTIF(L167:AP167,标准数据!$A$2)*标准数据!$B$2+COUNTIF(L167:AP167,标准数据!$A$3)*标准数据!$B$3+COUNTIF(L167:AP167,标准数据!$A$4)*标准数据!$B$4 -> 0 | AQ167: =COUNTIF($L$165:$AP$226,"a") -> 0 | AR167: =COUNTIF($L$165:$AP$226,"b") -> 0 | AS167: =COUNTIF($L$165:$AP$226,"c") -> 0 | AT167: ALS13177 | AU167: 11号楼CNC区域
B168: 助工 | C168: 张泽 | D168: ALS13027 | E168: 45469 | F168: =(K168+G168+H168+I168-J168) -> 0 | G168: =SUMIF(积分汇总!$B:$B,C168,积分汇总!$E:$E) -> 0 | H168: =SUMIF(记录巡查问题条数汇总!$B:$B,C168,记录巡查问题条数汇总!$E:$E) -> 0 | J168: =SUMIF(安全质量事故!$B:$B,C168,安全质量事故!$G:$G) -> 0 | K168: =COUNTIF(L168:AP168,标准数据!$A$2)*标准数据!$B$2+COUNTIF(L168:AP168,标准数据!$A$3)*标准数据!$B$3+COUNTIF(L168:AP168,标准数据!$A$4)*标准数据!$B$4 -> 0 | AQ168: =AQ167/($AQ$167+$AR$167+$AS$167) -> #DIV/0! | AR168: =AR167/($AQ$167+$AR$167+$AS$167) -> #DIV/0! | AS168: =AS167/($AQ$167+$AR$167+$AS$167) -> #DIV/0! | AT168: ALS13027 | AU168: 11号楼CNC区域
B169: 班长 | C169: 张博（ALS0034） | D169: ALS0034 | E169: 38548 | F169: =(K169+G169+H169+I169-J169) -> 0 | G169: =SUMIF(积分汇总!$B:$B,C169,积分汇总!$E:$E) -> 0 | H169: =SUMIF(记录巡查问题条数汇总!$B:$B,C169,记录巡查问题条数汇总!$E:$E) -> 0 | J169: =SUMIF(安全质量事故!$B:$B,C169,安全质量事故!$G:$G) -> 0 | K169: =COUNTIF(L169:AP169,标准数据!$A$2)*标准数据!$B$2+COUNTIF(L169:AP169,标准数据!$A$3)*标准数据!$B$3+COUNTIF(L169:AP169,标准数据!$A$4)*标准数据!$B$4 -> 0 | AT169: ALS0034 | AU169: 11号楼CNC区域
B170: 班长 | C170: 查超山 | D170: ALS11201 | E170: 44774 | F170: =(K170+G170+H170+I170-J170) -> 0 | G170: =SUMIF(积分汇总!$B:$B,C170,积分汇总!$E:$E) -> 0 | H170: =SUMIF(记录巡查问题条数汇总!$B:$B,C170,记录巡查问题条数汇总!$E:$E) -> 0 | J170: =SUMIF(安全质量事故!$B:$B,C170,安全质量事故!$G:$G) -> 0 | K170: =COUNTIF(L170:AP170,标准数据!$A$2)*标准数据!$B$2+COUNTIF(L170:AP170,标准数据!$A$3)*标准数据!$B$3+COUNTIF(L170:AP170,标准数据!$A$4)*标准数据!$B$4 -> 0 | AT170: ALS11201 | AU170: 11号楼CNC区域
B171: 助工 | C171: 迟国庆 | D171: LFX853 | E171: 44753 | F171: =(K171+G171+H171+I171-J171) -> 0 | G171: =SUMIF(积分汇总!$B:$B,C171,积分汇总!$E:$E) -> 0 | H171: =SUMIF(记录巡查问题条数汇总!$B:$B,C171,记录巡查问题条数汇总!$E:$E) -> 0 | J171: =SUMIF(安全质量事故!$B:$B,C171,安全质量事故!$G:$G) -> 0 | K171: =COUNTIF(L171:AP171,标准数据!$A$2)*标准数据!$B$2+COUNTIF(L171:AP171,标准数据!$A$3)*标准数据!$B$3+COUNTIF(L171:AP171,标准数据!$A$4)*标准数据!$B$4 -> 0 | AT171: LFX853 | AU171: 11号楼CNC区域
B172: 助工 | C172: 梁德峥 | D172: LFX864 | E172: 44753 | F172: =(K172+G172+H172+I172-J172) -> 0 | G172: =SUMIF(积分汇总!$B:$B,C172,积分汇总!$E:$E) -> 0 | H172: =SUMIF(记录巡查问题条数汇总!$B:$B,C172,记录巡查问题条数汇总!$E:$E) -> 0 | J172: =SUMIF(安全质量事故!$B:$B,C172,安全质量事故!$G:$G) -> 0 | K172: =COUNTIF(L172:AP172,标准数据!$A$2)*标准数据!$B$2+COUNTIF(L172:AP172,标准数据!$A$3)*标准数据!$B$3+COUNTIF(L172:AP172,标准数据!$A$4)*标准数据!$B$4 -> 0 | AT172: LFX864 | AU172: 11号楼CNC区域
B173: 助工 | C173: 裘子龙 | D173: ALS14155 | E173: 45826 | F173: =(K173+G173+H173+I173-J173) -> 0 | G173: =SUMIF(积分汇总!$B:$B,C173,积分汇总!$E:$E) -> 0 | H173: =SUMIF(记录巡查问题条数汇总!$B:$B,C173,记录巡查问题条数汇总!$E:$E) -> 0 | J173: =SUMIF(安全质量事故!$B:$B,C173,安全质量事故!$G:$G) -> 0 | K173: =COUNTIF(L173:AP173,标准数据!$A$2)*标准数据!$B$2+COUNTIF(L173:AP173,标准数据!$A$3)*标准数据!$B$3+COUNTIF(L173:AP173,标准数据!$A$4)*标准数据!$B$4 -> 0 | AT173: ALS14155 | AU173: 11号楼CNC区域
B174: 助工 | C174: 解宝存 | D174: ALS12994 | E174: 45462 | F174: =(K174+G174+H174+I174-J174) -> 0 | G174: =SUMIF(积分汇总!$B:$B,C174,积分汇总!$E:$E) -> 0 | H174: =SUMIF(记录巡查问题条数汇总!$B:$B,C174,记录巡查问题条数汇总!$E:$E) -> 0 | J174: =SUMIF(安全质量事故!$B:$B,C174,安全质量事故!$G:$G) -> 0 | K174: =COUNTIF(L174:AP174,标准数据!$A$2)*标准数据!$B$2+COUNTIF(L174:AP174,标准数据!$A$3)*标准数据!$B$3+COUNTIF(L174:AP174,标准数据!$A$4)*标准数据!$B$4 -> 0 | AT174: ALS12994 | AU174: 11号楼CNC区域
B175: 助工 | C175: 呼华一 | D175: ALS13367 | E175: 45532 | F175: =(K175+G175+H175+I175-J175) -> 0 | G175: =SUMIF(积分汇总!$B:$B,C175,积分汇总!$E:$E) -> 0 | H175: =SUMIF(记录巡查问题条数汇总!$B:$B,C175,记录巡查问题条数汇总!$E:$E) -> 0 | J175: =SUMIF(安全质量事故!$B:$B,C175,安全质量事故!$G:$G) -> 0 | K175: =COUNTIF(L175:AP175,标准数据!$A$2)*标准数据!$B$2+COUNTIF(L175:AP175,标准数据!$A$3)*标准数据!$B$3+COUNTIF(L175:AP175,标准数据!$A$4)*标准数据!$B$4 -> 0 | AT175: ALS13367 | AU175: 11号楼CNC区域
B176: 助工 | C176: 付张顺 | D176: ALS14676 | E176: 45889 | F176: =(K176+G176+H176+I176-J176) -> 0 | G176: =SUMIF(积分汇总!$B:$B,C176,积分汇总!$E:$E) -> 0 | H176: =SUMIF(记录巡查问题条数汇总!$B:$B,C176,记录巡查问题条数汇总!$E:$E) -> 0 | J176: =SUMIF(安全质量事故!$B:$B,C176,安全质量事故!$G:$G) -> 0 | K176: =COUNTIF(L176:AP176,标准数据!$A$2)*标准数据!$B$2+COUNTIF(L176:AP176,标准数据!$A$3)*标准数据!$B$3+COUNTIF(L176:AP176,标准数据!$A$4)*标准数据!$B$4 -> 0 | AT176: ALS14676 | AU176: 11号楼CNC区域
B177: 助工 | C177: 徐开发 | D177: ADH3945 | E177: 44396 | F177: =(K177+G177+H177+I177-J177) -> 0 | G177: =SUMIF(积分汇总!$B:$B,C177,积分汇总!$E:$E) -> 0 | H177: =SUMIF(记录巡查问题条数汇总!$B:$B,C177,记录巡查问题条数汇总!$E:$E) -> 0 | J177: =SUMIF(安全质量事故!$B:$B,C177,安全质量事故!$G:$G) -> 0 | K177: =COUNTIF(L177:AP177,标准数据!$A$2)*标准数据!$B$2+COUNTIF(L177:AP177,标准数据!$A$3)*标准数据!$B$3+COUNTIF(L177:AP177,标准数据!$A$4)*标准数据!$B$4 -> 0 | AT177: ADH3945 | AU177: 11号楼CNC区域
B178: 助工 | C178: 张浩腾 | D178: ALS12765 | E178: 45238 | F178: =(K178+G178+H178+I178-J178) -> 0 | G178: =SUMIF(积分汇总!$B:$B,C178,积分汇总!$E:$E) -> 0 | H178: =SUMIF(记录巡查问题条数汇总!$B:$B,C178,记录巡查问题条数汇总!$E:$E) -> 0 | J178: =SUMIF(安全质量事故!$B:$B,C178,安全质量事故!$G:$G) -> 0 | K178: =COUNTIF(L178:AP178,标准数据!$A$2)*标准数据!$B$2+COUNTIF(L178:AP178,标准数据!$A$3)*标准数据!$B$3+COUNTIF(L178:AP178,标准数据!$A$4)*标准数据!$B$4 -> 0 | AT178: ALS12765 | AU178: 11号楼CNC区域
B179: 助工 | C179: 王荣齐 | D179: ALS15390 | E179: 45980 | F179: =(K179+G179+H179+I179-J179) -> 0 | G179: =SUMIF(积分汇总!$B:$B,C179,积分汇总!$E:$E) -> 0 | H179: =SUMIF(记录巡查问题条数汇总!$B:$B,C179,记录巡查问题条数汇总!$E:$E) -> 0 | J179: =SUMIF(安全质量事故!$B:$B,C179,安全质量事故!$G:$G) -> 0 | K179: =COUNTIF(L179:AP179,标准数据!$A$2)*标准数据!$B$2+COUNTIF(L179:AP179,标准数据!$A$3)*标准数据!$B$3+COUNTIF(L179:AP179,标准数据!$A$4)*标准数据!$B$4 -> 0 | AT179: ALS15390 | AU179: 11号楼CNC区域
B180: 助工 | C180: 位赛东 | D180: ALS15479 | E180: 45987 | F180: =(K180+G180+H180+I180-J180) -> 0 | G180: =SUMIF(积分汇总!$B:$B,C180,积分汇总!$E:$E) -> 0 | H180: =SUMIF(记录巡查问题条数汇总!$B:$B,C180,记录巡查问题条数汇总!$E:$E) -> 0 | J180: =SUMIF(安全质量事故!$B:$B,C180,安全质量事故!$G:$G) -> 0 | K180: =COUNTIF(L180:AP180,标准数据!$A$2)*标准数据!$B$2+COUNTIF(L180:AP180,标准数据!$A$3)*标准数据!$B$3+COUNTIF(L180:AP180,标准数据!$A$4)*标准数据!$B$4 -> 0 | AT180: ALS15479 | AU180: 11号楼CNC区域
... B208: 助工 | C208: 杜子赫 | D208: ALS15922 | E208: 46029 | F208: =(K208+G208+H208+I208-J208) -> 0 | G208: =SUMIF(积分汇总!$B:$B,C208,积分汇总!$E:$E) -> 0 | H208: =SUMIF(记录巡查问题条数汇总!$B:$B,C208,记录巡查问题条数汇总!$E:$E) -> 0 | J208: =SUMIF(安全质量事故!$B:$B,C208,安全质量事故!$G:$G) -> 0 | K208: =COUNTIF(L208:AP208,标准数据!$A$2)*标准数据!$B$2+COUNTIF(L208:AP208,标准数据!$A$3)*标准数据!$B$3+COUNTIF(L208:AP208,标准数据!$A$4)*标准数据!$B$4 -> 0 | AT208: ALS15922 | AU208: 11号楼CNC区域
B209: 助工 | C209: 李思辰 | D209: ALS15920 | E209: 46029 | F209: =(K209+G209+H209+I209-J209) -> 0 | G209: =SUMIF(积分汇总!$B:$B,C209,积分汇总!$E:$E) -> 0 | H209: =SUMIF(记录巡查问题条数汇总!$B:$B,C209,记录巡查问题条数汇总!$E:$E) -> 0 | J209: =SUMIF(安全质量事故!$B:$B,C209,安全质量事故!$G:$G) -> 0 | K209: =COUNTIF(L209:AP209,标准数据!$A$2)*标准数据!$B$2+COUNTIF(L209:AP209,标准数据!$A$3)*标准数据!$B$3+COUNTIF(L209:AP209,标准数据!$A$4)*标准数据!$B$4 -> 0 | AP209: 返校 | AT209: ALS15920 | AU209: 11号楼CNC区域
B210: 助工 | C210: 夏宇鑫 | D210: ALS15921 | E210: 46029 | F210: =(K210+G210+H210+I210-J210) -> 0 | G210: =SUMIF(积分汇总!$B:$B,C210,积分汇总!$E:$E) -> 0 | H210: =SUMIF(记录巡查问题条数汇总!$B:$B,C210,记录巡查问题条数汇总!$E:$E) -> 0 | J210: =SUMIF(安全质量事故!$B:$B,C210,安全质量事故!$G:$G) -> 0 | K210: =COUNTIF(L210:AP210,标准数据!$A$2)*标准数据!$B$2+COUNTIF(L210:AP210,标准数据!$A$3)*标准数据!$B$3+COUNTIF(L210:AP210,标准数据!$A$4)*标准数据!$B$4 -> 0 | AT210: ALS15921 | AU210: 11号楼CNC区域
B211: 操作工 | C211: 陈建军 | D211: FX2675 | E211: 42917 | F211: =(K211+G211+H211+I211-J211) -> 0 | G211: =SUMIF(积分汇总!$B:$B,C211,积分汇总!$E:$E) -> 0 | H211: =SUMIF(记录巡查问题条数汇总!$B:$B,C211,记录巡查问题条数汇总!$E:$E) -> 0 | J211: =SUMIF(安全质量事故!$B:$B,C211,安全质量事故!$G:$G) -> 0 | K211: =COUNTIF(L211:AP211,标准数据!$A$2)*标准数据!$B$2+COUNTIF(L211:AP211,标准数据!$A$3)*标准数据!$B$3+COUNTIF(L211:AP211,标准数据!$A$4)*标准数据!$B$4 -> 0 | AT211: FX2675 | AU211: 11号楼CNC区域
B212: 操作工 | C212: 汤建华 | D212: ALS14323 | E212: 45847 | F212: =(K212+G212+H212+I212-J212) -> 0 | G212: =SUMIF(积分汇总!$B:$B,C212,积分汇总!$E:$E) -> 0 | H212: =SUMIF(记录巡查问题条数汇总!$B:$B,C212,记录巡查问题条数汇总!$E:$E) -> 0 | J212: =SUMIF(安全质量事故!$B:$B,C212,安全质量事故!$G:$G) -> 0 | K212: =COUNTIF(L212:AP212,标准数据!$A$2)*标准数据!$B$2+COUNTIF(L212:AP212,标准数据!$A$3)*标准数据!$B$3+COUNTIF(L212:AP212,标准数据!$A$4)*标准数据!$B$4 -> 0 | AT212: ALS14323 | AU212: 11号楼CNC区域
B213: 操作工 | C213: 秦健凯 | D213: ALS14677 | E213: 45889 | F213: =(K213+G213+H213+I213-J213) -> 0 | G213: =SUMIF(积分汇总!$B:$B,C213,积分汇总!$E:$E) -> 0 | H213: =SUMIF(记录巡查问题条数汇总!$B:$B,C213,记录巡查问题条数汇总!$E:$E) -> 0 | J213: =SUMIF(安全质量事故!$B:$B,C213,安全质量事故!$G:$G) -> 0 | K213: =COUNTIF(L213:AP213,标准数据!$A$2)*标准数据!$B$2+COUNTIF(L213:AP213,标准数据!$A$3)*标准数据!$B$3+COUNTIF(L213:AP213,标准数据!$A$4)*标准数据!$B$4 -> 0 | AT213: ALS14677 | AU213: 11号楼CNC区域
B214: 操作工 | C214: 孙宇航 | D214: ADH3360 | E214: 44256 | F214: =(K214+G214+H214+I214-J214) -> 0 | G214: =SUMIF(积分汇总!$B:$B,C214,积分汇总!$E:$E) -> 0 | H214: =SUMIF(记录巡查问题条数汇总!$B:$B,C214,记录巡查问题条数汇总!$E:$E) -> 0 | J214: =SUMIF(安全质量事故!$B:$B,C214,安全质量事故!$G:$G) -> 0 | K214: =COUNTIF(L214:AP214,标准数据!$A$2)*标准数据!$B$2+COUNTIF(L214:AP214,标准数据!$A$3)*标准数据!$B$3+COUNTIF(L214:AP214,标准数据!$A$4)*标准数据!$B$4 -> 0 | AT214: ADH3360 | AU214: 11号楼CNC区域
B215: 操作工 | C215: 袁伟健 | D215: ALS15391 | E215: 45980 | F215: =(K215+G215+H215+I215-J215) -> 0 | G215: =SUMIF(积分汇总!$B:$B,C215,积分汇总!$E:$E) -> 0 | H215: =SUMIF(记录巡查问题条数汇总!$B:$B,C215,记录巡查问题条数汇总!$E:$E) -> 0 | J215: =SUMIF(安全质量事故!$B:$B,C215,安全质量事故!$G:$G) -> 0 | K215: =COUNTIF(L215:AP215,标准数据!$A$2)*标准数据!$B$2+COUNTIF(L215:AP215,标准数据!$A$3)*标准数据!$B$3+COUNTIF(L215:AP215,标准数据!$A$4)*标准数据!$B$4 -> 0 | AT215: ALS15391 | AU215: 11号楼CNC区域
B216: 操作工 | C216: 杨耀辉 | D216: AMM2053 | E216: 44671 | F216: =(K216+G216+H216+I216-J216) -> 0 | G216: =SUMIF(积分汇总!$B:$B,C216,积分汇总!$E:$E) -> 0 | H216: =SUMIF(记录巡查问题条数汇总!$B:$B,C216,记录巡查问题条数汇总!$E:$E) -> 0 | J216: =SUMIF(安全质量事故!$B:$B,C216,安全质量事故!$G:$G) -> 0 | K216: =COUNTIF(L216:AP216,标准数据!$A$2)*标准数据!$B$2+COUNTIF(L216:AP216,标准数据!$A$3)*标准数据!$B$3+COUNTIF(L216:AP216,标准数据!$A$4)*标准数据!$B$4 -> 0 | AT216: AMM2053 | AU216: 11号楼CNC区域
B217: 操作工 | C217: 姜晓超 | D217: ALS16463 | E217: 46127 | F217: =(K217+G217+H217+I217-J217) -> 0 | G217: =SUMIF(积分汇总!$B:$B,C217,积分汇总!$E:$E) -> 0 | H217: =SUMIF(记录巡查问题条数汇总!$B:$B,C217,记录巡查问题条数汇总!$E:$E) -> 0 | J217: =SUMIF(安全质量事故!$B:$B,C217,安全质量事故!$G:$G) -> 0 | K217: =COUNTIF(L217:AP217,标准数据!$A$2)*标准数据!$B$2+COUNTIF(L217:AP217,标准数据!$A$3)*标准数据!$B$3+COUNTIF(L217:AP217,标准数据!$A$4)*标准数据!$B$4 -> 0 | AT217: ALS16463 | AU217: 11号楼CNC区域
B218: 操作工 | C218: 刘阳 | D218: ALS16296 | E218: 46120 | F218: =(K218+G218+H218+I218-J218) -> 0 | G218: =SUMIF(积分汇总!$B:$B,C218,积分汇总!$E:$E) -> 0 | H218: =SUMIF(记录巡查问题条数汇总!$B:$B,C218,记录巡查问题条数汇总!$E:$E) -> 0 | J218: =SUMIF(安全质量事故!$B:$B,C218,安全质量事故!$G:$G) -> 0 | K218: =COUNTIF(L218:AP218,标准数据!$A$2)*标准数据!$B$2+COUNTIF(L218:AP218,标准数据!$A$3)*标准数据!$B$3+COUNTIF(L218:AP218,标准数据!$A$4)*标准数据!$B$4 -> 0 | AT218: ALS16296 | AU218: 11号楼CNC区域
B219: 操作工 | C219: 刘涛 | D219: ALS16299 | E219: 46120 | F219: =(K219+G219+H219+I219-J219) -> 0 | G219: =SUMIF(积分汇总!$B:$B,C219,积分汇总!$E:$E) -> 0 | H219: =SUMIF(记录巡查问题条数汇总!$B:$B,C219,记录巡查问题条数汇总!$E:$E) -> 0 | J219: =SUMIF(安全质量事故!$B:$B,C219,安全质量事故!$G:$G) -> 0 | K219: =COUNTIF(L219:AP219,标准数据!$A$2)*标准数据!$B$2+COUNTIF(L219:AP219,标准数据!$A$3)*标准数据!$B$3+COUNTIF(L219:AP219,标准数据!$A$4)*标准数据!$B$4 -> 0 | AT219: ALS16299 | AU219: 11号楼CNC区域
B220: 操作工 | C220: 樊宇康 | D220: ALS16300 | E220: 46120 | F220: =(K220+G220+H220+I220-J220) -> 0 | G220: =SUMIF(积分汇总!$B:$B,C220,积分汇总!$E:$E) -> 0 | H220: =SUMIF(记录巡查问题条数汇总!$B:$B,C220,记录巡查问题条数汇总!$E:$E) -> 0 | J220: =SUMIF(安全质量事故!$B:$B,C220,安全质量事故!$G:$G) -> 0 | K220: =COUNTIF(L220:AP220,标准数据!$A$2)*标准数据!$B$2+COUNTIF(L220:AP220,标准数据!$A$3)*标准数据!$B$3+COUNTIF(L220:AP220,标准数据!$A$4)*标准数据!$B$4 -> 0 | AT220: ALS16300 | AU220: 11号楼CNC区域
B221: 操作工 | C221: 李岩泽 | D221: ALS16551 | E221: 46134 | F221: =(K221+G221+H221+I221-J221) -> 0 | G221: =SUMIF(积分汇总!$B:$B,C221,积分汇总!$E:$E) -> 0 | H221: =SUMIF(记录巡查问题条数汇总!$B:$B,C221,记录巡查问题条数汇总!$E:$E) -> 0 | J221: =SUMIF(安全质量事故!$B:$B,C221,安全质量事故!$G:$G) -> 0 | K221: =COUNTIF(L221:AP221,标准数据!$A$2)*标准数据!$B$2+COUNTIF(L221:AP221,标准数据!$A$3)*标准数据!$B$3+COUNTIF(L221:AP221,标准数据!$A$4)*标准数据!$B$4 -> 0 | AT221: ALS16551 | AU221: 11号楼CNC区域
... B226: 操作工 | C226: 魏松林 | D226: ALS15389 | E226: 45980 | F226: =(K226+G226+H226+I226-J226) -> 0 | G226: =SUMIF(积分汇总!$B:$B,C226,积分汇总!$E:$E) -> 0 | H226: =SUMIF(记录巡查问题条数汇总!$B:$B,C226,记录巡查问题条数汇总!$E:$E) -> 0 | J226: =SUMIF(安全质量事故!$B:$B,C226,安全质量事故!$G:$G) -> 0 | K226: =COUNTIF(L226:AP226,标准数据!$A$2)*标准数据!$B$2+COUNTIF(L226:AP226,标准数据!$A$3)*标准数据!$B$3+COUNTIF(L226:AP226,标准数据!$A$4)*标准数据!$B$4 -> 0 | AT226: ALS15389 | AU226: 11号楼CNC区域
A227: 11号楼D级车间 | B227: 工程师 | C227: 祝华权 | D227: LFX127 | E227: 43661 | F227: =(K227+G227+H227+I227-J227) -> 0 | G227: =SUMIF(积分汇总!$B:$B,C227,积分汇总!$E:$E) -> 0 | H227: =SUMIF(记录巡查问题条数汇总!$B:$B,C227,记录巡查问题条数汇总!$E:$E) -> 0 | J227: =SUMIF(安全质量事故!$B:$B,C227,安全质量事故!$G:$G) -> 0 | K227: =COUNTIF(L227:AP227,标准数据!$A$2)*标准数据!$B$2+COUNTIF(L227:AP227,标准数据!$A$3)*标准数据!$B$3+COUNTIF(L227:AP227,标准数据!$A$4)*标准数据!$B$4 -> 0 | AQ227: 11号楼D级车间“a、b、c”分布情况 | AT227: LFX127 | AU227: 11号楼D级区域
B228: 工程师 | C228: 马垠 | D228: ALS15866 | E228: 46029 | F228: =(K228+G228+H228+I228-J228) -> 0 | G228: =SUMIF(积分汇总!$B:$B,C228,积分汇总!$E:$E) -> 0 | H228: =SUMIF(记录巡查问题条数汇总!$B:$B,C228,记录巡查问题条数汇总!$E:$E) -> 0 | J228: =SUMIF(安全质量事故!$B:$B,C228,安全质量事故!$G:$G) -> 0 | K228: =COUNTIF(L228:AP228,标准数据!$A$2)*标准数据!$B$2+COUNTIF(L228:AP228,标准数据!$A$3)*标准数据!$B$3+COUNTIF(L228:AP228,标准数据!$A$4)*标准数据!$B$4 -> 0 | AQ228: “a”占比 | AR228: “b”占比 | AS228: “c”占比 | AT228: ALS15866 | AU228: 11号楼D级区域
B229: 班长 | C229: 窦惠鹏 | D229: ALS13117 | E229: 45483 | F229: =(K229+G229+H229+I229-J229) -> 0 | G229: =SUMIF(积分汇总!$B:$B,C229,积分汇总!$E:$E) -> 0 | H229: =SUMIF(记录巡查问题条数汇总!$B:$B,C229,记录巡查问题条数汇总!$E:$E) -> 0 | J229: =SUMIF(安全质量事故!$B:$B,C229,安全质量事故!$G:$G) -> 0 | K229: =COUNTIF(L229:AP229,标准数据!$A$2)*标准数据!$B$2+COUNTIF(L229:AP229,标准数据!$A$3)*标准数据!$B$3+COUNTIF(L229:AP229,标准数据!$A$4)*标准数据!$B$4 -> 0 | AQ229: =COUNTIF($L$227:$AP$298,"a") -> 0 | AR229: =COUNTIF($L$227:$AP$298,"b") -> 0 | AS229: =COUNTIF($L$227:$AP$298,"c") -> 0 | AT229: ALS13117 | AU229: 11号楼D级区域
B230: 班长 | C230: 杨欢（ALS8494） | D230: ALS8494 | E230: 44489 | F230: =(K230+G230+H230+I230-J230) -> 0 | G230: =SUMIF(积分汇总!$B:$B,C230,积分汇总!$E:$E) -> 0 | H230: =SUMIF(记录巡查问题条数汇总!$B:$B,C230,记录巡查问题条数汇总!$E:$E) -> 0 | J230: =SUMIF(安全质量事故!$B:$B,C230,安全质量事故!$G:$G) -> 0 | K230: =COUNTIF(L230:AP230,标准数据!$A$2)*标准数据!$B$2+COUNTIF(L230:AP230,标准数据!$A$3)*标准数据!$B$3+COUNTIF(L230:AP230,标准数据!$A$4)*标准数据!$B$4 -> 0 | AQ230: =AQ229/($AQ$229+$AR$229+$AS$229) -> #DIV/0! | AR230: =AR229/($AQ$229+$AR$229+$AS$229) -> #DIV/0! | AS230: =AS229/($AQ$229+$AR$229+$AS$229) -> #DIV/0! | AT230: ALS8494 | AU230: 11号楼D级区域
B231: 班长 | C231: 金浩 | D231: LFX888 | E231: 44753 | F231: =(K231+G231+H231+I231-J231) -> 0 | G231: =SUMIF(积分汇总!$B:$B,C231,积分汇总!$E:$E) -> 0 | H231: =SUMIF(记录巡查问题条数汇总!$B:$B,C231,记录巡查问题条数汇总!$E:$E) -> 0 | J231: =SUMIF(安全质量事故!$B:$B,C231,安全质量事故!$G:$G) -> 0 | K231: =COUNTIF(L231:AP231,标准数据!$A$2)*标准数据!$B$2+COUNTIF(L231:AP231,标准数据!$A$3)*标准数据!$B$3+COUNTIF(L231:AP231,标准数据!$A$4)*标准数据!$B$4 -> 0 | AT231: LFX888 | AU231: 11号楼D级区域
B232: 班长 | C232: 王涵 | D232: ALS11785 | E232: 45000 | F232: =(K232+G232+H232+I232-J232) -> 0 | G232: =SUMIF(积分汇总!$B:$B,C232,积分汇总!$E:$E) -> 0 | H232: =SUMIF(记录巡查问题条数汇总!$B:$B,C232,记录巡查问题条数汇总!$E:$E) -> 0 | J232: =SUMIF(安全质量事故!$B:$B,C232,安全质量事故!$G:$G) -> 0 | K232: =COUNTIF(L232:AP232,标准数据!$A$2)*标准数据!$B$2+COUNTIF(L232:AP232,标准数据!$A$3)*标准数据!$B$3+COUNTIF(L232:AP232,标准数据!$A$4)*标准数据!$B$4 -> 0 | AT232: ALS11785 | AU232: 11号楼D级区域
B233: 助工 | C233: 董浩波 | D233: ALS12806 | E233: 45245 | F233: =(K233+G233+H233+I233-J233) -> 0 | G233: =SUMIF(积分汇总!$B:$B,C233,积分汇总!$E:$E) -> 0 | H233: =SUMIF(记录巡查问题条数汇总!$B:$B,C233,记录巡查问题条数汇总!$E:$E) -> 0 | J233: =SUMIF(安全质量事故!$B:$B,C233,安全质量事故!$G:$G) -> 0 | K233: =COUNTIF(L233:AP233,标准数据!$A$2)*标准数据!$B$2+COUNTIF(L233:AP233,标准数据!$A$3)*标准数据!$B$3+COUNTIF(L233:AP233,标准数据!$A$4)*标准数据!$B$4 -> 0 | AT233: ALS12806 | AU233: 11号楼D级区域
B234: 助工 | C234: 张睿尧 | D234: ALS12615 | E234: 45194 | F234: =(K234+G234+H234+I234-J234) -> 0 | G234: =SUMIF(积分汇总!$B:$B,C234,积分汇总!$E:$E) -> 0 | H234: =SUMIF(记录巡查问题条数汇总!$B:$B,C234,记录巡查问题条数汇总!$E:$E) -> 0 | J234: =SUMIF(安全质量事故!$B:$B,C234,安全质量事故!$G:$G) -> 0 | K234: =COUNTIF(L234:AP234,标准数据!$A$2)*标准数据!$B$2+COUNTIF(L234:AP234,标准数据!$A$3)*标准数据!$B$3+COUNTIF(L234:AP234,标准数据!$A$4)*标准数据!$B$4 -> 0 | AT234: ALS12615 | AU234: 11号楼D级区域
B235: 助工 | C235: 冯东升 | D235: ALS12804 | E235: 45245 | F235: =(K235+G235+H235+I235-J235) -> 0 | G235: =SUMIF(积分汇总!$B:$B,C235,积分汇总!$E:$E) -> 0 | H235: =SUMIF(记录巡查问题条数汇总!$B:$B,C235,记录巡查问题条数汇总!$E:$E) -> 0 | J235: =SUMIF(安全质量事故!$B:$B,C235,安全质量事故!$G:$G) -> 0 | K235: =COUNTIF(L235:AP235,标准数据!$A$2)*标准数据!$B$2+COUNTIF(L235:AP235,标准数据!$A$3)*标准数据!$B$3+COUNTIF(L235:AP235,标准数据!$A$4)*标准数据!$B$4 -> 0 | AT235: ALS12804 | AU235: 11号楼D级区域
B236: 助工 | C236: 边凤鹏 | D236: ALS13028 | E236: 45469 | F236: =(K236+G236+H236+I236-J236) -> 0 | G236: =SUMIF(积分汇总!$B:$B,C236,积分汇总!$E:$E) -> 0 | H236: =SUMIF(记录巡查问题条数汇总!$B:$B,C236,记录巡查问题条数汇总!$E:$E) -> 0 | J236: =SUMIF(安全质量事故!$B:$B,C236,安全质量事故!$G:$G) -> 0 | K236: =COUNTIF(L236:AP236,标准数据!$A$2)*标准数据!$B$2+COUNTIF(L236:AP236,标准数据!$A$3)*标准数据!$B$3+COUNTIF(L236:AP236,标准数据!$A$4)*标准数据!$B$4 -> 0 | AT236: ALS13028 | AU236: 11号楼D级区域
B237: 助工 | C237: 宋武 | D237: ALS13544 | E237: 45586 | F237: =(K237+G237+H237+I237-J237) -> 0 | G237: =SUMIF(积分汇总!$B:$B,C237,积分汇总!$E:$E) -> 0 | H237: =SUMIF(记录巡查问题条数汇总!$B:$B,C237,记录巡查问题条数汇总!$E:$E) -> 0 | J237: =SUMIF(安全质量事故!$B:$B,C237,安全质量事故!$G:$G) -> 0 | K237: =COUNTIF(L237:AP237,标准数据!$A$2)*标准数据!$B$2+COUNTIF(L237:AP237,标准数据!$A$3)*标准数据!$B$3+COUNTIF(L237:AP237,标准数据!$A$4)*标准数据!$B$4 -> 0 | AT237: ALS13544 | AU237: 11号楼D级区域
B238: 助工 | C238: 田雨 | D238: ALS13570 | E238: 45595 | F238: =(K238+G238+H238+I238-J238) -> 0 | G238: =SUMIF(积分汇总!$B:$B,C238,积分汇总!$E:$E) -> 0 | H238: =SUMIF(记录巡查问题条数汇总!$B:$B,C238,记录巡查问题条数汇总!$E:$E) -> 0 | J238: =SUMIF(安全质量事故!$B:$B,C238,安全质量事故!$G:$G) -> 0 | K238: =COUNTIF(L238:AP238,标准数据!$A$2)*标准数据!$B$2+COUNTIF(L238:AP238,标准数据!$A$3)*标准数据!$B$3+COUNTIF(L238:AP238,标准数据!$A$4)*标准数据!$B$4 -> 0 | AT238: ALS13570 | AU238: 11号楼D级区域
B239: 助工 | C239: 吴秉泽 | D239: ALS13587 | E239: 45600 | F239: =(K239+G239+H239+I239-J239) -> 0 | G239: =SUMIF(积分汇总!$B:$B,C239,积分汇总!$E:$E) -> 0 | H239: =SUMIF(记录巡查问题条数汇总!$B:$B,C239,记录巡查问题条数汇总!$E:$E) -> 0 | J239: =SUMIF(安全质量事故!$B:$B,C239,安全质量事故!$G:$G) -> 0 | K239: =COUNTIF(L239:AP239,标准数据!$A$2)*标准数据!$B$2+COUNTIF(L239:AP239,标准数据!$A$3)*标准数据!$B$3+COUNTIF(L239:AP239,标准数据!$A$4)*标准数据!$B$4 -> 0 | AT239: ALS13587 | AU239: 11号楼D级区域
B240: 助工 | C240: 刘健 | D240: ALS13618 | E240: 45609 | F240: =(K240+G240+H240+I240-J240) -> 0 | G240: =SUMIF(积分汇总!$B:$B,C240,积分汇总!$E:$E) -> 0 | H240: =SUMIF(记录巡查问题条数汇总!$B:$B,C240,记录巡查问题条数汇总!$E:$E) -> 0 | J240: =SUMIF(安全质量事故!$B:$B,C240,安全质量事故!$G:$G) -> 0 | K240: =COUNTIF(L240:AP240,标准数据!$A$2)*标准数据!$B$2+COUNTIF(L240:AP240,标准数据!$A$3)*标准数据!$B$3+COUNTIF(L240:AP240,标准数据!$A$4)*标准数据!$B$4 -> 0 | AT240: ALS13618 | AU240: 11号楼D级区域
B241: 助工 | C241: 王彬 | D241: ALS13694 | E241: 45635 | F241: =(K241+G241+H241+I241-J241) -> 0 | G241: =SUMIF(积分汇总!$B:$B,C241,积分汇总!$E:$E) -> 0 | H241: =SUMIF(记录巡查问题条数汇总!$B:$B,C241,记录巡查问题条数汇总!$E:$E) -> 0 | J241: =SUMIF(安全质量事故!$B:$B,C241,安全质量事故!$G:$G) -> 0 | K241: =COUNTIF(L241:AP241,标准数据!$A$2)*标准数据!$B$2+COUNTIF(L241:AP241,标准数据!$A$3)*标准数据!$B$3+COUNTIF(L241:AP241,标准数据!$A$4)*标准数据!$B$4 -> 0 | AT241: ALS13694 | AU241: 11号楼D级区域
B242: 助工 | C242: 刘鸿瑞 | D242: ALS8031 | E242: 44396 | F242: =(K242+G242+H242+I242-J242) -> 0 | G242: =SUMIF(积分汇总!$B:$B,C242,积分汇总!$E:$E) -> 0 | H242: =SUMIF(记录巡查问题条数汇总!$B:$B,C242,记录巡查问题条数汇总!$E:$E) -> 0 | J242: =SUMIF(安全质量事故!$B:$B,C242,安全质量事故!$G:$G) -> 0 | K242: =COUNTIF(L242:AP242,标准数据!$A$2)*标准数据!$B$2+COUNTIF(L242:AP242,标准数据!$A$3)*标准数据!$B$3+COUNTIF(L242:AP242,标准数据!$A$4)*标准数据!$B$4 -> 0 | AT242: ALS8031 | AU242: 11号楼D级区域
... B270: 助工 | C270: 王学政 | D270: ALS16505 | E270: 46132 | F270: =(K270+G270+H270+I270-J270) -> 0 | G270: =SUMIF(积分汇总!$B:$B,C270,积分汇总!$E:$E) -> 0 | H270: =SUMIF(记录巡查问题条数汇总!$B:$B,C270,记录巡查问题条数汇总!$E:$E) -> 0 | J270: =SUMIF(安全质量事故!$B:$B,C270,安全质量事故!$G:$G) -> 0 | K270: =COUNTIF(L270:AP270,标准数据!$A$2)*标准数据!$B$2+COUNTIF(L270:AP270,标准数据!$A$3)*标准数据!$B$3+COUNTIF(L270:AP270,标准数据!$A$4)*标准数据!$B$4 -> 0 | AT270: ALS16505 | AU270: 11号楼D级区域
B271: 助工 | C271: 杜余洋 | D271: ALS16546 | E271: 46134 | F271: =(K271+G271+H271+I271-J271) -> 0 | G271: =SUMIF(积分汇总!$B:$B,C271,积分汇总!$E:$E) -> 0 | H271: =SUMIF(记录巡查问题条数汇总!$B:$B,C271,记录巡查问题条数汇总!$E:$E) -> 0 | J271: =SUMIF(安全质量事故!$B:$B,C271,安全质量事故!$G:$G) -> 0 | K271: =COUNTIF(L271:AP271,标准数据!$A$2)*标准数据!$B$2+COUNTIF(L271:AP271,标准数据!$A$3)*标准数据!$B$3+COUNTIF(L271:AP271,标准数据!$A$4)*标准数据!$B$4 -> 0 | AQ271: 2026/06/29离职 | AT271: ALS16546 | AU271: 11号楼D级区域
B272: 助工 | C272: 王晨雨 | D272: ALS16536 | E272: 46134 | F272: =(K272+G272+H272+I272-J272) -> 0 | G272: =SUMIF(积分汇总!$B:$B,C272,积分汇总!$E:$E) -> 0 | H272: =SUMIF(记录巡查问题条数汇总!$B:$B,C272,记录巡查问题条数汇总!$E:$E) -> 0 | J272: =SUMIF(安全质量事故!$B:$B,C272,安全质量事故!$G:$G) -> 0 | K272: =COUNTIF(L272:AP272,标准数据!$A$2)*标准数据!$B$2+COUNTIF(L272:AP272,标准数据!$A$3)*标准数据!$B$3+COUNTIF(L272:AP272,标准数据!$A$4)*标准数据!$B$4 -> 0 | AT272: ALS16536 | AU272: 11号楼D级区域
B273: 助工 | C273: 刘伟东 | D273: ALS16611 | E273: 46139 | F273: =(K273+G273+H273+I273-J273) -> 0 | G273: =SUMIF(积分汇总!$B:$B,C273,积分汇总!$E:$E) -> 0 | H273: =SUMIF(记录巡查问题条数汇总!$B:$B,C273,记录巡查问题条数汇总!$E:$E) -> 0 | J273: =SUMIF(安全质量事故!$B:$B,C273,安全质量事故!$G:$G) -> 0 | K273: =COUNTIF(L273:AP273,标准数据!$A$2)*标准数据!$B$2+COUNTIF(L273:AP273,标准数据!$A$3)*标准数据!$B$3+COUNTIF(L273:AP273,标准数据!$A$4)*标准数据!$B$4 -> 0 | AT273: ALS16611 | AU273: 13号楼（11号楼委培）
B274: 助工 | C274: 徐文凯 | D274: ALS16612 | E274: 46139 | F274: =(K274+G274+H274+I274-J274) -> 0 | G274: =SUMIF(积分汇总!$B:$B,C274,积分汇总!$E:$E) -> 0 | H274: =SUMIF(记录巡查问题条数汇总!$B:$B,C274,记录巡查问题条数汇总!$E:$E) -> 0 | J274: =SUMIF(安全质量事故!$B:$B,C274,安全质量事故!$G:$G) -> 0 | K274: =COUNTIF(L274:AP274,标准数据!$A$2)*标准数据!$B$2+COUNTIF(L274:AP274,标准数据!$A$3)*标准数据!$B$3+COUNTIF(L274:AP274,标准数据!$A$4)*标准数据!$B$4 -> 0 | AT274: ALS16612 | AU274: 13号楼（11号楼委培）
B275: 助工 | C275: 倪敬松 | D275: ALS16842 | E275: 46155 | F275: =(K275+G275+H275+I275-J275) -> 0 | G275: =SUMIF(积分汇总!$B:$B,C275,积分汇总!$E:$E) -> 0 | H275: =SUMIF(记录巡查问题条数汇总!$B:$B,C275,记录巡查问题条数汇总!$E:$E) -> 0 | J275: =SUMIF(安全质量事故!$B:$B,C275,安全质量事故!$G:$G) -> 0 | K275: =COUNTIF(L275:AP275,标准数据!$A$2)*标准数据!$B$2+COUNTIF(L275:AP275,标准数据!$A$3)*标准数据!$B$3+COUNTIF(L275:AP275,标准数据!$A$4)*标准数据!$B$4 -> 0 | AT275: ALS16842 | AU275: 13号楼（11号楼委培）
B276: 助工 | C276: 李泉 | D276: ALS14766 | E276: 45901 | F276: =(K276+G276+H276+I276-J276) -> 0 | G276: =SUMIF(积分汇总!$B:$B,C276,积分汇总!$E:$E) -> 0 | H276: =SUMIF(记录巡查问题条数汇总!$B:$B,C276,记录巡查问题条数汇总!$E:$E) -> 0 | J276: =SUMIF(安全质量事故!$B:$B,C276,安全质量事故!$G:$G) -> 0 | K276: =COUNTIF(L276:AP276,标准数据!$A$2)*标准数据!$B$2+COUNTIF(L276:AP276,标准数据!$A$3)*标准数据!$B$3+COUNTIF(L276:AP276,标准数据!$A$4)*标准数据!$B$4 -> 0 | AT276: ALS14766 | AU276: 12号楼（11号楼委培）
B277: 助工 | C277: 肖宏 | D277: ALS15995 | E277: 46043 | F277: =(K277+G277+H277+I277-J277) -> 0 | G277: =SUMIF(积分汇总!$B:$B,C277,积分汇总!$E:$E) -> 0 | H277: =SUMIF(记录巡查问题条数汇总!$B:$B,C277,记录巡查问题条数汇总!$E:$E) -> 0 | J277: =SUMIF(安全质量事故!$B:$B,C277,安全质量事故!$G:$G) -> 0 | K277: =COUNTIF(L277:AP277,标准数据!$A$2)*标准数据!$B$2+COUNTIF(L277:AP277,标准数据!$A$3)*标准数据!$B$3+COUNTIF(L277:AP277,标准数据!$A$4)*标准数据!$B$4 -> 0 | AQ277: TJ3委培结束，2026/06/05返回TJ4 | AT277: ALS15995 | AU277: 11号楼D级区域
B278: 助工 | C278: 毕帅博 | D278: ALS16016 | E278: 46050 | F278: =(K278+G278+H278+I278-J278) -> 0 | G278: =SUMIF(积分汇总!$B:$B,C278,积分汇总!$E:$E) -> 0 | H278: =SUMIF(记录巡查问题条数汇总!$B:$B,C278,记录巡查问题条数汇总!$E:$E) -> 0 | J278: =SUMIF(安全质量事故!$B:$B,C278,安全质量事故!$G:$G) -> 0 | K278: =COUNTIF(L278:AP278,标准数据!$A$2)*标准数据!$B$2+COUNTIF(L278:AP278,标准数据!$A$3)*标准数据!$B$3+COUNTIF(L278:AP278,标准数据!$A$4)*标准数据!$B$4 -> 0 | AQ278: TJ3委培结束，2026/06/05返回TJ4 | AT278: ALS16016 | AU278: 11号楼D级区域
B279: 助工 | C279: 李子信 | D279: ALS16015 | E279: 46050 | F279: =(K279+G279+H279+I279-J279) -> 0 | G279: =SUMIF(积分汇总!$B:$B,C279,积分汇总!$E:$E) -> 0 | H279: =SUMIF(记录巡查问题条数汇总!$B:$B,C279,记录巡查问题条数汇总!$E:$E) -> 0 | J279: =SUMIF(安全质量事故!$B:$B,C279,安全质量事故!$G:$G) -> 0 | K279: =COUNTIF(L279:AP279,标准数据!$A$2)*标准数据!$B$2+COUNTIF(L279:AP279,标准数据!$A$3)*标准数据!$B$3+COUNTIF(L279:AP279,标准数据!$A$4)*标准数据!$B$4 -> 0 | AQ279: TJ3委培结束，2026/06/05返回TJ4 | AT279: ALS16015 | AU279: 11号楼D级区域
B280: 助工 | C280: 徐通通 | D280: ALS17309 | E280: 46188 | F280: =(K280+G280+H280+I280-J280) -> 0 | G280: =SUMIF(积分汇总!$B:$B,C280,积分汇总!$E:$E) -> 0 | H280: =SUMIF(记录巡查问题条数汇总!$B:$B,C280,记录巡查问题条数汇总!$E:$E) -> 0 | J280: =SUMIF(安全质量事故!$B:$B,C280,安全质量事故!$G:$G) -> 0 | K280: =COUNTIF(L280:AP280,标准数据!$A$2)*标准数据!$B$2+COUNTIF(L280:AP280,标准数据!$A$3)*标准数据!$B$3+COUNTIF(L280:AP280,标准数据!$A$4)*标准数据!$B$4 -> 0 | AT280: ALS17309 | AU280: 11号楼D级区域
B281: 助工 | C281: 杨周杰 | D281: ALS17310 | E281: 46188 | F281: =(K281+G281+H281+I281-J281) -> 0 | G281: =SUMIF(积分汇总!$B:$B,C281,积分汇总!$E:$E) -> 0 | H281: =SUMIF(记录巡查问题条数汇总!$B:$B,C281,记录巡查问题条数汇总!$E:$E) -> 0 | J281: =SUMIF(安全质量事故!$B:$B,C281,安全质量事故!$G:$G) -> 0 | K281: =COUNTIF(L281:AP281,标准数据!$A$2)*标准数据!$B$2+COUNTIF(L281:AP281,标准数据!$A$3)*标准数据!$B$3+COUNTIF(L281:AP281,标准数据!$A$4)*标准数据!$B$4 -> 0 | AT281: ALS17310 | AU281: 11号楼D级区域
B282: 助工 | C282: 张黄睿俣 | D282: ALS17307 | E282: 46188 | F282: =(K282+G282+H282+I282-J282) -> 0 | G282: =SUMIF(积分汇总!$B:$B,C282,积分汇总!$E:$E) -> 0 | H282: =SUMIF(记录巡查问题条数汇总!$B:$B,C282,记录巡查问题条数汇总!$E:$E) -> 0 | J282: =SUMIF(安全质量事故!$B:$B,C282,安全质量事故!$G:$G) -> 0 | K282: =COUNTIF(L282:AP282,标准数据!$A$2)*标准数据!$B$2+COUNTIF(L282:AP282,标准数据!$A$3)*标准数据!$B$3+COUNTIF(L282:AP282,标准数据!$A$4)*标准数据!$B$4 -> 0 | AT282: ALS17307 | AU282: 11号楼D级区域
B283: 助工 | C283: 张晗旭 | D283: ALS17311 | E283: 46188 | F283: =(K283+G283+H283+I283-J283) -> 0 | G283: =SUMIF(积分汇总!$B:$B,C283,积分汇总!$E:$E) -> 0 | H283: =SUMIF(记录巡查问题条数汇总!$B:$B,C283,记录巡查问题条数汇总!$E:$E) -> 0 | J283: =SUMIF(安全质量事故!$B:$B,C283,安全质量事故!$G:$G) -> 0 | K283: =COUNTIF(L283:AP283,标准数据!$A$2)*标准数据!$B$2+COUNTIF(L283:AP283,标准数据!$A$3)*标准数据!$B$3+COUNTIF(L283:AP283,标准数据!$A$4)*标准数据!$B$4 -> 0 | AT283: ALS17311 | AU283: 11号楼D级区域
B284: 操作工 | C284: 王青松 | D284: ALS13438 | E284: 45546 | F284: =(K284+G284+H284+I284-J284) -> 0 | G284: =SUMIF(积分汇总!$B:$B,C284,积分汇总!$E:$E) -> 0 | H284: =SUMIF(记录巡查问题条数汇总!$B:$B,C284,记录巡查问题条数汇总!$E:$E) -> 0 | J284: =SUMIF(安全质量事故!$B:$B,C284,安全质量事故!$G:$G) -> 0 | K284: =COUNTIF(L284:AP284,标准数据!$A$2)*标准数据!$B$2+COUNTIF(L284:AP284,标准数据!$A$3)*标准数据!$B$3+COUNTIF(L284:AP284,标准数据!$A$4)*标准数据!$B$4 -> 0 | AT284: ALS13438 | AU284: 11号楼D级区域
B285: 操作工 | C285: 王硕 | D285: ALS14324 | E285: 45847 | F285: =(K285+G285+H285+I285-J285) -> 0 | G285: =SUMIF(积分汇总!$B:$B,C285,积分汇总!$E:$E) -> 0 | H285: =SUMIF(记录巡查问题条数汇总!$B:$B,C285,记录巡查问题条数汇总!$E:$E) -> 0 | J285: =SUMIF(安全质量事故!$B:$B,C285,安全质量事故!$G:$G) -> 0 | K285: =COUNTIF(L285:AP285,标准数据!$A$2)*标准数据!$B$2+COUNTIF(L285:AP285,标准数据!$A$3)*标准数据!$B$3+COUNTIF(L285:AP285,标准数据!$A$4)*标准数据!$B$4 -> 0 | AT285: ALS14324 | AU285: 11号楼D级区域
B286: 操作工 | C286: 庞通 | D286: ALS13510 | E286: 45574 | F286: =(K286+G286+H286+I286-J286) -> 0 | G286: =SUMIF(积分汇总!$B:$B,C286,积分汇总!$E:$E) -> 0 | H286: =SUMIF(记录巡查问题条数汇总!$B:$B,C286,记录巡查问题条数汇总!$E:$E) -> 0 | J286: =SUMIF(安全质量事故!$B:$B,C286,安全质量事故!$G:$G) -> 0 | K286: =COUNTIF(L286:AP286,标准数据!$A$2)*标准数据!$B$2+COUNTIF(L286:AP286,标准数据!$A$3)*标准数据!$B$3+COUNTIF(L286:AP286,标准数据!$A$4)*标准数据!$B$4 -> 0 | AT286: ALS13510 | AU286: 11号楼D级区域
B287: 操作工 | C287: 刘鑫宇 | D287: ALS13513 | E287: 45574 | F287: =(K287+G287+H287+I287-J287) -> 0 | G287: =SUMIF(积分汇总!$B:$B,C287,积分汇总!$E:$E) -> 0 | H287: =SUMIF(记录巡查问题条数汇总!$B:$B,C287,记录巡查问题条数汇总!$E:$E) -> 0 | J287: =SUMIF(安全质量事故!$B:$B,C287,安全质量事故!$G:$G) -> 0 | K287: =COUNTIF(L287:AP287,标准数据!$A$2)*标准数据!$B$2+COUNTIF(L287:AP287,标准数据!$A$3)*标准数据!$B$3+COUNTIF(L287:AP287,标准数据!$A$4)*标准数据!$B$4 -> 0 | AP287: 休病假 | AT287: ALS13513 | AU287: 11号楼
B288: 操作工 | C288: 曹瀚文 | D288: ALS12772 | E288: 45238 | F288: =(K288+G288+H288+I288-J288) -> 0 | G288: =SUMIF(积分汇总!$B:$B,C288,积分汇总!$E:$E) -> 0 | H288: =SUMIF(记录巡查问题条数汇总!$B:$B,C288,记录巡查问题条数汇总!$E:$E) -> 0 | J288: =SUMIF(安全质量事故!$B:$B,C288,安全质量事故!$G:$G) -> 0 | K288: =COUNTIF(L288:AP288,标准数据!$A$2)*标准数据!$B$2+COUNTIF(L288:AP288,标准数据!$A$3)*标准数据!$B$3+COUNTIF(L288:AP288,标准数据!$A$4)*标准数据!$B$4 -> 0 | AT288: ALS12772 | AU288: 11号楼D级区域
...

Sheet 复核人
A1: 4#楼1&2车间：田志勇 | B1: 刘其琛
A2: 4#楼3&4车间： 刘磊
A3: 4号楼制备组：皮轶杰
A4: 11#楼CNC车间：门学友 | B4: 杜永宝
A5: 11#楼D级区：梁光强/李晓刚
A6: 5号楼：冯恩利 | B6: 魏鹏
A7: 12号楼：代海鑫 | B7: 姜彬
A8: 验证组 / DCS / 电子设备维护 / 合规&培训 ： 刘亚南 | B8: 刘亚南
A9: 环保设备设施 ：刘文龙 | B9: 刘文龙
A10: 外围/罐区/泵房：赵艳春/吴宗璇
A11: 清洗组： 陈正兴
A12: 安全组 | B12: 李国清
A13: 生产技术转移组（辅料&毒素连接体） | B13: 刘其琛
A14: 生产技术转移组（多肽） | B14: 蔡森
A15: 13号楼 | B15: 李子凯

Sheet 说明
A1: 数据提供人 | B1: 安全质量奖 | C1: 一线人员sheet | D1: 副主任sheet
B2: 4#楼1&2车间： | C2: 田志勇 | D2: 刘其琛
B3: 4#楼3&4车间： | C3: 刘磊
B4: 11#楼CNC车间： | C4: 门学友 | D4: 杜永宝
B5: 11#楼D级区： | C5: 梁光强
B6: 5号楼： | C6: 冯恩利 | D6: 魏鹏
B7: 12号楼： | C7: 代海鑫 | D7: 姜彬
B8: 验证组 / DCS / 电子设备维护 / 合规&培训 ： | C8: 刘亚南 | D8: 刘亚南
B9: 环保设备设施 ： | C9: 刘文龙
B10: 外围/罐区/泵房： | C10: 赵艳春
B11: 清洗组： | C11: 陈正兴
B12: 安全组 | D12: 李国清
A13: 汇总说明
A14: 1 | B14: 月末或者月初整理安全质量奖，一线人员sheet和副主任sheet人员用员工编号与月底的人员明细表核对，删除离职的，补充新入职的人员；将日期修改后，内容清空，发给对应提报人，提供评价
A15: 2 | B15: 副主任级别sheet，添加好后面的设备使用率及对应挡位，钉钉发给对应该管理人员，问挡位是否有调整
A16: 3 | B16: 调生产设备部的不用管，调实验室的备注，调TJ1的加到TJ1核算表中

Sheet 积分汇总
A1: 积分汇总
A2: 车间 | B2: 姓名 | C2: 违规 | D2: 奖励 | E2: 积分合计 | F2: 备注
E3: =C3+D3 -> 0
E4: =C4+D4 -> 0
E5: =C5+D5 -> 0
E6: =C6+D6 -> 0
E7: =C7+D7 -> 0
E8: =C8+D8 -> 0
E9: =C9+D9 -> 0
E10: =C10+D10 -> 0
E11: =C11+D11 -> 0
E12: =C12+D12 -> 0
E13: =C13+D13 -> 0
E14: =C14+D14 -> 0
... E48: =C48+D48 -> 0
C49: =SUM(C3:C48) -> 0 | D49: =SUM(D3:D48) -> 0 | E49: =C49+D49 -> 0

Sheet 安全质量事故
A1: 车间 | B1: 责任人 | C1: 来源类别 | D1: 编号 | E1: 事故描述 | F1: 奖惩结果 | G1: 奖金扣除

Sheet 记录巡查问题条数汇总
A1: 车间 | B1: 姓名 | C1: 巡查条数汇总 | D1: 积分 | E1: 安全质量奖扣款

Sheet 标准数据
A1: 档位 | B1: 标准奖金 | C1: 人员占比
A2: A | B2: 35 | C2: 0.2
A3: B | B3: 15 | C3: 0.6
A4: C | B4: -5 | C4: 0.2
A10: 有API项目生产时，进入API工作的人员安全质量奖额外增加200元.
A11: >> 仅限一线人员(助工).
